지점명,지점 주소,지역,수집일시
강동성내점,서울 강동구 성안로 103 지하 1층,서울,2026-06-16 21:49
분당수내역점,경기 성남시 분당구 수내동 19-3 지하 1층,경기,2026-06-16 21:49
마천역점,서울 송파구 마천로41길 25 B1,서울,2026-06-16 21:49
암사역점,"서울 강동구 올림픽로98길 8 지하 1층, 지하 2",서울,2026-06-16 21:49
수원역점,경기 수원시 권선구 세화로 118 1층 ~ 3층,경기,2026-06-16 21:49
쌍문점,서울 도봉구 도봉로 555 LG베스트샵 쌍문본점 3층,서울,2026-06-16 21:49
스페이스마켓1호점,서울 금천구 시흥동 789-21 원앙하우스 2F,서울,2026-06-16 21:49
부산동래역점,"부산 동래구 충렬대로 152 1층 101호, 102호",부산,2026-06-16 21:49
김포파인스타점,경기 김포시 걸포2로 83 지하 1층,경기,2026-06-16 21:49
시흥장현점,경기 시흥시 장현서4길 34 1층,경기,2026-06-16 21:49
수원서둔동점,경기 수원시 권선구 상탑로 119 1층,경기,2026-06-16 21:49
거여초점,서울 송파구 오금동 119-4 지하 1층,서울,2026-06-16 21:49
창원경상대병원점,경남 창원시 성산구 삼정자로51번길 7 지하 1층 104호,경남,2026-06-16 21:49
속초중앙점,강원특별자치도 속초시 중앙로 96 지하 2층,강원특별자치도,2026-06-16 21:49
상봉역점,서울 중랑구 면목로92라길 2 월디움상봉 지하 1층 101호,서울,2026-06-16 21:49
서초방배점,서울 서초구 방배로6길 13 배영빌딩 지하 1층,서울,2026-06-16 21:49
판교점,경기 성남시 수정구 대왕판교로 812 지하 1층,경기,2026-06-16 21:49
병점역점,경기 화성시 경기대로 1014 202-1호,경기,2026-06-16 21:49
화성봉담점,경기 화성시 효행구 봉담읍 동화리 600-3 파크프라자 504호,경기,2026-06-16 21:49
용인동백점,경기 용인시 기흥구 동백중앙로 283 D동 403호,경기,2026-06-16 21:49
인천구월동점,인천 남동구 인주대로 747 지하 1층,인천,2026-06-16 21:49
해운대장산역점,부산 해운대구 세실로 64 화목데파트 지하 1층 163호,부산,2026-06-16 21:49
삼송역점,경기 고양시 덕양구 동송로 30 MBN스튜디오 지하 1층 105,경기,2026-06-16 21:49
선정릉역점,서울 강남구 선릉로 577 CR TOWER 지하 1층,서울,2026-06-16 21:49
인덕원점,경기 안양시 동안구 시민대로365번길 40 동일테크노타운 C동 지하1층 3010호,경기,2026-06-16 21:49
새절역점,서울 은평구 응암동 600-2 남창빌딩 2층,서울,2026-06-16 21:49
덕성여대점,서울 강북구 삼양로 486 2층,서울,2026-06-16 21:49
창동역점,서울 도봉구 마들로11길 57 5층 501호,서울,2026-06-16 21:49
망포점,"경기 화성시 영통로60번길 7 지하 1층 134호, 135호",경기,2026-06-16 21:49
고덕역점,서울 강동구 동남로73길 26 고덕복합빌딩 지하 1층,서울,2026-06-16 21:49
낙성대역점,서울 관악구 남부순환로 1933 제이더블유타워 지하2층,서울,2026-06-16 21:49
운서역점,인천 중구 영종대로 166 지상 2층 222호 / 223호,인천,2026-06-16 21:49
외대점,서울 동대문구 이문로 94 지하1층,서울,2026-06-16 21:49
동대문리마크빌,서울 중구 다산로 258 4층 - 21층 전체,서울,2026-06-16 21:49
중탑사거리점,경기 성남시 분당구 장미로140번길 3-13 1층,경기,2026-06-16 21:49
합정역점,서울 마포구 양화로10길 37 지하 2층,서울,2026-06-16 21:49
향동점,경기 고양시 덕양구 향동로 201 8층 ,경기,2026-06-16 21:49
부평삼산점,인천 부평구 충선로209번길 13 3층 311,인천,2026-06-16 21:49
송도센텀점,인천 연수구 송도동 30-6 더샵송도센텀하이브 오피스 A동 2512~2513호,인천,2026-06-16 21:49
김포마산점,경기 김포시 김포한강7로22번길 174-123 1층,경기,2026-06-16 21:49
상동역점,경기 부천시 원미구 상동 538-7 3층 305호,경기,2026-06-16 21:49
보문역점,서울 성북구 보문로 75 스텔라153오피스텔 B01호,서울,2026-06-16 21:49
동탄호수공원점,경기 화성시 동탄순환대로12길 8 3층,경기,2026-06-16 21:49
송도테크노파크점,인천 연수구 송도과학로16번길 13-18 건원 테크노 큐브 B1,인천,2026-06-16 21:49
종각역점,서울 중구 다동 85 B104호,서울,2026-06-16 21:49
이수사당점,서울 동작구 동작대로23길 7 엘리지움 지하 1층 101호,서울,2026-06-16 21:49
광교역점,"경기 수원시 영통구 이의동 1256-4 지하 1층 L103호, L104호",경기,2026-06-16 21:49
김포풍무점,"경기 김포시 풍무로 128  2층, 213, 213-1호",경기,2026-06-16 21:49
노량진역점,서울 동작구 노량진동 125-14 지하 1층,서울,2026-06-16 21:49
수원경희대점,경기 수원시 영통구 영일로6번길 49 2층 201,경기,2026-06-16 21:49
부평구청역점,인천 부평구 갈산동 381 지하 1층,인천,2026-06-16 21:49
청량리역점,서울 동대문구 왕산로 186 우남SL타워300 401호,서울,2026-06-16 21:49
수원영통점,경기 수원시 영통구 영통로 237 에이스하이앤드타워 지하4층 402호 ~ 409,경기,2026-06-16 21:49
올림픽공원점,서울 송파구 백제고분로 505 B1 층 ,서울,2026-06-16 21:49
암사동점,서울 강동구 암사동 456 지하 1층,서울,2026-06-16 21:49
서울대벤처타운역점,서울 관악구 신림로17길 86 지하 1층,서울,2026-06-16 21:49
독산현대지식산업센터점,서울 금천구 독산동 291-1 현대지식산업센터 B동 14층,서울,2026-06-16 21:49
송내역점,경기 부천시 원미구 상동 407-1 대양훼미리코아 B1 제102호,경기,2026-06-16 21:49
부산연산점,부산 연제구 반송로 89 2층,부산,2026-06-16 21:49
염창로보점,서울 강서구 공항대로71길 19 로보사옥 지하 2층,서울,2026-06-16 21:49
평택캠프험프리스점,경기 평택시 팽성읍 팽성대교길 165 2층,경기,2026-06-16 21:49
여수시청점,전남 여수시 시청서3길 14 1층,전남,2026-06-16 21:49
용인죽전점,경기 용인시 수지구 현암로 135 베스트프라자 6층 602호,경기,2026-06-16 21:49
수유2호점,서울 강북구 도봉로71가길 45 씨엘블루 지하1층 102호,서울,2026-06-16 21:49
수원곡반정점,경기 수원시 권선구 곡반정동 552-8 곡반정동빌딩,경기,2026-06-16 21:49
연수점,인천 연수구 새말로 6 2층 204호,인천,2026-06-16 21:49
이랜드 PEER 대명,대구 남구 명덕로 142 이랜드 PEER 대명 1단지 지하 2층,대구,2026-06-16 21:49
세마역점,"경기 오산시 독산성로 425 더퍼스트타워세교 B101호, B102호",경기,2026-06-16 21:49
대전용문역점,대전 서구 괴정동 423-4 5층 507호,대전,2026-06-16 21:49
이랜드 PEER 둔산,대전 서구 한밭대로 817 이랜드 PEER 둔산 지하 1층,대전,2026-06-16 21:49
철산점,경기 광명시 시청로 50 철산역 롯데캐슬 & SK VIEW 클래스티지 지하 1층,경기,2026-06-16 21:49
부천역점,"경기 부천시 소사구 경인로 261-1 2,3,4,5 층",경기,2026-06-16 21:49
청주복대점,충북 청주시 흥덕구 복대로 179 메디포스빌딩 502호,충북,2026-06-16 21:49
안양만안점,경기 안양시 만안구 덕천로152번길 25 안양아이에스비즈타워 B동 B2,경기,2026-06-16 21:49
면목역점,서울 중랑구 겸재로42길 24 지하 1층 101호,서울,2026-06-16 21:49
구로하이엔드점,"서울 구로구 디지털로26길 5 지하 1층 B103, B103-1호",서울,2026-06-16 21:49
오금역점,서울 송파구 가락동 16-18 지하 1층,서울,2026-06-16 21:49
신논현역점,서울 서초구 강남대로 483 B1,서울,2026-06-16 21:49
황학아크로타워점,서울 중구 황학동 2523 396호,서울,2026-06-16 21:49
DMC역공항철도점,서울 마포구 성암로 지하 184 디지털미디어시티 역사 내 지하 1층,서울,2026-06-16 21:49
김포양촌점,"경기 김포시 양촌읍 석모1로187번길 22 1층,2층 / '명진산업' 건너편 건물",경기,2026-06-16 21:49
도림천역점,"서울 영등포구 선유로3길 10 하우스디비즈, 9층 901호",서울,2026-06-16 21:49
기흥서천점,경기 용인시 기흥구 농서동 455 2층 220호,경기,2026-06-16 21:49
중랑역점,서울 중랑구 중랑천로14길 48 더샤이닝오피스텔 지하 1층 B02호,서울,2026-06-16 21:49
동탄IX타워점,경기 화성시 동탄첨단산업1로 27 지하 1층 129,경기,2026-06-16 21:49
성남은행동점,경기 성남시 중원구 은행동 672 3층,경기,2026-06-16 21:49
송도3호점,인천 연수구 컨벤시아대로42번길 21 지하 1층 106 ~ 107호,인천,2026-06-16 21:49
가산디지털단지역점,서울 금천구 가산디지털2로 136 승일벤처타워 2층 205호,서울,2026-06-16 21:49
이수역사거리점,서울 서초구 방배동 3001-1 지하 3층,서울,2026-06-16 21:49
구로STX-W타워점,서울 구로구 구로동 615-3 STX-W타워 16층 1604호,서울,2026-06-16 21:49
성산점,서울 마포구 성산동 81-50 지하 1층,서울,2026-06-16 21:49
청라점,인천 서구 청라한내로 82 광영스너그시티청라 2층 216호,인천,2026-06-16 21:49
시흥은계점,경기 시흥시 은행고길 2 3층,경기,2026-06-16 21:49
군자역7번출구점,서울 광진구 군자로 184 지하 1층,서울,2026-06-16 21:49
삼성역점,서울 강남구 영동대로 421 삼탄빌딩 지하 2층,서울,2026-06-16 21:49
동수원사거리점,경기 수원시 팔달구 중부대로 96-19 1층,경기,2026-06-16 21:49
동탄테크노밸리점,"경기 화성시 동탄대로 676 힐스테이트동탄역멀티플라이어 2층 210호, 211호",경기,2026-06-16 21:49
광명소하점,경기 광명시 소하로 190 지하 1층 G103호,경기,2026-06-16 21:49
황학롯데캐슬점,서울 중구 청계천로 400 롯데캐슬베네치아 메가몰동 2층 2085호,서울,2026-06-16 21:49
염창한강점,"서울 강서구 양천로 738 한강G트리타워 지하1층 B104, B105호",서울,2026-06-16 21:49
중화동점,"서울 중랑구 동일로136가길 33 반지하 103호, 104호, 105호",서울,2026-06-16 21:49
세종호수공원점,세종특별자치시 갈매로 363 B1층 111호,세종특별자치시,2026-06-16 21:49
부산명지점,부산 강서구 명지국제1로 56-2 제이티프라자 4층 400호,부산,2026-06-16 21:49
문정한림예고점,"서울 송파구 충민로 181 209호, 210호",서울,2026-06-16 21:49
교대역점,서울 서초구 법원로2길 7-4 B203호,서울,2026-06-16 21:49
양재도곡점,서울 강남구 도곡동 924-5 지하 1층,서울,2026-06-16 21:49
명학역점,경기 안양시 만안구 안양로 110 B101호,경기,2026-06-16 21:49
성수역 2호점,서울 성동구 성수동2가 284-124 성수CF타워 B206호,서울,2026-06-16 21:49
수원인계점,경기 수원시 팔달구 효원로 303 B1,경기,2026-06-16 21:49
화곡점,서울 강서구 화곡로 329 지하 1층,서울,2026-06-16 21:49
강서구청점,서울 강서구 화곡동 1118-2 지하 1층,서울,2026-06-16 21:49
수원아주대점,경기 수원시 영통구 매탄동 102-30 3층,경기,2026-06-16 21:49
한성대점,서울 성북구 삼선교로16길 35 B1,서울,2026-06-16 21:49
김포운양동점,경기 김포시 운양동 1431-2 301호,경기,2026-06-16 21:49
개포점,서울 강남구 개포동 1212-1 2층,서울,2026-06-16 21:49
노원역점,서울 노원구 상계로 51 지하 1층,서울,2026-06-16 21:49
태릉입구역점,서울 중랑구 동일로 964 에릭슨시스템 1층,서울,2026-06-16 21:49
서수원터미널점,경기 수원시 권선구 일월천로 6 2층,경기,2026-06-16 21:49
부산중앙역점,부산 중구 중앙대로 87 1층,부산,2026-06-16 21:49
과천중앙점,경기 과천시 새술막길 39 KT과천스마트타워 지하 1층,경기,2026-06-16 21:49
구로디지털단지역점,서울 관악구 조원로 5-14 B1층 전체,서울,2026-06-16 21:49
강동역점,서울 강동구 성안로 119-9 B1,서울,2026-06-16 21:49
김포구래점,경기 김포시 김포한강9로75번길 66 국제프라자 304호,경기,2026-06-16 21:49
사평역점,서울 서초구 사평대로 지하 285 역사 내 지하 임대상가 2,서울,2026-06-16 21:49
신월동점,서울 양천구 중앙로 349 지하 2층,서울,2026-06-16 21:49
일산벨라시타점,경기 고양시 일산동구 강송로 33 벨라시타 지하3층,경기,2026-06-16 21:49
선유도역점,서울 영등포구 양평로 116-1 선유테라피스타워 지하 1층,서울,2026-06-16 21:49
면목동우체국점,서울 중랑구 면목로 344 2층,서울,2026-06-16 21:49
야탑역점,경기 성남시 분당구 성남대로925번길 16 성남고속버스터미널 B1,경기,2026-06-16 21:49
양재역점,서울 서초구 강남대로37길 23 지하 1층,서울,2026-06-16 21:49
상암DMC점,서울 마포구 월드컵북로54길 11 B1,서울,2026-06-16 21:49
일산대화역점,경기 고양시 일산서구 중앙로 1557 삼운트루아오피스텔 B101호,경기,2026-06-16 21:49
가산아스크타워점,"서울 금천구 디지털로10길 37 B102호, B103호, B104호",서울,2026-06-16 21:49
대치2호점,서울 강남구 대치동 916-70 UBC1 지하 1층,서울,2026-06-16 21:49
건대점,서울 광진구 능동로 165-1 프라하임오피스텔 B1,서울,2026-06-16 21:49
거여역점,서울 송파구 오금로 461,서울,2026-06-16 21:49
부산일광역점,부산 기장군 일광읍 해송4로 16 에코테라스 2층 210호 ,부산,2026-06-16 21:49
대전정부청사역점,대전 서구 청사로 136 대전무역회관 B1,대전,2026-06-16 21:49
역삼국기원점,서울 강남구 테헤란로13길 12 B1,서울,2026-06-16 21:49
뚝섬역점,"서울 성동구 왕십리로6길 38 삼부빌라 A동 B02-B03호, B동 B02-B03호",서울,2026-06-16 21:49
신대방삼거리역점,서울 동작구 국사봉1길 18 상진빌딩 지하1층,서울,2026-06-16 21:49
용산점,서울 용산구 원효로 210-30 (신계동) B2,서울,2026-06-16 21:49
학동역점,서울 강남구 학동로 203 (논현동) B1,서울,2026-06-16 21:49
답십리역점,"서울 동대문구 고미술로 71 현대썬앤빌 청계 지하 1층 B102호, B103호",서울,2026-06-16 21:49
롯데월드점,서울 송파구 올림픽로 240 (잠실동) 롯데월드 웰빙센터 8F,서울,2026-06-16 21:49
공덕역2호점,서울 마포구 마포대로 86 창강빌딩 B1,서울,2026-06-16 21:49
인천만수점,인천 남동구 만수로 43 5층,인천,2026-06-16 21:49
일산이마트점,경기 고양시 일산동구 중앙로 1124 이마트 일산점 1F,경기,2026-06-16 21:49
역삼테헤란점,서울 강남구 언주로 428 B2,서울,2026-06-16 21:49
서현점,경기 성남시 분당구 수내로 39 분당 지웰푸르지오 B1,경기,2026-06-16 21:49
권선롯데마트점,경기 수원시 권선구 동수원로 232 롯데마트 3F,경기,2026-06-16 21:49
킨텍스역점,경기 고양시 일산서구 대화동 2603 1층 201호,경기,2026-06-16 21:49
구로역점,서울 구로구 구로중앙로 134 리치몰 B1,서울,2026-06-16 21:49
강동캐슬점,서울 강동구 고덕로 133 (암사동) 롯데캐슬퍼스트 종합상가 B1,서울,2026-06-16 21:49
목동점,서울 양천구 목동동로 411 B1,서울,2026-06-16 21:49
논현역점,서울 강남구 강남대로 566 신영와코루빌딩 B1,서울,2026-06-16 21:49
하남스타필드점,경기 하남시 하남대로776번길 53-5 4층,경기,2026-06-16 21:49
둔촌동역점,서울 강동구 양재대로91나길 37 B01-B02호,서울,2026-06-16 21:49
광나루점,서울 광진구 아차산로 635  워커힐아파트 상가 2층(지상연결),서울,2026-06-16 21:49
파주교하점,경기 파주시 청석로 272 센타프라자 7층 702호,경기,2026-06-16 21:49
성수백영점,"서울 성동구 성수일로 56 지하2층 4,5,6,7호 4개 호실",서울,2026-06-16 21:49
동탄점,경기 화성시 동탄영천로 150 동탄실리콘앨리 지하3층,경기,2026-06-16 21:49
풍납점,서울 송파구 올림픽로47길 9-10 광진빌라 B01호,서울,2026-06-16 21:49
명일동점,서울 강동구 상암로 266 (명일동) 1F,서울,2026-06-16 21:49
남위례역점,경기 성남시 수정구 위례서일로 26 B1,경기,2026-06-16 21:49
잠실점,서울 송파구 삼학사로 47 B1,서울,2026-06-16 21:49
미사역점,경기 하남시 미사강변남로 125 B2,경기,2026-06-16 21:49
이수역점,서울 동작구 동작대로 81 B1,서울,2026-06-16 21:49
영등포시장점,서울 영등포구 영등포로 208 뉴포트빌딩 B1,서울,2026-06-16 21:49
코엑스점,서울 강남구 영동대로 513 (삼성동) B1,서울,2026-06-16 21:49
공덕역점,서울 마포구 새창로 7 B1,서울,2026-06-16 21:49
대구CGV점,대구 북구 침산로 93 4F,대구,2026-06-16 21:49
가산점,서울 금천구 가산디지털2로 14 1F,서울,2026-06-16 21:49
한남점,서울 용산구 독서당로 85 B3,서울,2026-06-16 21:49
장안점,서울 동대문구 장한로 52 B1,서울,2026-06-16 21:49
역삼점,서울 강남구 역삼로 124 B1,서울,2026-06-16 21:49
부천옥길점,경기 부천시 소사구 양지로 237 광양프런티어밸리 5차 지식산업센터 B1,경기,2026-06-16 21:49
안산시청점,경기 안산시 단원구 고잔로 54 6F,경기,2026-06-16 21:49
왕십리역점,서울 성동구 고산자로14길 26 B2,서울,2026-06-16 21:49
대치점,서울 강남구 영동대로 302 B1,서울,2026-06-16 21:49
부평시장역점,인천 부평구 부흥로 264 동아웰빙타운 5F,인천,2026-06-16 21:49
목동2호점,서울 양천구 목동로 234 4F,서울,2026-06-16 21:49
문래역점,서울 영등포구 선유로 70 우리벤처타운2 B2,서울,2026-06-16 21:49
가든파이브점,서울 송파구 충민로 10 가든파이브툴 B1,서울,2026-06-16 21:49
인천서창점,인천 남동구 서창남로 69 스타프라자 2F,인천,2026-06-16 21:49
을지로점,서울 중구 청계천로 100 시그니처타워 서관 B1,서울,2026-06-16 21:49
구리갈매점,경기 구리시 갈매순환로166번길 45 4F,경기,2026-06-16 21:49
평촌CGV점,경기 안양시 동안구 관평로170번길 33 9F,경기,2026-06-16 21:49
방학CGV점,서울 도봉구 도봉로 684 8F,서울,2026-06-16 21:49
용산원효점,서울 용산구 원효로 134 B1,서울,2026-06-16 21:49
불광역점,서울 은평구 진흥로 148 참솔빌딩 6F,서울,2026-06-16 21:49
마곡역점,서울 강서구 공항대로 212 B1,서울,2026-06-16 21:49
군자역점,서울 광진구 능동로 245 DH빌딩 B1,서울,2026-06-16 21:49
서울숲2호점,"서울 성동구 서울숲2길 32-14 (성수동1가, 갤러리아 포레) 갤러리아포레 B3",서울,2026-06-16 21:49
가양점,서울 강서구 양천로 424 B3,서울,2026-06-16 21:49
수유역점,서울 강북구 노해로8길 16 우암센스뷰 B1,서울,2026-06-16 21:49
송도점,인천 연수구 아트센터대로168번길 101 송도랜드마크 푸르지오시티 201호,인천,2026-06-16 21:49
등촌점,서울 강서구 공항대로 447 2F,서울,2026-06-16 21:49
시청역점,서울 중구 서소문로 95 B1,서울,2026-06-16 21:49
강남역점,서울 강남구 테헤란로8길 41 NSB B1,서울,2026-06-16 21:49
성수역점,서울 성동구 아차산로 126 B7,서울,2026-06-16 21:49
주엽역점,경기 고양시 일산서구 주엽로 150 자유프라자 5F,경기,2026-06-16 21:49
단대오거리점,경기 성남시 수정구 공원로 322 2F,경기,2026-06-16 21:49
상도점,서울 동작구 만양로 17 TOP 빌딩 B1,서울,2026-06-16 21:49
서울대입구역점,서울 관악구 봉천로 450-1 B1,서울,2026-06-16 21:49
서울숲점,"서울 성동구 서울숲2길 32-14 (성수동1가, 갤러리아 포레) 갤러리아포레 B3",서울,2026-06-16 21:49
서초점,서울 서초구 반포대로 59 선흥빌딩 B1,서울,2026-06-16 21:49
독산점,서울 구로구 디지털로 235 B1,서울,2026-06-16 21:49
오목교점,서울 영등포구 영등포로 21 (양평동2가) B1,서울,2026-06-16 21:49
청담점,서울 강남구 영동대로 720 (청담동) B1,서울,2026-06-16 21:49
선릉역점,서울 강남구 테헤란로 420 KT 선릉타워 WEST B1,서울,2026-06-16 21:49
대학로점,"서울 종로구 창경궁로 253-7 (명륜2가, 어젤리아 명륜2) B1",서울,2026-06-16 21:49
휘문고점,서울 강남구 역삼로 542 신사 S&G빌딩 B1,서울,2026-06-16 21:49
