period,keyword_group,group_purpose,keywords,search_ratio,start_date,end_date,time_unit,collected_at
2025-05-26,KW1_공간대여_수요,공간 대여에 대한 수요가 있는지 확인하기 위함,"기숙사 짐보관, 이사 짐보관, 미니창고 대여, 셀프스토리지, 원룸 짐보관, 자취방 짐보관",66.14368,2025-05-26,2026-06-19,week,2026-06-19 14:37:50
2025-06-02,KW1_공간대여_수요,공간 대여에 대한 수요가 있는지 확인하기 위함,"기숙사 짐보관, 이사 짐보관, 미니창고 대여, 셀프스토리지, 원룸 짐보관, 자취방 짐보관",67.75392,2025-05-26,2026-06-19,week,2026-06-19 14:37:50
2025-06-09,KW1_공간대여_수요,공간 대여에 대한 수요가 있는지 확인하기 위함,"기숙사 짐보관, 이사 짐보관, 미니창고 대여, 셀프스토리지, 원룸 짐보관, 자취방 짐보관",79.19075,2025-05-26,2026-06-19,week,2026-06-19 14:37:50
2025-06-16,KW1_공간대여_수요,공간 대여에 대한 수요가 있는지 확인하기 위함,"기숙사 짐보관, 이사 짐보관, 미니창고 대여, 셀프스토리지, 원룸 짐보관, 자취방 짐보관",91.08175,2025-05-26,2026-06-19,week,2026-06-19 14:37:50
2025-06-23,KW1_공간대여_수요,공간 대여에 대한 수요가 있는지 확인하기 위함,"기숙사 짐보관, 이사 짐보관, 미니창고 대여, 셀프스토리지, 원룸 짐보관, 자취방 짐보관",74.36003,2025-05-26,2026-06-19,week,2026-06-19 14:37:50
2025-06-30,KW1_공간대여_수요,공간 대여에 대한 수요가 있는지 확인하기 위함,"기숙사 짐보관, 이사 짐보관, 미니창고 대여, 셀프스토리지, 원룸 짐보관, 자취방 짐보관",77.9521,2025-05-26,2026-06-19,week,2026-06-19 14:37:50
2025-07-07,KW1_공간대여_수요,공간 대여에 대한 수요가 있는지 확인하기 위함,"기숙사 짐보관, 이사 짐보관, 미니창고 대여, 셀프스토리지, 원룸 짐보관, 자취방 짐보관",72.79108,2025-05-26,2026-06-19,week,2026-06-19 14:37:50
2025-07-14,KW1_공간대여_수요,공간 대여에 대한 수요가 있는지 확인하기 위함,"기숙사 짐보관, 이사 짐보관, 미니창고 대여, 셀프스토리지, 원룸 짐보관, 자취방 짐보관",66.88687,2025-05-26,2026-06-19,week,2026-06-19 14:37:50
2025-07-21,KW1_공간대여_수요,공간 대여에 대한 수요가 있는지 확인하기 위함,"기숙사 짐보관, 이사 짐보관, 미니창고 대여, 셀프스토리지, 원룸 짐보관, 자취방 짐보관",66.14368,2025-05-26,2026-06-19,week,2026-06-19 14:37:50
2025-07-28,KW1_공간대여_수요,공간 대여에 대한 수요가 있는지 확인하기 위함,"기숙사 짐보관, 이사 짐보관, 미니창고 대여, 셀프스토리지, 원룸 짐보관, 자취방 짐보관",60.28075,2025-05-26,2026-06-19,week,2026-06-19 14:37:50
2025-08-04,KW1_공간대여_수요,공간 대여에 대한 수요가 있는지 확인하기 위함,"기숙사 짐보관, 이사 짐보관, 미니창고 대여, 셀프스토리지, 원룸 짐보관, 자취방 짐보관",68.74483,2025-05-26,2026-06-19,week,2026-06-19 14:37:50
2025-08-11,KW1_공간대여_수요,공간 대여에 대한 수요가 있는지 확인하기 위함,"기숙사 짐보관, 이사 짐보관, 미니창고 대여, 셀프스토리지, 원룸 짐보관, 자취방 짐보관",59.00082,2025-05-26,2026-06-19,week,2026-06-19 14:37:50
2025-08-18,KW1_공간대여_수요,공간 대여에 대한 수요가 있는지 확인하기 위함,"기숙사 짐보관, 이사 짐보관, 미니창고 대여, 셀프스토리지, 원룸 짐보관, 자취방 짐보관",64.73988,2025-05-26,2026-06-19,week,2026-06-19 14:37:50
2025-08-25,KW1_공간대여_수요,공간 대여에 대한 수요가 있는지 확인하기 위함,"기숙사 짐보관, 이사 짐보관, 미니창고 대여, 셀프스토리지, 원룸 짐보관, 자취방 짐보관",68.41453,2025-05-26,2026-06-19,week,2026-06-19 14:37:50
2025-09-01,KW1_공간대여_수요,공간 대여에 대한 수요가 있는지 확인하기 위함,"기숙사 짐보관, 이사 짐보관, 미니창고 대여, 셀프스토리지, 원룸 짐보관, 자취방 짐보관",70.56151,2025-05-26,2026-06-19,week,2026-06-19 14:37:50
2025-09-08,KW1_공간대여_수요,공간 대여에 대한 수요가 있는지 확인하기 위함,"기숙사 짐보관, 이사 짐보관, 미니창고 대여, 셀프스토리지, 원룸 짐보관, 자취방 짐보관",65.64822,2025-05-26,2026-06-19,week,2026-06-19 14:37:50
2025-09-15,KW1_공간대여_수요,공간 대여에 대한 수요가 있는지 확인하기 위함,"기숙사 짐보관, 이사 짐보관, 미니창고 대여, 셀프스토리지, 원룸 짐보관, 자취방 짐보관",62.84062,2025-05-26,2026-06-19,week,2026-06-19 14:37:50
2025-09-22,KW1_공간대여_수요,공간 대여에 대한 수요가 있는지 확인하기 위함,"기숙사 짐보관, 이사 짐보관, 미니창고 대여, 셀프스토리지, 원룸 짐보관, 자취방 짐보관",63.6251,2025-05-26,2026-06-19,week,2026-06-19 14:37:50
2025-09-29,KW1_공간대여_수요,공간 대여에 대한 수요가 있는지 확인하기 위함,"기숙사 짐보관, 이사 짐보관, 미니창고 대여, 셀프스토리지, 원룸 짐보관, 자취방 짐보관",56.02807,2025-05-26,2026-06-19,week,2026-06-19 14:37:50
2025-10-06,KW1_공간대여_수요,공간 대여에 대한 수요가 있는지 확인하기 위함,"기숙사 짐보관, 이사 짐보관, 미니창고 대여, 셀프스토리지, 원룸 짐보관, 자취방 짐보관",46.8208,2025-05-26,2026-06-19,week,2026-06-19 14:37:50
2025-10-13,KW1_공간대여_수요,공간 대여에 대한 수요가 있는지 확인하기 위함,"기숙사 짐보관, 이사 짐보관, 미니창고 대여, 셀프스토리지, 원룸 짐보관, 자취방 짐보관",72.29562,2025-05-26,2026-06-19,week,2026-06-19 14:37:50
2025-10-20,KW1_공간대여_수요,공간 대여에 대한 수요가 있는지 확인하기 위함,"기숙사 짐보관, 이사 짐보관, 미니창고 대여, 셀프스토리지, 원룸 짐보관, 자취방 짐보관",72.41948,2025-05-26,2026-06-19,week,2026-06-19 14:37:50
2025-10-27,KW1_공간대여_수요,공간 대여에 대한 수요가 있는지 확인하기 위함,"기숙사 짐보관, 이사 짐보관, 미니창고 대여, 셀프스토리지, 원룸 짐보관, 자취방 짐보관",64.90503,2025-05-26,2026-06-19,week,2026-06-19 14:37:50
2025-11-03,KW1_공간대여_수요,공간 대여에 대한 수요가 있는지 확인하기 위함,"기숙사 짐보관, 이사 짐보관, 미니창고 대여, 셀프스토리지, 원룸 짐보관, 자취방 짐보관",68.1668,2025-05-26,2026-06-19,week,2026-06-19 14:37:50
2025-11-10,KW1_공간대여_수요,공간 대여에 대한 수요가 있는지 확인하기 위함,"기숙사 짐보관, 이사 짐보관, 미니창고 대여, 셀프스토리지, 원룸 짐보관, 자취방 짐보관",65.89595,2025-05-26,2026-06-19,week,2026-06-19 14:37:50
2025-11-17,KW1_공간대여_수요,공간 대여에 대한 수요가 있는지 확인하기 위함,"기숙사 짐보관, 이사 짐보관, 미니창고 대여, 셀프스토리지, 원룸 짐보관, 자취방 짐보관",72.37819,2025-05-26,2026-06-19,week,2026-06-19 14:37:50
2025-11-24,KW1_공간대여_수요,공간 대여에 대한 수요가 있는지 확인하기 위함,"기숙사 짐보관, 이사 짐보관, 미니창고 대여, 셀프스토리지, 원룸 짐보관, 자취방 짐보관",79.85136,2025-05-26,2026-06-19,week,2026-06-19 14:37:50
2025-12-01,KW1_공간대여_수요,공간 대여에 대한 수요가 있는지 확인하기 위함,"기숙사 짐보관, 이사 짐보관, 미니창고 대여, 셀프스토리지, 원룸 짐보관, 자취방 짐보관",68.33195,2025-05-26,2026-06-19,week,2026-06-19 14:37:50
2025-12-08,KW1_공간대여_수요,공간 대여에 대한 수요가 있는지 확인하기 위함,"기숙사 짐보관, 이사 짐보관, 미니창고 대여, 셀프스토리지, 원룸 짐보관, 자취방 짐보관",70.93311,2025-05-26,2026-06-19,week,2026-06-19 14:37:50
2025-12-15,KW1_공간대여_수요,공간 대여에 대한 수요가 있는지 확인하기 위함,"기숙사 짐보관, 이사 짐보관, 미니창고 대여, 셀프스토리지, 원룸 짐보관, 자취방 짐보관",74.56647,2025-05-26,2026-06-19,week,2026-06-19 14:37:50
2025-12-22,KW1_공간대여_수요,공간 대여에 대한 수요가 있는지 확인하기 위함,"기숙사 짐보관, 이사 짐보관, 미니창고 대여, 셀프스토리지, 원룸 짐보관, 자취방 짐보관",54.12881,2025-05-26,2026-06-19,week,2026-06-19 14:37:50
2025-12-29,KW1_공간대여_수요,공간 대여에 대한 수요가 있는지 확인하기 위함,"기숙사 짐보관, 이사 짐보관, 미니창고 대여, 셀프스토리지, 원룸 짐보관, 자취방 짐보관",55.90421,2025-05-26,2026-06-19,week,2026-06-19 14:37:50
2026-01-05,KW1_공간대여_수요,공간 대여에 대한 수요가 있는지 확인하기 위함,"기숙사 짐보관, 이사 짐보관, 미니창고 대여, 셀프스토리지, 원룸 짐보관, 자취방 짐보관",74.40132,2025-05-26,2026-06-19,week,2026-06-19 14:37:50
2026-01-12,KW1_공간대여_수요,공간 대여에 대한 수요가 있는지 확인하기 위함,"기숙사 짐보관, 이사 짐보관, 미니창고 대여, 셀프스토리지, 원룸 짐보관, 자취방 짐보관",74.19488,2025-05-26,2026-06-19,week,2026-06-19 14:37:50
2026-01-19,KW1_공간대여_수요,공간 대여에 대한 수요가 있는지 확인하기 위함,"기숙사 짐보관, 이사 짐보관, 미니창고 대여, 셀프스토리지, 원룸 짐보관, 자취방 짐보관",94.59124,2025-05-26,2026-06-19,week,2026-06-19 14:37:50
2026-01-26,KW1_공간대여_수요,공간 대여에 대한 수요가 있는지 확인하기 위함,"기숙사 짐보관, 이사 짐보관, 미니창고 대여, 셀프스토리지, 원룸 짐보관, 자취방 짐보관",83.36085,2025-05-26,2026-06-19,week,2026-06-19 14:37:50
2026-02-02,KW1_공간대여_수요,공간 대여에 대한 수요가 있는지 확인하기 위함,"기숙사 짐보관, 이사 짐보관, 미니창고 대여, 셀프스토리지, 원룸 짐보관, 자취방 짐보관",70.68538,2025-05-26,2026-06-19,week,2026-06-19 14:37:50
2026-02-09,KW1_공간대여_수요,공간 대여에 대한 수요가 있는지 확인하기 위함,"기숙사 짐보관, 이사 짐보관, 미니창고 대여, 셀프스토리지, 원룸 짐보관, 자취방 짐보관",83.64987,2025-05-26,2026-06-19,week,2026-06-19 14:37:50
2026-02-16,KW1_공간대여_수요,공간 대여에 대한 수요가 있는지 확인하기 위함,"기숙사 짐보관, 이사 짐보관, 미니창고 대여, 셀프스토리지, 원룸 짐보관, 자취방 짐보관",62.9232,2025-05-26,2026-06-19,week,2026-06-19 14:37:50
2026-02-23,KW1_공간대여_수요,공간 대여에 대한 수요가 있는지 확인하기 위함,"기숙사 짐보관, 이사 짐보관, 미니창고 대여, 셀프스토리지, 원룸 짐보관, 자취방 짐보관",72.0066,2025-05-26,2026-06-19,week,2026-06-19 14:37:50
2026-03-02,KW1_공간대여_수요,공간 대여에 대한 수요가 있는지 확인하기 위함,"기숙사 짐보관, 이사 짐보관, 미니창고 대여, 셀프스토리지, 원룸 짐보관, 자취방 짐보관",100.0,2025-05-26,2026-06-19,week,2026-06-19 14:37:50
2026-03-09,KW1_공간대여_수요,공간 대여에 대한 수요가 있는지 확인하기 위함,"기숙사 짐보관, 이사 짐보관, 미니창고 대여, 셀프스토리지, 원룸 짐보관, 자취방 짐보관",81.50289,2025-05-26,2026-06-19,week,2026-06-19 14:37:50
2026-03-16,KW1_공간대여_수요,공간 대여에 대한 수요가 있는지 확인하기 위함,"기숙사 짐보관, 이사 짐보관, 미니창고 대여, 셀프스토리지, 원룸 짐보관, 자취방 짐보관",67.17588,2025-05-26,2026-06-19,week,2026-06-19 14:37:50
2026-03-23,KW1_공간대여_수요,공간 대여에 대한 수요가 있는지 확인하기 위함,"기숙사 짐보관, 이사 짐보관, 미니창고 대여, 셀프스토리지, 원룸 짐보관, 자취방 짐보관",68.12551,2025-05-26,2026-06-19,week,2026-06-19 14:37:50
2026-03-30,KW1_공간대여_수요,공간 대여에 대한 수요가 있는지 확인하기 위함,"기숙사 짐보관, 이사 짐보관, 미니창고 대여, 셀프스토리지, 원룸 짐보관, 자취방 짐보관",67.21717,2025-05-26,2026-06-19,week,2026-06-19 14:37:50
2026-04-06,KW1_공간대여_수요,공간 대여에 대한 수요가 있는지 확인하기 위함,"기숙사 짐보관, 이사 짐보관, 미니창고 대여, 셀프스토리지, 원룸 짐보관, 자취방 짐보관",64.40957,2025-05-26,2026-06-19,week,2026-06-19 14:37:50
2026-04-13,KW1_공간대여_수요,공간 대여에 대한 수요가 있는지 확인하기 위함,"기숙사 짐보관, 이사 짐보관, 미니창고 대여, 셀프스토리지, 원룸 짐보관, 자취방 짐보관",70.56151,2025-05-26,2026-06-19,week,2026-06-19 14:37:50
2026-04-20,KW1_공간대여_수요,공간 대여에 대한 수요가 있는지 확인하기 위함,"기숙사 짐보관, 이사 짐보관, 미니창고 대여, 셀프스토리지, 원룸 짐보관, 자취방 짐보관",62.88191,2025-05-26,2026-06-19,week,2026-06-19 14:37:50
2026-04-27,KW1_공간대여_수요,공간 대여에 대한 수요가 있는지 확인하기 위함,"기숙사 짐보관, 이사 짐보관, 미니창고 대여, 셀프스토리지, 원룸 짐보관, 자취방 짐보관",57.92733,2025-05-26,2026-06-19,week,2026-06-19 14:37:50
2026-05-04,KW1_공간대여_수요,공간 대여에 대한 수요가 있는지 확인하기 위함,"기숙사 짐보관, 이사 짐보관, 미니창고 대여, 셀프스토리지, 원룸 짐보관, 자취방 짐보관",62.71676,2025-05-26,2026-06-19,week,2026-06-19 14:37:50
2026-05-11,KW1_공간대여_수요,공간 대여에 대한 수요가 있는지 확인하기 위함,"기숙사 짐보관, 이사 짐보관, 미니창고 대여, 셀프스토리지, 원룸 짐보관, 자취방 짐보관",65.07018,2025-05-26,2026-06-19,week,2026-06-19 14:37:50
2026-05-18,KW1_공간대여_수요,공간 대여에 대한 수요가 있는지 확인하기 위함,"기숙사 짐보관, 이사 짐보관, 미니창고 대여, 셀프스토리지, 원룸 짐보관, 자취방 짐보관",64.6573,2025-05-26,2026-06-19,week,2026-06-19 14:37:50
2026-05-25,KW1_공간대여_수요,공간 대여에 대한 수요가 있는지 확인하기 위함,"기숙사 짐보관, 이사 짐보관, 미니창고 대여, 셀프스토리지, 원룸 짐보관, 자취방 짐보관",67.29975,2025-05-26,2026-06-19,week,2026-06-19 14:37:50
2026-06-01,KW1_공간대여_수요,공간 대여에 대한 수요가 있는지 확인하기 위함,"기숙사 짐보관, 이사 짐보관, 미니창고 대여, 셀프스토리지, 원룸 짐보관, 자취방 짐보관",77.49793,2025-05-26,2026-06-19,week,2026-06-19 14:37:50
2026-06-08,KW1_공간대여_수요,공간 대여에 대한 수요가 있는지 확인하기 위함,"기숙사 짐보관, 이사 짐보관, 미니창고 대여, 셀프스토리지, 원룸 짐보관, 자취방 짐보관",66.92815,2025-05-26,2026-06-19,week,2026-06-19 14:37:50
2026-06-15,KW1_공간대여_수요,공간 대여에 대한 수요가 있는지 확인하기 위함,"기숙사 짐보관, 이사 짐보관, 미니창고 대여, 셀프스토리지, 원룸 짐보관, 자취방 짐보관",42.85714,2025-05-26,2026-06-19,week,2026-06-19 14:37:50
2025-05-26,KW2_공백기_존재,공백기의 존재를 확인하기 위함,"기숙사 퇴소, 방학 자취방 양도, 방학 원룸 양도, 자취방 양도, 원룸 양도, 자취방 단기임대, 원룸 단기임대",12.51032,2025-05-26,2026-06-19,week,2026-06-19 14:37:50
2025-06-02,KW2_공백기_존재,공백기의 존재를 확인하기 위함,"기숙사 퇴소, 방학 자취방 양도, 방학 원룸 양도, 자취방 양도, 원룸 양도, 자취방 단기임대, 원룸 단기임대",15.44178,2025-05-26,2026-06-19,week,2026-06-19 14:37:50
2025-06-09,KW2_공백기_존재,공백기의 존재를 확인하기 위함,"기숙사 퇴소, 방학 자취방 양도, 방학 원룸 양도, 자취방 양도, 원룸 양도, 자취방 단기임대, 원룸 단기임대",19.07514,2025-05-26,2026-06-19,week,2026-06-19 14:37:50
2025-06-16,KW2_공백기_존재,공백기의 존재를 확인하기 위함,"기숙사 퇴소, 방학 자취방 양도, 방학 원룸 양도, 자취방 양도, 원룸 양도, 자취방 단기임대, 원룸 단기임대",24.56647,2025-05-26,2026-06-19,week,2026-06-19 14:37:50
2025-06-23,KW2_공백기_존재,공백기의 존재를 확인하기 위함,"기숙사 퇴소, 방학 자취방 양도, 방학 원룸 양도, 자취방 양도, 원룸 양도, 자취방 단기임대, 원룸 단기임대",16.92815,2025-05-26,2026-06-19,week,2026-06-19 14:37:50
2025-06-30,KW2_공백기_존재,공백기의 존재를 확인하기 위함,"기숙사 퇴소, 방학 자취방 양도, 방학 원룸 양도, 자취방 양도, 원룸 양도, 자취방 단기임대, 원룸 단기임대",13.29479,2025-05-26,2026-06-19,week,2026-06-19 14:37:50
2025-07-07,KW2_공백기_존재,공백기의 존재를 확인하기 위함,"기숙사 퇴소, 방학 자취방 양도, 방학 원룸 양도, 자취방 양도, 원룸 양도, 자취방 단기임대, 원룸 단기임대",11.39554,2025-05-26,2026-06-19,week,2026-06-19 14:37:50
2025-07-14,KW2_공백기_존재,공백기의 존재를 확인하기 위함,"기숙사 퇴소, 방학 자취방 양도, 방학 원룸 양도, 자취방 양도, 원룸 양도, 자취방 단기임대, 원룸 단기임대",12.46903,2025-05-26,2026-06-19,week,2026-06-19 14:37:50
2025-07-21,KW2_공백기_존재,공백기의 존재를 확인하기 위함,"기숙사 퇴소, 방학 자취방 양도, 방학 원룸 양도, 자취방 양도, 원룸 양도, 자취방 단기임대, 원룸 단기임대",13.45995,2025-05-26,2026-06-19,week,2026-06-19 14:37:50
2025-07-28,KW2_공백기_존재,공백기의 존재를 확인하기 위함,"기숙사 퇴소, 방학 자취방 양도, 방학 원룸 양도, 자취방 양도, 원룸 양도, 자취방 단기임대, 원룸 단기임대",13.00578,2025-05-26,2026-06-19,week,2026-06-19 14:37:50
2025-08-04,KW2_공백기_존재,공백기의 존재를 확인하기 위함,"기숙사 퇴소, 방학 자취방 양도, 방학 원룸 양도, 자취방 양도, 원룸 양도, 자취방 단기임대, 원룸 단기임대",14.20313,2025-05-26,2026-06-19,week,2026-06-19 14:37:50
2025-08-11,KW2_공백기_존재,공백기의 존재를 확인하기 위함,"기숙사 퇴소, 방학 자취방 양도, 방학 원룸 양도, 자취방 양도, 원룸 양도, 자취방 단기임대, 원룸 단기임대",11.89099,2025-05-26,2026-06-19,week,2026-06-19 14:37:50
2025-08-18,KW2_공백기_존재,공백기의 존재를 확인하기 위함,"기숙사 퇴소, 방학 자취방 양도, 방학 원룸 양도, 자취방 양도, 원룸 양도, 자취방 단기임대, 원룸 단기임대",10.77621,2025-05-26,2026-06-19,week,2026-06-19 14:37:50
2025-08-25,KW2_공백기_존재,공백기의 존재를 확인하기 위함,"기숙사 퇴소, 방학 자취방 양도, 방학 원룸 양도, 자취방 양도, 원룸 양도, 자취방 단기임대, 원룸 단기임대",10.03303,2025-05-26,2026-06-19,week,2026-06-19 14:37:50
2025-09-01,KW2_공백기_존재,공백기의 존재를 확인하기 위함,"기숙사 퇴소, 방학 자취방 양도, 방학 원룸 양도, 자취방 양도, 원룸 양도, 자취방 단기임대, 원룸 단기임대",10.56977,2025-05-26,2026-06-19,week,2026-06-19 14:37:50
2025-09-08,KW2_공백기_존재,공백기의 존재를 확인하기 위함,"기숙사 퇴소, 방학 자취방 양도, 방학 원룸 양도, 자취방 양도, 원룸 양도, 자취방 단기임대, 원룸 단기임대",8.29892,2025-05-26,2026-06-19,week,2026-06-19 14:37:50
2025-09-15,KW2_공백기_존재,공백기의 존재를 확인하기 위함,"기숙사 퇴소, 방학 자취방 양도, 방학 원룸 양도, 자취방 양도, 원룸 양도, 자취방 단기임대, 원룸 단기임대",8.34021,2025-05-26,2026-06-19,week,2026-06-19 14:37:50
2025-09-22,KW2_공백기_존재,공백기의 존재를 확인하기 위함,"기숙사 퇴소, 방학 자취방 양도, 방학 원룸 양도, 자취방 양도, 원룸 양도, 자취방 단기임대, 원룸 단기임대",8.42279,2025-05-26,2026-06-19,week,2026-06-19 14:37:50
2025-09-29,KW2_공백기_존재,공백기의 존재를 확인하기 위함,"기숙사 퇴소, 방학 자취방 양도, 방학 원룸 양도, 자취방 양도, 원룸 양도, 자취방 단기임대, 원룸 단기임대",6.19322,2025-05-26,2026-06-19,week,2026-06-19 14:37:50
2025-10-06,KW2_공백기_존재,공백기의 존재를 확인하기 위함,"기숙사 퇴소, 방학 자취방 양도, 방학 원룸 양도, 자취방 양도, 원룸 양도, 자취방 단기임대, 원룸 단기임대",5.69777,2025-05-26,2026-06-19,week,2026-06-19 14:37:50
2025-10-13,KW2_공백기_존재,공백기의 존재를 확인하기 위함,"기숙사 퇴소, 방학 자취방 양도, 방학 원룸 양도, 자취방 양도, 원룸 양도, 자취방 단기임대, 원룸 단기임대",10.73492,2025-05-26,2026-06-19,week,2026-06-19 14:37:50
2025-10-20,KW2_공백기_존재,공백기의 존재를 확인하기 위함,"기숙사 퇴소, 방학 자취방 양도, 방학 원룸 양도, 자취방 양도, 원룸 양도, 자취방 단기임대, 원룸 단기임대",10.03303,2025-05-26,2026-06-19,week,2026-06-19 14:37:50
2025-10-27,KW2_공백기_존재,공백기의 존재를 확인하기 위함,"기숙사 퇴소, 방학 자취방 양도, 방학 원룸 양도, 자취방 양도, 원룸 양도, 자취방 단기임대, 원룸 단기임대",7.01899,2025-05-26,2026-06-19,week,2026-06-19 14:37:50
2025-11-03,KW2_공백기_존재,공백기의 존재를 확인하기 위함,"기숙사 퇴소, 방학 자취방 양도, 방학 원룸 양도, 자취방 양도, 원룸 양도, 자취방 단기임대, 원룸 단기임대",6.02807,2025-05-26,2026-06-19,week,2026-06-19 14:37:50
2025-11-10,KW2_공백기_존재,공백기의 존재를 확인하기 위함,"기숙사 퇴소, 방학 자취방 양도, 방학 원룸 양도, 자취방 양도, 원룸 양도, 자취방 단기임대, 원룸 단기임대",8.05119,2025-05-26,2026-06-19,week,2026-06-19 14:37:50
2025-11-17,KW2_공백기_존재,공백기의 존재를 확인하기 위함,"기숙사 퇴소, 방학 자취방 양도, 방학 원룸 양도, 자취방 양도, 원룸 양도, 자취방 단기임대, 원룸 단기임대",8.13377,2025-05-26,2026-06-19,week,2026-06-19 14:37:50
2025-11-24,KW2_공백기_존재,공백기의 존재를 확인하기 위함,"기숙사 퇴소, 방학 자취방 양도, 방학 원룸 양도, 자취방 양도, 원룸 양도, 자취방 단기임대, 원룸 단기임대",10.52848,2025-05-26,2026-06-19,week,2026-06-19 14:37:50
2025-12-01,KW2_공백기_존재,공백기의 존재를 확인하기 위함,"기숙사 퇴소, 방학 자취방 양도, 방학 원룸 양도, 자취방 양도, 원룸 양도, 자취방 단기임대, 원룸 단기임대",9.20726,2025-05-26,2026-06-19,week,2026-06-19 14:37:50
2025-12-08,KW2_공백기_존재,공백기의 존재를 확인하기 위함,"기숙사 퇴소, 방학 자취방 양도, 방학 원룸 양도, 자취방 양도, 원룸 양도, 자취방 단기임대, 원룸 단기임대",11.89099,2025-05-26,2026-06-19,week,2026-06-19 14:37:50
2025-12-15,KW2_공백기_존재,공백기의 존재를 확인하기 위함,"기숙사 퇴소, 방학 자취방 양도, 방학 원룸 양도, 자취방 양도, 원룸 양도, 자취방 단기임대, 원룸 단기임대",12.01486,2025-05-26,2026-06-19,week,2026-06-19 14:37:50
2025-12-22,KW2_공백기_존재,공백기의 존재를 확인하기 위함,"기숙사 퇴소, 방학 자취방 양도, 방학 원룸 양도, 자취방 양도, 원룸 양도, 자취방 단기임대, 원룸 단기임대",7.51445,2025-05-26,2026-06-19,week,2026-06-19 14:37:50
2025-12-29,KW2_공백기_존재,공백기의 존재를 확인하기 위함,"기숙사 퇴소, 방학 자취방 양도, 방학 원룸 양도, 자취방 양도, 원룸 양도, 자취방 단기임대, 원룸 단기임대",7.47316,2025-05-26,2026-06-19,week,2026-06-19 14:37:50
2026-01-05,KW2_공백기_존재,공백기의 존재를 확인하기 위함,"기숙사 퇴소, 방학 자취방 양도, 방학 원룸 양도, 자취방 양도, 원룸 양도, 자취방 단기임대, 원룸 단기임대",8.75309,2025-05-26,2026-06-19,week,2026-06-19 14:37:50
2026-01-12,KW2_공백기_존재,공백기의 존재를 확인하기 위함,"기숙사 퇴소, 방학 자취방 양도, 방학 원룸 양도, 자취방 양도, 원룸 양도, 자취방 단기임대, 원룸 단기임대",7.47316,2025-05-26,2026-06-19,week,2026-06-19 14:37:50
2026-01-19,KW2_공백기_존재,공백기의 존재를 확인하기 위함,"기숙사 퇴소, 방학 자취방 양도, 방학 원룸 양도, 자취방 양도, 원룸 양도, 자취방 단기임대, 원룸 단기임대",5.40875,2025-05-26,2026-06-19,week,2026-06-19 14:37:50
2026-01-26,KW2_공백기_존재,공백기의 존재를 확인하기 위함,"기숙사 퇴소, 방학 자취방 양도, 방학 원룸 양도, 자취방 양도, 원룸 양도, 자취방 단기임대, 원룸 단기임대",6.60611,2025-05-26,2026-06-19,week,2026-06-19 14:37:50
2026-02-02,KW2_공백기_존재,공백기의 존재를 확인하기 위함,"기숙사 퇴소, 방학 자취방 양도, 방학 원룸 양도, 자취방 양도, 원룸 양도, 자취방 단기임대, 원룸 단기임대",7.80346,2025-05-26,2026-06-19,week,2026-06-19 14:37:50
2026-02-09,KW2_공백기_존재,공백기의 존재를 확인하기 위함,"기숙사 퇴소, 방학 자취방 양도, 방학 원룸 양도, 자취방 양도, 원룸 양도, 자취방 단기임대, 원룸 단기임대",7.22543,2025-05-26,2026-06-19,week,2026-06-19 14:37:50
2026-02-16,KW2_공백기_존재,공백기의 존재를 확인하기 위함,"기숙사 퇴소, 방학 자취방 양도, 방학 원룸 양도, 자취방 양도, 원룸 양도, 자취방 단기임대, 원룸 단기임대",5.94549,2025-05-26,2026-06-19,week,2026-06-19 14:37:50
2026-02-23,KW2_공백기_존재,공백기의 존재를 확인하기 위함,"기숙사 퇴소, 방학 자취방 양도, 방학 원룸 양도, 자취방 양도, 원룸 양도, 자취방 단기임대, 원룸 단기임대",7.80346,2025-05-26,2026-06-19,week,2026-06-19 14:37:50
2026-03-02,KW2_공백기_존재,공백기의 존재를 확인하기 위함,"기숙사 퇴소, 방학 자취방 양도, 방학 원룸 양도, 자취방 양도, 원룸 양도, 자취방 단기임대, 원룸 단기임대",11.31296,2025-05-26,2026-06-19,week,2026-06-19 14:37:50
2026-03-09,KW2_공백기_존재,공백기의 존재를 확인하기 위함,"기숙사 퇴소, 방학 자취방 양도, 방학 원룸 양도, 자취방 양도, 원룸 양도, 자취방 단기임대, 원룸 단기임대",8.83567,2025-05-26,2026-06-19,week,2026-06-19 14:37:50
2026-03-16,KW2_공백기_존재,공백기의 존재를 확인하기 위함,"기숙사 퇴소, 방학 자취방 양도, 방학 원룸 양도, 자취방 양도, 원룸 양도, 자취방 단기임대, 원룸 단기임대",7.76218,2025-05-26,2026-06-19,week,2026-06-19 14:37:50
2026-03-23,KW2_공백기_존재,공백기의 존재를 확인하기 위함,"기숙사 퇴소, 방학 자취방 양도, 방학 원룸 양도, 자취방 양도, 원룸 양도, 자취방 단기임대, 원룸 단기임대",6.48224,2025-05-26,2026-06-19,week,2026-06-19 14:37:50
2026-03-30,KW2_공백기_존재,공백기의 존재를 확인하기 위함,"기숙사 퇴소, 방학 자취방 양도, 방학 원룸 양도, 자취방 양도, 원룸 양도, 자취방 단기임대, 원룸 단기임대",6.06936,2025-05-26,2026-06-19,week,2026-06-19 14:37:50
2026-04-06,KW2_공백기_존재,공백기의 존재를 확인하기 위함,"기숙사 퇴소, 방학 자취방 양도, 방학 원룸 양도, 자취방 양도, 원룸 양도, 자취방 단기임대, 원룸 단기임대",7.22543,2025-05-26,2026-06-19,week,2026-06-19 14:37:50
2026-04-13,KW2_공백기_존재,공백기의 존재를 확인하기 위함,"기숙사 퇴소, 방학 자취방 양도, 방학 원룸 양도, 자취방 양도, 원룸 양도, 자취방 단기임대, 원룸 단기임대",6.85383,2025-05-26,2026-06-19,week,2026-06-19 14:37:50
2026-04-20,KW2_공백기_존재,공백기의 존재를 확인하기 위함,"기숙사 퇴소, 방학 자취방 양도, 방학 원룸 양도, 자취방 양도, 원룸 양도, 자취방 단기임대, 원룸 단기임대",5.69777,2025-05-26,2026-06-19,week,2026-06-19 14:37:50
2026-04-27,KW2_공백기_존재,공백기의 존재를 확인하기 위함,"기숙사 퇴소, 방학 자취방 양도, 방학 원룸 양도, 자취방 양도, 원룸 양도, 자취방 단기임대, 원룸 단기임대",5.61519,2025-05-26,2026-06-19,week,2026-06-19 14:37:50
2026-05-04,KW2_공백기_존재,공백기의 존재를 확인하기 위함,"기숙사 퇴소, 방학 자취방 양도, 방학 원룸 양도, 자취방 양도, 원룸 양도, 자취방 단기임대, 원룸 단기임대",5.86292,2025-05-26,2026-06-19,week,2026-06-19 14:37:50
2026-05-11,KW2_공백기_존재,공백기의 존재를 확인하기 위함,"기숙사 퇴소, 방학 자취방 양도, 방학 원룸 양도, 자취방 양도, 원룸 양도, 자취방 단기임대, 원룸 단기임대",5.90421,2025-05-26,2026-06-19,week,2026-06-19 14:37:50
2026-05-18,KW2_공백기_존재,공백기의 존재를 확인하기 위함,"기숙사 퇴소, 방학 자취방 양도, 방학 원룸 양도, 자취방 양도, 원룸 양도, 자취방 단기임대, 원룸 단기임대",6.19322,2025-05-26,2026-06-19,week,2026-06-19 14:37:50
2026-05-25,KW2_공백기_존재,공백기의 존재를 확인하기 위함,"기숙사 퇴소, 방학 자취방 양도, 방학 원룸 양도, 자취방 양도, 원룸 양도, 자취방 단기임대, 원룸 단기임대",9.00082,2025-05-26,2026-06-19,week,2026-06-19 14:37:50
2026-06-01,KW2_공백기_존재,공백기의 존재를 확인하기 위함,"기숙사 퇴소, 방학 자취방 양도, 방학 원룸 양도, 자취방 양도, 원룸 양도, 자취방 단기임대, 원룸 단기임대",6.93641,2025-05-26,2026-06-19,week,2026-06-19 14:37:50
2026-06-08,KW2_공백기_존재,공백기의 존재를 확인하기 위함,"기숙사 퇴소, 방학 자취방 양도, 방학 원룸 양도, 자취방 양도, 원룸 양도, 자취방 단기임대, 원룸 단기임대",7.308,2025-05-26,2026-06-19,week,2026-06-19 14:37:50
2026-06-15,KW2_공백기_존재,공백기의 존재를 확인하기 위함,"기숙사 퇴소, 방학 자취방 양도, 방학 원룸 양도, 자취방 양도, 원룸 양도, 자취방 단기임대, 원룸 단기임대",5.98678,2025-05-26,2026-06-19,week,2026-06-19 14:37:50
