post_id,platform,search_keyword,title,content,price,upload_date,view_count,like_count,comment_count
229594189,중고나라,이사정리,(이사정리) (새상품) 자라 스타디움 코트 블랙 L사이즈,"📢 제목에 ""제조사/ 브랜드 명""과 “상품명(ex. 숄더 핸드백)”을 넣어 작성하면, 보다 빠른 판매가 가능합니다! 
📢 게시글 작성 시 배송 방법에 “직거래”와 “내 위치” 설정할 경우, 보다 빠른 판매가 가능합니다! 


(새상품) 자라 스타디움 코트 블랙 L사이즈 
디테일 예뻐서 샀는데 저에겐 좀 무리네요~
시착후 보관만 해왔습니다. 
105정도 입으시면 될거 같네요
기능원단에 안감멜빵으로 더울땐 메고 다닐수 있고
투웨이지퍼, 몸판에만 분리된 5개의 포켓 
암튼 이것저것 많이 붙어 있습니다. 
반품X 환불X

일반택배 +4000원
반값택배 +2000원",49000,43분 전,3,,
228796176,중고나라,이사정리,(이사정리) 자라 라이더 퀼팅 누빔 자켓 라지(100-105),"자라 라이더 퀼팅 누빔 자켓 라지(100-105)
재질 탄탄하고 지금 입기 딱 좋습니다. 
사이즈는 자크가 두개라 안쪽으로 잠그면 100
바깥쪽으로 잠그면 105 되겠네요~~ 
저는 밥먹기전 안쪽 밥먹고는 바깥쪽으로 ㅋ 
상태좋습니다.",39000,43분 전,3,,
228617130,중고나라,이사정리,(이사정리) 본(BON) 남성 데님 자켓 100-105사이즈,"📢 제목에 ""제조사/ 브랜드 명""과 “상품명”을 넣어 작성하면, 보다 빠른 판매가 가능합니다! 
📢 게시글 작성 시 배송 방법에 “직거래”와 “내 위치” 설정할 경우, 보다 빠른 판매가 가능합니다! 


본(BON) 남성 데님 자켓 100-105사이즈
데님스타일 자켓 사이즈미스로 2-3번 입고 
보관중 판매합니다. 
텍표기는 105사이즈이나 
날씬 105 나 100 입으시는분 잘맞겠네요~~

일반택배 +4000원
반값택배 +2000원










🚨회원님의 거래 게시글을 노린 중고나라 운영진 사칭 피싱 사이트를 주의하세요🚨",29000,3시간 전,3,,
228617114,중고나라,이사정리,(이사정리) 모두스비벤디 남성 패딩 모직자켓 새상품 95-100사이즈,"모두스비벤디 남성 패딩 모직자켓 새상품 95-100사이즈
텍만 제거하고 1-2회 짧게 착용
압축패딩이 들어있어 따뜻하고 코듀로이 장식으로 멋져요
좀 크게나와 95 여유사이즈 / 100 정사이즈 추천

일반택배 +4000원
반값택배 +2000원",29000,1분 전,3,,
228617081,중고나라,이사정리,(이사정리) 자라 남성 자켓 다크네이비 L사이즈,"※ 카페 상품 게시글은 자동으로 중고나라 앱/사이트에 노출합니다. 노출을 원하지 않으실 경우 고객센터로 문의 바랍니다. 
※ 등록한 게시글이 회원의 신고를 받거나 이상거래로 모니터링 될 경우 중고나라 사기통합조회 DB로 수집/활용될 수 있습니다. 
─────────────────── 
📢 제목에 ""제조사/ 브랜드 명""과 “상품명(ex. 숄더 핸드백)”을 넣어 작성하면, 보다 빠른 판매가 가능합니다! 
📢 게시글 작성 시 배송 방법에 “직거래”와 “내 위치” 설정할 경우, 보다 빠른 판매가 가능합니다! 
👆 오늘 작성가능한 게시글 수가 부족하다면, 상단에 ""중고나라 앱 다운받기""를 통해서 앱에서 작성해 보세요!


자라 남성 자켓 다크네이비 L사이즈 
1회 짧게 착용후 보관만한 제품
네오플렌 재질로 따뜻하고 내구성 좋습니다. 
등판 안감 매쉬소재
105정핏 / 100여유핏
반품X 환불X

일반택배 +4000원
반값택배 +2000원",29000,44분 전,3,,
228617062,중고나라,이사정리,(이사정리) 본(BON) 남성 데님 누빔코트 105사이즈,"※ 카페 상품 게시글은 자동으로 중고나라 앱/사이트에 노출합니다. 노출을 원하지 않으실 경우 고객센터로 문의 바랍니다. 
※ 등록한 게시글이 회원의 신고를 받거나 이상거래로 모니터링 될 경우 중고나라 사기통합조회 DB로 수집/활용될 수 있습니다. 
─────────────────── 
📢 제목에 ""제조사/ 브랜드 명""과 “상품명(ex. 숄더 핸드백)”을 넣어 작성하면, 보다 빠른 판매가 가능합니다! 
📢 게시글 작성 시 배송 방법에 “직거래”와 “내 위치” 설정할 경우, 보다 빠른 판매가 가능합니다! 
👆 오늘 작성가능한 게시글 수가 부족하다면, 상단에 ""중고나라 앱 다운받기""를 통해서 앱에서 작성해 보세요!

본(BON) 남성 데님 누빔코트 105사이즈
사이즈가 작아 한두번 입고 보관중인 제품
필요하신분 연락주세요~~
날씬 105 나 100 입으시는분 추천드립니다. 

일반택배 +4000원
반값택배 +2000원",29000,3시간 전,3,,
228314215,중고나라,이사정리,(이사정리) 모두스비벤디 남성 코트 100-105사이즈 판매,"코트가 많아 몇번 입고 체중증가로 보관만 했습니다. 
부드럽고 따뜻합니다. 
체결된 목도리는 탈부착 가능하고 펼치면 뒷목을 감싸줘
느낌있고 포근합니다. 
사이즈는 100이나 날씬105나 100이신분들 추천드립니다.",29000,3시간 전,3,,
228314193,중고나라,이사정리,(이사정리) BON(본) 코트 100-105사이즈 판매,"코트가 많아 두번정도 입었고 체중증가로 보관만 했습니다. 
부드럽고 따뜻합니다. 
사이즈는 105이나 날씬105나 100이신분들 추천드립니다.",29000,3시간 전,3,,
228314172,중고나라,이사정리,(이사정리) BON(본) 코트 100-105사이즈,"코트가 많아 두번정도 입었고 체중증가로 보관만 했습니다. 
부드럽고 따뜻합니다. 
사이즈는 105이나 날씬105나 100이신분들 추천드립니다.",29000,3시간 전,3,,
228377549,중고나라,이사정리,(이사정리) 모드스비벤디 카멜 캐시미어 코트 100사이즈 추천,"모두스비벤디 카멜 캐시미어 코트 
사이즈 105이나 슬림핏이라 100 추천드립니다. 
작아서 보관만 해왔습니다. 
색감 너무 좋구요~~ 재질 부드럽습니다. 
거의 새상품입니다.",29000,1분 전,3,,
229186072,중고나라,이사정리,(이사정리) (새상품) 자라 트렌치코트 겨울용 프라다원단 L사이즈,"※ 카페 상품 게시글은 자동으로 중고나라 앱/사이트에 노출합니다. 노출을 원하지 않으실 경우 고객센터로 문의 바랍니다. 
※ 등록한 게시글이 회원의 신고를 받거나 이상거래로 모니터링 될 경우 중고나라 사기통합조회 DB로 수집/활용될 수 있습니다. 
─────────────────── 
📢 제목에 ""제조사/ 브랜드 명""과 “상품명(ex. 숄더 핸드백)”을 넣어 작성하면, 보다 빠른 판매가 가능합니다! 
📢 게시글 작성 시 배송 방법에 “직거래”와 “내 위치” 설정할 경우, 보다 빠른 판매가 가능합니다! 
👆 오늘 작성가능한 게시글 수가 부족하다면, 상단에 ""중고나라 앱 다운받기""를 통해서 앱에서 작성해 보세요!


(새상품) 자라 트렌치코트 겨울용 프라다원단 L사이즈
크게나와서 105사이즈 잘 맞으실거 같네요
내피는 조끼아니고 팔까지 붙은 깔깔이로 
탈부착 가능하고 프라다원단이라 탄탄하고 
디테일 좋습니다. 
다크네이비 색상
텍제거후 집에서 시착 몇번하고 보관만 했습니다. 

일반택배 +4000원
반값택배 +2000원",,46분 전,3,,
229661399,중고나라,이사정리,(이사정리) 모드스비벤디 남성 모직코트 105사이즈,"※ 카페 상품 게시글은 자동으로 중고나라 앱/사이트에 노출합니다. 노출을 원하지 않으실 경우 고객센터로 문의 바랍니다. 
※ 등록한 게시글이 회원의 신고를 받거나 이상거래로 모니터링 될 경우 중고나라 사기통합조회 DB로 수집/활용될 수 있습니다. 
─────────────────── 
📢 제목에 ""제조사/ 브랜드 명""과 “상품명(ex. 숄더 핸드백)”을 넣어 작성하면, 보다 빠른 판매가 가능합니다! 
📢 게시글 작성 시 배송 방법에 “직거래”와 “내 위치” 설정할 경우, 보다 빠른 판매가 가능합니다! 
👆 오늘 작성가능한 게시글 수가 부족하다면, 상단에 ""중고나라 앱 다운받기""를 통해서 앱에서 작성해 보세요!

모드스비벤디 남성 모직코트 105사이즈
사이즈가 작아 텍제거후 외부착용 없는 보관제품
필요하신분 연락주세요~~
날씬 105 나 100 입으시는분 추천드립니다. 

일반택배 +4000원
반값택배 +2000원",29000,1분 전,3,,
225041137,중고나라,이사정리,이사정리) 포켓몬 파스텔 꼬부기 중형인형,"기본적으로 편의점 택배로 접수해드리고 제쪽에서도 최대한 성심껏 포장해드리겠습니다. 

오락실, 뽑기샵 인형이라 이염, 얼룩이 있을 수도 있고 제가 발견하지 못한 부분도 있을 수 있다는 점 당부드립니다. 

결제 전에 배송방식을 상의하고 가격을 수정하니 구매 전 채팅으로 먼저 연락해주시길 바랍니다.

중고거래 특성상 환불이 어렵다는 점 참고바랍니다.",7000,11시간 전,11,,
229682269,중고나라,이사정리,[이사정리] 각종 명품상자 쇼핑백 나이키박스 아이폰박스 도서 중고책,"이사준비중이라 일부 정리할 예정입니다
제 상점의 상품들 검색해보시고 필요한 상품 문의주세요

직접 오시거나 대량구매시 저렴하게 판매가능합니다
물품 소재지 서울 강동구

개별구매 혹은 택배구매는 기존에 올려져 있는 가격과 큰 차이 없습니다",10000,1분 전,17,,
229454421,중고나라,이사정리,"이사 정리 합니다. 새 제품 스텐 밀폐용기6종세트 택포함 29,000원 입니다 .","스테인리스 밀폐용기 대용량 세트예요. 다양한 사이즈의 용기들이 포장되어 있어서 실용적으로 사용하기 좋을 것 같아요. 새 제품 상태로 깔끔하게 보관되어 있습니다.

24시간 아무때나 쳇 주세요 쳇 이여서 답변이 늦더라도 조금만 기다려주세요.

주소지 전송시 대화창 옆에 있는 +버튼 누르면 주소 전송 버튼 나와요. 그거 누르면 됩니다. 그냥 보내면 보이지 않게 나와요. 참고 바랍니다.",6,23시간 전,23,,
229313331,중고나라,이사정리,[이사정리] 레티나 스테인리스 테이블 보틀 새상품,"레티나 스테인리스 스틸 테이블 보틀 1L입니다. 만원인가 컬러비용 따로주고 추가한 제품입니다. 
새상품이고 원박스 그대로라 택배 직거래 둘다 가능합니다.",11000,1일 전,1,,
228844624,중고나라,이사정리,이사정리) 포켓몬 뮤 윙크 중형인형,"기본적으로 편의점 택배로 접수해드리고 제쪽에서도 최대한 성심껏 포장해드리겠습니다. 

오락실, 뽑기샵 인형이라 이염, 얼룩이 있을 수도 있고 제가 발견하지 못한 부분도 있을 수 있다는 점 당부드립니다. 

결제 전에 배송방식을 상의하고 가격을 수정하니 구매 전 채팅으로 먼저 연락해주시길 바랍니다.

중고거래 특성상 환불이 어렵다는 점 참고바랍니다.",7000,1시간 전,2,,
224573879,중고나라,이사정리,이사정리) 포켓몬 피카츄 생일축하 중형인형,"기본적으로 편의점 택배로 접수해드리고 제쪽에서도 최대한 성심껏 포장해드리겠습니다. 

오락실, 뽑기샵 인형이라 이염, 얼룩이 있을 수도 있고 제가 발견하지 못한 부분도 있을 수 있다는 점 당부드립니다. 

결제 전에 배송방식을 상의하고 가격을 수정하니 구매 전 채팅으로 먼저 연락해주시길 바랍니다.

중고거래 특성상 환불이 어렵다는 점 참고바랍니다.",8000,1시간 전,4,,
224654466,중고나라,이사정리,이사정리) 포켓몬 꼬부기 헤드셋 중형인형,"기본적으로 편의점 택배로 접수해드리고 제쪽에서도 최대한 성심껏 포장해드리겠습니다. 

오락실, 뽑기샵 인형이라 이염, 얼룩이 있을 수도 있고 제가 발견하지 못한 부분도 있을 수 있다는 점 당부드립니다. 

결제 전에 배송방식을 상의하고 가격을 수정하니 구매 전 채팅으로 먼저 연락해주시길 바랍니다.

중고거래 특성상 환불이 어렵다는 점 참고바랍니다.",10000,1시간 전,4,,
225759873,중고나라,이사정리,이사정리) 포켓몬 헤드셋 이브이 중형인형,"개당 만원입니다.

기본적으로 편의점 택배로 접수해드리고 제쪽에서도 최대한 성심껏 포장해드리겠습니다. 

오락실, 뽑기샵 인형이라 이염, 얼룩이 있을 수도 있고 제가 발견하지 못한 부분도 있을 수 있다는 점 당부드립니다. 

결제 전에 배송방식을 상의하고 가격을 수정하니 구매 전 채팅으로 먼저 연락해주시길 바랍니다.

중고거래 특성상 환불이 어렵다는 점 참고바랍니다.",10000,1시간 전,4,,
224330392,중고나라,이사정리,이사정리) 포켓몬 고라파덕 헤드셋 중형인형,"개당 만원입니다.

기본적으로 편의점 택배로 접수해드리고 제쪽에서도 최대한 성심껏 포장해드리겠습니다. 

오락실, 뽑기샵 인형이라 이염, 얼룩이 있을 수도 있고 제가 발견하지 못한 부분도 있을 수 있다는 점 당부드립니다. 

결제 전에 배송방식을 상의하고 가격을 수정하니 구매 전 채팅으로 먼저 연락해주시길 바랍니다.

중고거래 특성상 환불이 어렵다는 점 참고바랍니다.",10000,1시간 전,4,,
212001524,중고나라,이사정리,[이사정리/새상품] 실크루트 맞춤한복 (신부한복),"22년 결혼식때 맞춰놓고 결혼식2부로 드레스입어서 한번도 안입었어요 ! 풀로 한복저고리, 치마, 속치마, 속저고리, 구두, 가방, 버선, 노리개 + 박스랑 더스트백까지 있습니다

164cm 50kg 입니다 한복이라 +/- 5kg는 커버 가능할 것 같아요
구두사이즈 245 (원래 신발 240신어요)

직거래 별내 
택배비 포함",100000,4일 전,4,,
223614398,중고나라,이사정리,이사정리) 포켓몬 먹고자 중형인형,"개당 7천원입니다. 

기본적으로 편의점 택배로 접수해드리고 제쪽에서도 최대한 성심껏 포장해드리겠습니다. 

오락실, 뽑기샵 인형이라 이염, 얼룩이 있을 수도 있고 제가 발견하지 못한 부분도 있을 수 있다는 점 당부드립니다. 

결제 전에 배송방식을 상의하고 가격을 수정하니 구매 전 채팅으로 먼저 연락해주시길 바랍니다.

중고거래 특성상 환불이 어렵다는 점 참고바랍니다.",7000,1시간 전,5,,
220138281,중고나라,이사정리,랜덤하우스 피콜로 재미그림책 전권 이사정리,"피콜로 재미그림책 전권 판매합니다.
보드북30권 그림책 40권 전권 70권입니다.
보드북은 많이봐서 모서리닮음 있고 그림책은 몇번보지 않아 깨끗하나 조작북은 손상된부분이 있습니다.
무료배송입니다.",49000,8분 전,7,,
222405512,중고나라,이사정리,영어 보드북 영어책 26권 이사정리,"영어보드북 판매합니다.
8권은 씨디도 있습니다.
세월의 흔적 있으나 찢김낙서는 없어요.
택포",29000,1분 전,7,,
226201340,중고나라,이사정리,프뢰벨 한글 프로그램 한글떼기 택포 이사정리,"프뢰벨 한글 프로그램
책29권 (전권)
디비디9개 cd1개
글자버스 포함
상태좋음
무료배송",33000,8분 전,7,,
224955993,중고나라,이사정리,이사정리) 포켓몬 모부기 중형인형,"기본적으로 편의점 택배로 접수해드리고 제쪽에서도 최대한 성심껏 포장해드리겠습니다. 

오락실, 뽑기샵 인형이라 이염, 얼룩이 있을 수도 있고 제가 발견하지 못한 부분도 있을 수 있다는 점 당부드립니다. 

결제 전에 배송방식을 상의하고 가격을 수정하니 구매 전 채팅으로 먼저 연락해주시길 바랍니다.

중고거래 특성상 환불이 어렵다는 점 참고바랍니다.",7000,1시간 전,7,,
228844611,중고나라,이사정리,이사정리) 포켓몬 이상해풀 중형인형,"기본적으로 편의점 택배로 접수해드리고 제쪽에서도 최대한 성심껏 포장해드리겠습니다. 

오락실, 뽑기샵 인형이라 이염, 얼룩이 있을 수도 있고 제가 발견하지 못한 부분도 있을 수 있다는 점 당부드립니다. 

결제 전에 배송방식을 상의하고 가격을 수정하니 구매 전 채팅으로 먼저 연락해주시길 바랍니다.

중고거래 특성상 환불이 어렵다는 점 참고바랍니다.",8000,1시간 전,8,,
229036745,중고나라,이사정리,mtb 프로마스터 (이사정리 급처),,80000,8일 전,8,,
229438532,중고나라,이사정리,"[용인/급처] 이사 정리! 올리브데코 거실장, 삼분의일 시그니처 퀸침대, 6인용 원목 식탁 세트 판매합니다.","안녕하세요.
이번에 새로운 곳으로 이사를 하게 되어, 그동안 애정을 가지고 깨끗하게 사용해 온 가구들을 아쉽지만 일괄 처분하게 되었습니다.

저가형 필름지(MDF) 마감이 아닌, 오래 쓸수록 가치가 더해지는 튼튼한 브랜드 원목 가구와 프리미엄 매트리스 위주로 구성되어 있습니다. 이사 일정상 6월 26일까지만 한정 판매할 예정이니, 평소 퀄리티 좋은 가구를 찾으셨던 분들께 좋은 기회가 될 것입니다.

1. 올리브데코 거실장 + 사이드 거실장 2개 (일괄 35만 원)

특징: 올리브데코 특유의 고급스러운 마감과 견고한 내구성을 자랑합니다. 수납공간이 넉넉해 거실을 깔끔하게 유지하는 데 탁월하며, 세트 구성이라 인테리어 통일감을 주기에 좋습니다.

제품 참고: https://www.olivedeco.biz/product/detail.html?product_no=47&cate_no=53&display_group=1

2. 올리브데코 'Vega' 책장 3개 (개당 10만 원 / 3개 일괄 30만 원)

특징: 거실장과 톤앤매너를 맞추기 좋은 고급 책장입니다. 책이나 소품을 수납하면 공간 전체가 서재처럼 차분하고 세련된 분위기로 바뀝니다.

3. 인더스트리얼 원목 테이블 세트 (강화유리 + 벤치 의자 포함) (30만 원)

사이즈: 1800 x 700 x 750 (여유로운 6인용 사이즈)

특징: 흔한 합판이 아닌, 밝은 톤의 진짜 원목으로 제작되어 무척 튼튼합니다. 트렌디한 인더스트리얼 파이프 디자인이 적용되어 홈카페나 다이닝룸 연출에 완벽합니다. 상판 보호용 맞춤 강화유리와 세트 벤치 의자까지 모두 포함해 드리는 합리적인 가격입니다.

4. 다이닝 의자 4개 (개당 2만 5천 원 / 일괄 10만 원)

특징: 쿠션 두께가 남달라 식사 시간 외에 노트북 작업이나 독서 등 오랜 시간 앉아 있어도 배김 없이 무척 편안합니다. 식탁 세트와 함께 일괄로 가져가시면 더욱 좋습니다.

5. 삼분의 일(3/1) 시그니처 매트리스 - 퀸 사이즈 (150만 원)

제조/사용기간: 2023년 6월 20일 제조 (실사용 딱 3년)

특징: '수면의 질'을 바꿔준다는 그 유명한 브랜드 매트리스입니다. 무엇보다 10년 품질 보증(Warranty)이 적용되는 제품으로, 앞으로 7년이나 보증 기간이 넉넉하게 남아 있어 중고 거래라도 새것처럼 안심하고 사용하실 수 있습니다.

제품 참고: https://3boon1.com/product/%EC%8B%9C%EA%B7%B8%EB%8B%88%EC%B2%98-%EB%A7%A4%ED%8A%B8%EB%A6%AC%EC%8A%A4/96/category/24/display/1/

6. 편백나무(히노끼) 평상형 침대 프레임 + 하단 서랍 (50만 원)

특징: 매트리스를 구매하며 건강과 숙면을 위해 특별히 맞춘 프레임입니다. 이 역시 무늬만 나무가 아닌 100% 통원목(편백나무)으로 제작되어, 방 안에 두는 것만으로도 은은한 자연의 향이 쾌적한 수면 환경을 만들어줍니다. 하단에는 대용량 서랍이 있어 실용성까지 완벽하게 챙겼습니다.


거래 방식: 원목 가구 특성상 부피와 무게가 꽤 있는 편입니다. 제품의 안전한 이동을 위해 직접 용달 차량을 섭외해 오시거나 화물 택배(착불)를 이용해 주셔야 합니다.

거래 지역: 경기 용인시 (상세 주소는 거래 확정 시 안내해 드립니다.)

거래 기한: 이사 일정 관계로 6월 26일까지만 판매합니다. 이후에는 부득이하게 처분 업체를 통해 일괄 정리할 예정입니다.

가구 하나하나 소재를 따져가며 깐깐하게 고르고 관리했던 제품들입니다. 좋은 분을 만나 새로운 공간에서 예쁘게 쓰였으면 좋겠습니다.
첨부된 실물 사진들을 확인해 주시고, 구매를 원하시거나 추가적인 상세 컷이 필요하신 분은 편하게 채팅이나 문자 남겨주세요. 

감사합니다.",6,1시간 전,9,,
225190768,중고나라,이사정리,이사정리) 포켓몬 이브이 봉제인형,"기본적으로 편의점 택배로 접수해드리고 제쪽에서도 최대한 성심껏 포장해드리겠습니다. 

오락실, 뽑기샵 인형이라 이염, 얼룩이 있을 수도 있고 제가 발견하지 못한 부분도 있을 수 있다는 점 당부드립니다. 

결제 전에 배송방식을 상의하고 가격을 수정하니 구매 전 채팅으로 먼저 연락해주시길 바랍니다.

중고거래 특성상 환불이 어렵다는 점 참고바랍니다.",5000,1시간 전,9,,
227732118,중고나라,이사정리,이사정리) 포켓몬 빅팝 봉제인형 팽도리,"개당 8천원입니다.

기본적으로 편의점 택배로 접수해드리고 제쪽에서도 최대한 성심껏 포장해드리겠습니다. 

오락실, 뽑기샵 인형이라 이염, 얼룩이 있을 수도 있고 제가 발견하지 못한 부분도 있을 수 있다는 점 당부드립니다. 

결제 전에 배송방식을 상의하고 가격을 수정하니 구매 전 채팅으로 먼저 연락해주시길 바랍니다.

중고거래 특성상 환불이 어렵다는 점 참고바랍니다.",8000,1시간 전,10,,
224086802,중고나라,이사정리,이사정리) 포켓몬 빅팝 봉제인형 꼬부기(1개),"개당 8천원입니다.

기본적으로 편의점 택배로 접수해드리고 제쪽에서도 최대한 성심껏 포장해드리겠습니다. 

오락실, 뽑기샵 인형이라 이염, 얼룩이 있을 수도 있고 제가 발견하지 못한 부분도 있을 수 있다는 점 당부드립니다. 

결제 전에 배송방식을 상의하고 가격을 수정하니 구매 전 채팅으로 먼저 연락해주시길 바랍니다.

중고거래 특성상 환불이 어렵다는 점 참고바랍니다.",8000,1시간 전,10,,
225041145,중고나라,이사정리,이사정리) 포켓몬 빅팝 봉제인형 피카츄,"기본적으로 편의점 택배로 접수해드리고 제쪽에서도 최대한 성심껏 포장해드리겠습니다. 

오락실, 뽑기샵 인형이라 이염, 얼룩이 있을 수도 있고 제가 발견하지 못한 부분도 있을 수 있다는 점 당부드립니다. 

결제 전에 배송방식을 상의하고 가격을 수정하니 구매 전 채팅으로 먼저 연락해주시길 바랍니다.

중고거래 특성상 환불이 어렵다는 점 참고바랍니다.",8000,1시간 전,10,,
224729509,중고나라,이사정리,이사정리) 포켓몬 알로라 식스테일 중형인형,"기본적으로 편의점 택배로 접수해드리고 제쪽에서도 최대한 성심껏 포장해드리겠습니다. 

오락실, 뽑기샵 인형이라 이염, 얼룩이 있을 수도 있고 제가 발견하지 못한 부분도 있을 수 있다는 점 당부드립니다. 

결제 전에 배송방식을 상의하고 가격을 수정하니 구매 전 채팅으로 먼저 연락해주시길 바랍니다.

중고거래 특성상 환불이 어렵다는 점 참고바랍니다.",6000,1시간 전,12,,
227443158,중고나라,이사정리,(이사정리) 모드스비벤디 남성 모직코트 105사이즈,,29000,13일 전,13,,
224584681,중고나라,이사정리,"이사정리,세가) 아쿠아 LPM 에밀리아ver.","공간부족으로 진열할 수가 없는 관계로 처분합니다. 현재 하자검수 겸 개봉촬영 후 재봉했습니다.

박스에 곳곳에 구겨짐이 좀 있고, 위 사진 정도에 이염이 있습니다. 구매 전 유의하시기 바랍니다.

기본적으로 편의점 택배로 접수해드리며 제 선에서 최대한 파손의 위험이 없게 노력하여 포장하였음을 구매자분께 고지해드립니다. 

중고거래 특성상 교환/환불이 불가하다는 점 인지해주십시오.

그리고 구매의사를 확실히 결정하시고 문의해주십시오. 

구매 전에 일반과 반값 중 택배비를 정해야 하니 결제 전 문의 주시기 바랍니다.",18000,24분 전,16,,
224575699,중고나라,이사정리,"이사정리,타이토) 하츠네 미쿠 윈터 이미지 ver.","공간부족으로 진열할 수가 없는 관계로 처분합니다. 현재 하자검수 겸 개봉촬영 후 재봉했습니다.

보관기간이 길어서 피규어 박스에 약간의 구겨짐이 있을 수 있지만 본체에는 별 문제는 없었습니다. 

기본적으로 편의점 택배로 접수해드리며 제 선에서 최대한 파손의 위험이 없게 노력하여 포장하였음을 구매자분께 고지해드립니다. 

중고거래 특성상 교환/환불이 불가하다는 점 인지해주십시오.

그리고 구매의사를 확실히 결정하시고 문의해주십시오. 

구매 전에 일반과 반값 중 택배비를 정해야 하니 결제 전 문의 주시기 바랍니다.",15000,1시간 전,17,,
224805407,중고나라,이사정리,"이사정리,이염) 후류 슈퍼소니코 동화이야기 청의 여왕","공간부족으로 진열할 수가 없는 관계로 처분합니다. 현재 하자검수 겸 개봉촬영 후 재봉했습니다.

박스과 위 사진과 머리카락에 이염이 있습니다. 

보관기간이 길어서 피규어 박스에 약간의 구겨짐이 있지만 본체에는 별 문제는 없었습니다. 

기본적으로 편의점 택배로 접수해드리며 제 선에서 최대한 파손의 위험이 없게 노력하여 포장하였음을 구매자분께 고지해드립니다. 

중고거래 특성상 교환/환불이 불가하다는 점 인지해주십시오.

그리고 구매의사를 확실히 결정하시고 문의해주십시오. 

구매 전에 일반과 반값 중 택배비를 정해야 하니 결제 전 문의 주시기 바랍니다.",30000,17일 전,17,,
229044361,중고나라,이사정리,템퍼 모션베드 Q사이즈 + 매트리스 포함 / 이사정리 판매,"템퍼 모션베드 Q사이즈 판매합니다.
템퍼 매트리스 포함이며, 구매한 지 딱 2년 된 제품입니다.
구매 내역 확인 가능합니다.

매트리스는 소프트 타입, 부드럽고 편안한 사용감입니다.

깔끔한 오피스텔에서 1인 사용했고,
방수커버 사용해서 상태 좋아요. 
비흡연이라 냄새 걱정 없고, 반려동물 없어서 스크래치 없어요. 

본가로 들어가게 되어 이사 정리하면서 판매합니다.
위치는 수원시청역 인근이고,
직접 오셔서 상태 확인 가능합니다.

이사 일정에 맞춰 직접 수거 가능하신 분과 거래 원합니다.
이사 예정일은 7월 초~중반입니다.

사진 속 그레이 커버는 개인용이라 참고 부탁드립니다.
필요하시면 아래 구성품도 같이 드립니다.

* 템퍼 방수 커버
* 템퍼 베게 1개
* 베드 테이블
* 1인용 미니 건조기",1800000,5분 전,21,2,
224391092,중고나라,이사정리,"이사정리,제일복권) 리제로 해피 버스데이 A상 람,렘",,75000,21일 전,21,,
223291517,중고나라,이사정리,"이사정리,제일복권) 리제로 렘 A상 애니멀 퍼레이드","공간부족으로 진열할 수가 없는 관계로 처분합니다. 현재 하자검수 겸 개봉촬영 후 재봉했습니다.

보관기간이 길어서 피규어 박스에 약간의 구겨짐이 있을 수 있지만 본체에는 별 문제는 없었습니다. 

기본적으로 편의점 택배로 접수해드리며 제 선에서 최대한 파손의 위험이 없게 노력하여 포장하였음을 구매자분께 고지해드립니다. 

중고거래 특성상 교환/환불이 불가하다는 점 인지해주십시오.

그리고 구매의사를 확실히 결정하시고 문의해주십시오. 

구매 전에 일반과 반값 중 택배비를 정해야 하니 결제 전 문의 주시기 바랍니다.",30000,21일 전,21,,
224959393,중고나라,이사정리,"이사정리,타이토) 프레셔스 렘 오리지널 벚꽃 이미지ver.","공간부족으로 진열할 수가 없는 관계로 처분합니다. 현재 하자검수 겸 개봉촬영 후 재봉했습니다.

보관기간이 길어서 피규어 박스에 약간의 구겨짐이 있을 수 있지만 본체에는 별 문제는 없었습니다. 

기본적으로 편의점 택배로 접수해드리며 제 선에서 최대한 파손의 위험이 없게 노력하여 포장하였음을 구매자분께 고지해드립니다. 

중고거래 특성상 교환/환불이 불가하다는 점 인지해주십시오.

그리고 구매의사를 확실히 결정하시고 문의해주십시오. 

구매 전에 일반과 반값 중 택배비를 정해야 하니 결제 전 문의 주시기 바랍니다.",25000,21일 전,21,,
224427235,중고나라,이사정리,"이사정리,제일복권) 민나노쿠지 프리코네 A상 페코린느 누들스토퍼","공간부족으로 진열할 수가 없는 관계로 처분합니다. 현재 하자검수 겸 개봉촬영 후 재봉했습니다.

보관기간이 길어서 피규어 박스에 약간의 구겨짐이 있을 수 있지만 본체에는 별 문제는 없었습니다. 

기본적으로 편의점 택배로 접수해드리며 제 선에서 최대한 파손의 위험이 없게 노력하여 포장하였음을 구매자분께 고지해드립니다. 

중고거래 특성상 교환/환불이 불가하다는 점 인지해주십시오.

그리고 구매의사를 확실히 결정하시고 문의해주십시오. 

구매 전에 일반과 반값 중 택배비를 정해야 하니 결제 전 문의 주시기 바랍니다.",45000,1분 전,22,,
223929382,중고나라,이사정리,"이사정리,제일복권) 아이돌마스터 밀리마스 A상 나나오 유리코","공간부족으로 진열할 수가 없는 관계로 처분합니다. 현재 하자검수 겸 개봉촬영 후 재봉했습니다.

보관기간이 길어서 피규어 박스에 약간의 구겨짐이 있을 수 있지만 본체에는 별 문제는 없었습니다. 

기본적으로 편의점 택배로 접수해드리며 제 선에서 최대한 파손의 위험이 없게 노력하여 포장하였음을 구매자분께 고지해드립니다. 

중고거래 특성상 교환/환불이 불가하다는 점 인지해주십시오.

그리고 구매의사를 확실히 결정하시고 문의해주십시오. 

구매 전에 일반과 반값 중 택배비를 정해야 하니 결제 전 문의 주시기 바랍니다.",25000,1분 전,22,,
222662214,중고나라,이사정리,"이사정리,제일복권)세일러문 A상 우사기와 루나 피규어","공간부족으로 진열할 수가 없는 관계로 처분합니다. 현재 하자검수 겸 개봉촬영 후 재봉했습니다.

보관기간이 길어서 피규어 박스에 약간의 구겨짐이 있을 수 있지만 본체에는 별 문제는 없었습니다. 

기본적으로 편의점 택배로 접수해드리며 제 선에서 최대한 파손의 위험이 없게 노력하여 포장하였음을 구매자분께 고지해드립니다. 

중고거래 특성상 교환/환불이 불가하다는 점 인지해주십시오.

그리고 구매의사를 확실히 결정하시고 문의해주십시오. 

구매 전에 일반과 반값 중 택배비를 정해야 하니 결제 전 문의 주시기 바랍니다.",35000,1분 전,22,,
224576032,중고나라,이사정리,"이사정리,타이토) 페이트 엑스트라 로스트 앙코르 캐스터","공간부족으로 진열할 수가 없는 관계로 처분합니다. 현재 하자검수 겸 개봉촬영 후 재봉했습니다.

보관기간이 길어서 피규어 박스에 약간의 구겨짐이 있을 수 있지만 본체에는 별 문제는 없었습니다. 

기본적으로 편의점 택배로 접수해드리며 제 선에서 최대한 파손의 위험이 없게 노력하여 포장하였음을 구매자분께 고지해드립니다. 

중고거래 특성상 교환/환불이 불가하다는 점 인지해주십시오.

그리고 구매의사를 확실히 결정하시고 문의해주십시오. 

구매 전에 일반과 반값 중 택배비를 정해야 하니 결제 전 문의 주시기 바랍니다.",12000,1시간 전,24,,
224403100,중고나라,이사정리,"이사정리,제일복권) 페그오 절대마수전선 바빌로니아 B상 숙명을 짊어진 소녀 아나","공간부족으로 진열할 수가 없는 관계로 처분합니다. 현재 하자검수 겸 개봉촬영 후 재봉했습니다.

보관기간이 길어서 피규어 박스에 약간의 구겨짐이 있을 수 있지만 본체에는 별 문제는 없었습니다. 

기본적으로 편의점 택배로 접수해드리며 제 선에서 최대한 파손의 위험이 없게 노력하여 포장하였음을 구매자분께 고지해드립니다. 

중고거래 특성상 교환/환불이 불가하다는 점 인지해주십시오.

그리고 구매의사를 확실히 결정하시고 문의해주십시오. 

구매 전에 일반과 반값 중 택배비를 정해야 하니 결제 전 문의 주시기 바랍니다.",40000,1분 전,24,,
228177485,중고나라,이사정리,구찌 가방 팔아요 (이사정리),"3년전 구입한 구* 가방 팔아여 
30만원 초반대에 구입한건데 여름에 세번매고 박혀있다가 이사준비로 생각나서 어영부영 사진찍고 팝니다.

마지막사진에서 보다시피 찍힘이 잇어요 줄을 앞으로 둬서 보관상 찍힘같은데 그외에 눈에보이는 하자는 없고 
가까이서 봐야 찍힘 보입니다ㅋ
그걸로 싸게 팝니다 그 더스트백? 가방 넣는 가방 있어요 상자는없고 그렇게 두개있습니다.

가격을 알다시피 정품여부는 안받아여
안팔리면 맬거라 네고 교환문의 안받습니다.
 그리고 빠른거래시 집에잇는 키링이나 덤 드려요.^^",80000,11분 전,24,,
223931732,중고나라,이사정리,"이사정리,제일복권) 렌탈여친 만족도4 C상 사라시나 루카",,35000,24일 전,24,,
223931755,중고나라,이사정리,"이사정리,제일복권) 렌탈여친 만족도4 B상 나나미 마미","공간부족으로 진열할 수가 없는 관계로 처분합니다. 현재 하자검수 겸 개봉촬영 후 재봉했습니다.

보관기간이 길어서 피규어 박스에 약간의 구겨짐이 있을 수 있지만 본체에는 별 문제는 없었습니다. 

기본적으로 편의점 택배로 접수해드리며 제 선에서 최대한 파손의 위험이 없게 노력하여 포장하였음을 구매자분께 고지해드립니다. 

중고거래 특성상 교환/환불이 불가하다는 점 인지해주십시오.

그리고 구매의사를 확실히 결정하시고 문의해주십시오. 

구매 전에 일반과 반값 중 택배비를 정해야 하니 결제 전 문의 주시기 바랍니다.",20000,1분 전,24,,
223180678,중고나라,이사정리,"이사정리,제일복권) 뻐꾸기 커플 B상 세가와 히로","공간부족으로 진열할 수가 없는 관계로 처분합니다. 현재 하자검수 겸 개봉촬영 후 재봉했습니다.

보관기간이 길어서 피규어 박스에 약간의 구겨짐이 있을 수 있지만 본체에는 별 문제는 없었습니다. 

기본적으로 편의점 택배로 접수해드리며 제 선에서 최대한 파손의 위험이 없게 노력하여 포장하였음을 구매자분께 고지해드립니다. 

중고거래 특성상 교환/환불이 불가하다는 점 인지해주십시오.

그리고 구매의사를 확실히 결정하시고 문의해주십시오. 

구매 전에 일반과 반값 중 택배비를 정해야 하니 결제 전 문의 주시기 바랍니다.",25000,1분 전,25,,
223898335,중고나라,이사정리,"이사정리,제일복권) 오등분의 신부 A상 나카노 이치카 원피스ver.","공간부족으로 진열할 수가 없는 관계로 처분합니다. 현재 하자검수 겸 개봉촬영 후 재봉했습니다.

보관기간이 길어서 피규어 박스에 약간의 구겨짐이 있을 수 있지만 본체에는 별 문제는 없었습니다. 

기본적으로 편의점 택배로 접수해드리며 제 선에서 최대한 파손의 위험이 없게 노력하여 포장하였음을 구매자분께 고지해드립니다. 

중고거래 특성상 교환/환불이 불가하다는 점 인지해주십시오.

그리고 구매의사를 확실히 결정하시고 문의해주십시오. 

구매 전에 일반과 반값 중 택배비를 정해야 하니 결제 전 문의 주시기 바랍니다.",,25일 전,25,,
223898264,중고나라,이사정리,"이사정리,제일복권) 오등분의 신부 D상 나카노 요츠바 원피스ver.","공간부족으로 진열할 수가 없는 관계로 처분합니다. 현재 하자검수 겸 개봉촬영 후 재봉했습니다.

보관기간이 길어서 피규어 박스에 약간의 구겨짐이 있을 수 있지만 본체에는 별 문제는 없었습니다. 

기본적으로 편의점 택배로 접수해드리며 제 선에서 최대한 파손의 위험이 없게 노력하여 포장하였음을 구매자분께 고지해드립니다. 

중고거래 특성상 교환/환불이 불가하다는 점 인지해주십시오.

그리고 구매의사를 확실히 결정하시고 문의해주십시오. 

구매 전에 일반과 반값 중 택배비를 정해야 하니 결제 전 문의 주시기 바랍니다.",,25일 전,25,,
222820786,중고나라,이사정리,"이사정리,플럼) 벽람항로 허먼 1/7 스케일 피규어","공간부족으로 진열할 수가 없는 관계로 처분합니다. 현재 하자검수 겸 개봉촬영 후 재봉했습니다.

보관기간이 길어서 피규어 박스에 약간의 구겨짐이 있지만 본체에는 별 문제는 없었습니다. 

기본적으로 편의점 택배로 접수해드리며 제 선에서 최대한 파손의 위험이 없게 노력하여 포장하였음을 구매자분께 고지해드립니다. 

중고거래 특성상 교환/환불이 불가하다는 점 인지해주십시오.

그리고 구매의사를 확실히 결정하시고 문의해주십시오. 

구매 전에 일반과 반값 중 택배비를 정해야 하니 결제 전 문의 주시기 바랍니다.",140000,1분 전,25,,
228746803,중고나라,이사정리,삼성 4도어 냉장고 RF90J90837F / 스파클링 기능 / 이사정리,"📌 본문

삼성 4도어 냉장고 판매합니다 😊
(모델명 RF90J90837F)

대용량이라 가족용으로 정말 넉넉하게 사용했고,
현재까지 문제 없이 잘 사용 중입니다.

✔ 하단 왼쪽 냉동
✔ 하단 오른쪽 냉동 / 김치모드 선택 가능
✔ 스파클링(탄산수) 기능 있음
✔ 독립냉각 / 인버터 컴프레서 모델
✔ 수납공간 넓고 서랍 깊어서 사용 편해요

스파클링 기능은 초반에만 잠깐 사용했고
이후에는 일반 정수기를 사용해서 거의 안썼습니다.

생활 사용감은 있지만
하자 없이 상태 괜찮은 편이고
냉장/냉동 모두 정상 작동합니다 😊

📌 이사로 판매하는 제품이며
7월 13일 이사날 내려드릴 수 있습니다.

직접 가져가실 분 연락 주세요 😊
쿨거래 시 약간의 네고 가능합니다!

실사용 중이라 가져가시기 전까지 정상 작동 확인 가능합니다”
👉 “우측 상단 도어포켓 하단에 생활 크랙 있습니다 (사용에는 문제 없음)” 

*선입금거래 원해요.
* 반품/환불 불가합니다.
* 예민하신분은 피해주세요.
* 꼭 사실분만 연락주세요.
* 채팅순 아닌 선입금 순으로 거래하겠습니다",70000,1시간 전,27,,
228844635,중고나라,이사정리,이사정리) 포켓몬 빅팝 봉제인형 루카리오,,8000,27일 전,27,,
228840307,중고나라,이사정리,"(이사 정리) 각종 가전, 가구 처분합니다","1. 이케아 3인용 소파
2. 퀀사이즈 침대 프레임 (서랍 2개 있음)
3. 화장대
4-5. 6인용 원목 식탁 + 벤치 2개 (기스 있음)
6. 전지 사이즈 수납함
7. LG 트롬 세탁기 8.5kg
8. SK 식기세척기 소형
9. 진열장 80x43x83cm 2개
10. 3단 서랍장 45x43x83cm

이외에 소형가전 다수 (돌체구스토 커피머신, Epson 스캐너, 로봇청소기, 가습기, 족욕기, 난로 등) 처분합니다.

일괄 선호하고, 5개 이상 원하시는 분만 연락 부탁드립니다.
가격 제안해주세요.

5월 27일 쯤 픽업 가능하시면 좋겠습니다.",100,3분 전,27,,
228729165,중고나라,이사정리,수영모<글참고>(새상품)(이사정리로판매),"다양한 브랜드의 수영모들이에요. 새 제품들로 포장도 그대로 되어있고 여러 색상과 디자인으로 구성되어 있어요. 수영 좋아하시는 분께 추천드려요!

새 제품으로 선물하기에도 좋아요
수영 연습이나 대회 준비하시는 분들께 추천드려요
다양한 디자인의 아레나 수영모 10개 세트예요
깔끔한 디자인부터 귀여운 캐릭터 디자인까지 다양하게 준비했어요
수영 연습이나 물놀이 갈 때 유용하게 사용할 수 있어요
여러 개 준비해두시면 번갈아 쓰기 좋아요
●네번째 사진 동그라미친거는 판매완료●
●3번째사진은 실리콘재질이라 장당15000원씩입니다●
●장당5천원씩이며 대량구매시 서비스나갑니다●
●사진보시다시피 세재품이고 수영관심있으신분들은 문의주세요●",5000,2026.05.18,2026,10,
227481396,중고나라,이사정리,이사정리) 포켓몬 빅팝 봉제인형 루카리오,,8000,2026.05.16,2026,,
228587983,중고나라,이사정리,"이사 정리 합니다. 새 제품 포토 메리온 머그컵 4개 세트 택포함 29,000원 입니다.",,4,2026.05.14,2026,,
228543788,중고나라,이사정리,이사정리) 포켓몬 파이리 봉제인형,,22500,2026.05.13,2026,,
228381258,중고나라,이사정리,"이사 정리 합니다.새 제품 무쇠 주물 냄비 2종 택포함 39,000원 입니다.",,2,2026.05.08,2026,,
228308391,중고나라,이사정리,자코모 쇼파 잔스포츠 백팩 복사기 이사정리해여,,1500000,2026.05.06,2026,,
221370933,중고나라,이사정리,이사정리 케어팟 Air 10 공기청정기/ 상태 최상,"이사정리‼️ 케어팟 Air 10 공기청정기/ 상태 최상

- 10평형
- 220V, 50W
- 화이트 심플한 디자인

작년에 구매했는데 많이 안 틀었어요.
잘 안쓰는 것 같아 이사 겸 정리해요.
새상품 13만원이네요. 저는 10만원 정도 구매한듯하요.

서울 용산구 거래",40000,2026.05.06,2026,,
228295933,중고나라,이사정리,[이사정리] 사진액자 모음 6개,,15000,2026.05.06,2026,,
224573798,중고나라,이사정리,이사정리) 포켓몬 헤드셋 잠만보 중형인형,,10000,2026.05.05,2026,,
225413029,중고나라,이사정리,이사정리] 헬렌스타인 폴란드 폴스카 구스이불+커버 Q 400g 구스솜털90%,,190000,2026.05.04,2026,,
224135875,중고나라,이사정리,이사정리) 포켓몬 플러시 중형인형,,6000,2026.05.03,2026,,
224078827,중고나라,이사정리,이사정리) 포켓몬 파이리 봉제인형,,5000,2026.05.02,2026,,
224081003,중고나라,이사정리,이사정리) 포켓몬 빅팝 봉제인형 잠만보,,8000,2026.04.30,2026,,
228069168,중고나라,이사정리,[이사정리]800 원형 테이블 세트(의자포함),,800,2026.04.29,2026,,
227982158,중고나라,이사정리,"이사 정리 일괄(가구7, 에어컨3)",,1200000,2026.04.29,2026,,
227990923,중고나라,이사정리,한샘 퓨어 옷장+이사정리 가구10점 일괄 — 서초동 5/4 사다리차 내려드림,,580000,2026.04.29,2026,,
224750975,중고나라,이사정리,이사정리) 산리오 한교동 트리플하트 중형인형,,9000,2026.04.28,2026,,
227913278,중고나라,이사정리,[이사정리] 자가드 도톰 커튼 2개 2.5m폭 높이 2.2m 레일커튼,,5000,2026.04.28,2026,,
224955973,중고나라,이사정리,이사정리) 산리오 시나모롤 막대과자2 중형인형,,7000,2026.04.27,2026,,
224751008,중고나라,이사정리,이사정리) 산리오 포차코 똥글똥글 중형인형,,6000,2026.04.25,2026,,
227575004,중고나라,이사정리,"이사 정리 합니다. 새제품 저압냄비 10리터 택포함 29,000원에 드려요.",,10,2026.04.25,2026,,
227809932,중고나라,이사정리,[이사정리] 양면 알레르망 여아 수퍼싱글침구 세트,"[이사정리] 알레르망 여아 수퍼싱글침구 세트
먼지 알레르기없는 알레르망 세트 깨끗해요",15000,2026.04.23,2026,,
221193625,중고나라,이사정리,올세인츠 오프숄더 블라우스 환승연애 나연 착용(이사짐정리),"※ 카페 상품 게시글은 자동으로 중고나라 앱/사이트에 노출합니다. 노출을 원하지 않으실 경우 고객센터로 문의 바랍니다. 
※ 등록한 게시글이 회원의 신고를 받거나 이상거래로 모니터링 될 경우 중고나라 사기통합조회 DB로 수집/활용될 수 있습니다. 
─────────────────── 
📢 제목에 ""제조사/ 브랜드 명""과 ""상품명”를 넣어 작성하면, 보다 빠른 판매가 가능합니다! 
📢 게시글 작성 시 배송 방법에 “직거래”와 “내 위치” 설정할 경우, 보다 빠른 판매가 가능합니다!",80000,2026.04.22,2026,,
226626369,중고나라,이사정리,목동[이사정리] 삼성 스탠드 메탈 양문형 김치냉장고 (4/30이삿날) 505L,,170000,2026.04.22,2026,,
224805674,중고나라,이사정리,"이사정리, 후류) 슈퍼소니코 동화 스페셜 인어공주",,37000,2026.04.21,2026,,
227734839,중고나라,이사정리,이사정리> 피카소 브러쉬 2019,"피카소 브러쉬 219 입니다.
3번 이내 사용하고 보관해 놨습니다.
세척완료한 제품입니다.",16000,2026.04.20,2026,,
224390964,중고나라,이사정리,"이사정리,제일복권) 리제로 여름이다 바다다 렘 라스트원",,,2026.04.19,2026,,
227039239,중고나라,이사정리,"이사 정리 합니다. 새제품 철주물 양수 냄비 2종 택포함 34,000원 입니다.",,2,2026.04.19,2026,,
226591750,중고나라,이사정리,헬스포츠 바랑에르돔 8-10 (이사 정리로 50만원 / 정품),"헬스포츠 바랑에르돔 8-10 (이사 정리로 50만원 / 정품)

[제품 요약]

모델명: 헬스포츠 바랑에르돔 8-10 (아우터 + 폴대 전체구성)

사용횟수: 실사용 8회 미만, 최근 2년 이상 실내 보관 중

[상세 내용]

상태는 난로 사용으로 인해 텐트 스킨에 불빵(구멍)이 있습니다. 
현재 이사 준비 중이라 집안이 협소하여 제품을 모두 펼쳐서 보여드리기 어렵습니다. 대신 과거에 제가 직접 피칭했던 실제 사진(첨부)과 제품 라벨 사진을 올립니다.

구성: 수납 가방에 정리된 상태 그대로 드립니다. (아우터 텐트, 폴대, 가방 등 기본 구성)

가격: 50만 원 

거래방식: 무게와 부피가 있어 직거래 선호

이사 정리 중이라 현장 확인 및 추가 가격 협의는 어려운 점을 미리 말씀드립니다. 시세 대비 저렴한 가격인 만큼 거래 완료 후 교환이나 환불은 불가하니, 제품 설명을 충분히 확인하신 후 연락 부탁드려요.",8,2026.04.19,2026,,
224390870,중고나라,이사정리,"이사정리,제일복권) 우마무스메 6탄 A상 라이스샤워",,40000,2026.04.18,2026,,
226972610,중고나라,이사정리,이사정리) 포켓몬 이상해풀 중형인형,,8000,2026.04.17,2026,,
210498845,중고나라,이사정리,이사정리] whois musical 가성비 뛰어난 스피커 케이블 2.5sq / 3.6sq,"가성비 뛰어난 스피커 케이블
(네이버 : 3.6sq 스피커케이블 사용기 검색)


-고저음 바란싱 2.5sq 1조(2개) - 3.3m
(좋은 해상력/결이 살아있는 현대적 소리) 
8만

- 풍성한 음 3.6sq 1조(2개) - 3m
(넓은 무대감/여운이 남는 빈티지 소리)
10만

저는 메인스피커 바이와이어링용으로 2.5sq는 고음에 3.6sq는 저음에 물려 사용하니 백만원대 케이블 안부러웠습니다.
일괄 17만원

사진상은 1개씩이나 1개씩 더 있습니다. (각1조 총4개)
동작구 신대방삼거리역 인근입니다.
안심번호 문자주세요",100000,2026.04.15,2026,,
224135961,중고나라,이사정리,이사정리) 포켓몬 마이농 중형인형,,6000,2026.04.14,2026,,
208009189,중고나라,이사정리,(새상품급)토리버치 레이온스커트 넘이뻐요.명품.백화점.이사정리,"토리버치 레이온 스커트 판매해요
무지 화이트 셔츠나 티셔츠에 매치하시면 포인트 되고 넘 이뻐요!! 토리버치 느낌 뿜뿜

XS사이즈인데 약간 크게 나와서 26-27 분들이 입으시면 이쁘게 맞을거예요

봄여름에 이쁘게 입으실 수 있어요 득템하세용
반값택포가격 안심번호 문자주세요",120000,2026.04.14,2026,,
227183928,중고나라,이사정리,(급처 . 이사 정리) 한국헤르만헤세 한국문학 전집 80권 새상품,"한국헤르만헤세 논술대비 한국문학 전집 80권 새상품 입니다

전혀 읽지 않아서 손도 대지 않아 완전 전체적으로 깨끗한 상태를 유지하고 있습니다 (새 책)

한국 문학의 정수를 담은 작품들로 구성되어 있으며, 논술 대비에 최적화된 교육 자료로 활용하기 좋습니다

네고 가능!!

직거래 희망!! (화명동. 대저동) 택배 가능 착불!!

중고 나라에 사기가 많던데 사기 아닙니다!! 정직하고 빠르게 당근이나 번장에서도 판매 중입니다. 

문의 사항이 있으시면 언제든지 연락 바랍니다 ㅎㅎ 친절히 답변 드리겠습니다 ㅎㅎ",80000,2026.04.14,2026,,
227216089,중고나라,이사정리,(급처. 이사정리) 한국 고전 문학 논술 대비 전집 1~60권 세트,"네고 문의 가능!!

전체적으로 깨끗합니다 

직거래 희망!! (화명동. 대저동) 택배 가능 착불

중고 나라에 사기가 많던데 사기 아닙니다!! 정직하고 빠르게 택배 발송 해드립니다.당근이나 번장에서도 판매 중입니다. 

문의 사항이 있으시면 언제든지 연락 바랍니다 ㅎㅎ 친절히 답변 드리겠습니다 ㅎㅎ",70000,2026.04.14,2026,,
227216127,중고나라,이사정리,(급처. 이사정리) 으랏차차 이야기 한국사 전집 1-65권 (새상품.새책),"으랏차차 이야기 한국사 전집 1~65권입니다
아이들 한국사 공부에 도움이 많이 될거에요
재미있게 읽으면서 한국사를 배울 수 있어요

네고 문의


택배 가능 착불!! 직거래 가능!!

 ☆ 택배 시 송장번호 송부 예정!

중고 나라에 사기가 많던데 사기 아닙니다!! 정직하고 빠르게 택배 발송 해드립니다.당근이나 번장에서도 판매 중입니다. 

개인 포장으로 비닐 포장 및 박스 포장 택배 가능합니다. 장거리 택배도 가능합니다



문의 사항이 있으시면 언제든지 연락 바랍니다 ㅎㅎ 친절히 답변 드리겠습니다 ㅎㅎ",70000,2026.04.14,2026,,
227395897,중고나라,이사정리,"4/30[이사정리]통판 퀸침대, 6인 원목 식탁, 메탈 김치냉장고",,4,2026.04.13,2026,,
227421539,중고나라,이사정리,"이사 정리 합니다. 새제품 철주물 양수 냄비 22cm 택포함 29,000원 입니다.",,22,2026.04.12,2026,,
216185805,중고나라,이사정리,"(새상품급)피브비 니트 스커트, 큐롯, 골프, 테니스.이사정리",,25000,2026.04.08,2026,,
227267418,중고나라,이사정리,"이사 정리 합니다. 새 제품 투명 에어프라이어 5리터 택포함 39,000원 입니다.",,5,2026.04.08,2026,,
224751123,중고나라,이사정리,이사정리) 20주년 쿠로미 탐정 중형인형,,8000,2026.04.07,2026,,
224751077,중고나라,이사정리,이사정리) 산리오 20주년 쿠로미 치어리더 중형인형,,8000,2026.04.07,2026,,
224751040,중고나라,이사정리,이사정리) 산리오 쿠로미 막대과자2 중형인형,,7000,2026.04.07,2026,,
224654066,중고나라,이사정리,이사정리) 산리오 쿠로미 똥글똥글 중형인형,,6000,2026.04.07,2026,,
226052127,중고나라,이사정리,(급처. 이사정리) 세계 탐험 만화 역사상식 보물찾기 1~26권 + 살아남기 7권,"세계 탐험 만화 역사상식 보물찾기 시리즈 1권부터 26권까지, 그리고 살아남기 시리즈 7권 있습니다!
아이들이 만화로 쉽고 재미있게 세계 역사와 상식을 배울 수 있어요~

네고 문의 가능!!

전체적으로 깨끗합니다 

직거래 희망!! (화명동. 대저동) 택배 가능 착불

중고 나라에 사기가 많던데 사기 아닙니다!! 정직하고 빠르게 택배 발송 해드립니다.당근이나 번장에서도 판매 중입니다. 

문의 사항이 있으시면 언제든지 연락 바랍니다 ㅎㅎ 친절히 답변 드리겠습니다 ㅎㅎ",70000,2026.04.07,2026,,
227203264,중고나라,이사정리,칠보공예 전문가 세트 (전기 가마 + 유약 다수 + 도구일괄) 가격 낮췄습니다 이사로 정리중입니다,,950000,2026.04.06,2026,,
226052374,중고나라,이사정리,(급처. 이사 정리) 듀오삼단5T메모리폼 매트,"듀오삼단5T메모리폼 매트 팝니다.

사용감은 조금 있으나 그위에 이불을 더 깔고 사용했기에 흠집이나 깊은 째짐이 없습니다. 


직거래만 가능!!

중고 나라에 사기가 많던데 사기 아닙니다!! 당근이나 번장에서도 판매 중입니다. 


문의 사항이 있으시면 언제든지 연락 바랍니다 ㅎㅎ 친절히 답변 드리겠습니다 ㅎㅎ",40000,2026.04.06,2026,,
227098113,중고나라,이사정리,이사정리) 포켓몬 잉어킹 봉제인형,,10000,2026.04.04,2026,,
226453123,중고나라,이사정리,이사 전 집 서재 정리 처분합니다,"📢 제목에 ""출판사+책 이름+저자”를 넣어 작성하면, 보다 빠른 판매가 가능합니다! 
📢 게시글 작성 시 배송 방법에 “직거래”와 “내 위치” 설정할 경우, 보다 빠른 판매가 가능합니다! 
개인인데 책을 3000권쯤 집에 가득 갖고있습니다.
이사 전 팔면 좋겠네요.
책 더 있는 건 정리하는데로 올립니다.
왼쪽 가격 아니고 오른쪽 가격으로 팝니다.


010-2298-531일






🚨회원님의 거래 게시글을 노린 중고나라 운영진 사칭 피싱 사이트를 주의하세요🚨",2000,2026.04.03,2026,,
224805559,중고나라,이사정리,"이사정리,후류) 슈퍼소니코 동화 스페셜 하트의 여왕",,40000,2026.03.31,2026,,
224805829,중고나라,이사정리,"이사정리,후류) 슈퍼소니코 동화 스페셜 백설공주",,40000,2026.03.31,2026,,
226626413,중고나라,이사정리,목동 [이사정리] sk매직 식기세척기 dwa19rop00bl 6인용 (4월이사),,70000,2026.03.30,2026,,
223084210,중고나라,이사정리,"이사정리,제일복권) 오등분의 신부 E상 나카노 이츠키 원피스ver.",,,2026.03.27,2026,,
224081609,중고나라,이사정리,이사정리) 포켓몬 빅팝 봉제인형 팽도리,,8000,2026.03.23,2026,,
225839629,중고나라,이사정리,이사정리) 크리스크리스티 코트,,24900,2026.03.22,2026,,
224136077,중고나라,이사정리,이사정리) 포켓몬 이상해풀 중형인형 (2개),,8000,2026.03.17,2026,,
226166705,중고나라,이사정리,데상트 정품 여성 방한 부츠 (230mm) - 이사 정리 파격가,,43000,2026.03.16,2026,,
211655097,중고나라,이사정리,이사 전 집 서재 정리 처분합니다,,2000,2026.03.16,2026,,
226336644,중고나라,이사정리,막 다 퍼드림!!.이사정리! 가져가셔요!!다이어트!!패드리필까지8개포함.멜킨무선줄넘기. 신발정리대 한일서큘레이터.등,"이사정리해여~막 다퍼드릴테니 얼렁가져가셔여~

1 . 셀프피시 저주파마사지기/ 공짜인건가~~~2만 . 요
(젤패드 무려8개포함이라)

2. 멜킨 무선 줄넘기 ㅡ 5천 
이사정리하다 보았네여 
새거라고 보아도 무관. 켜는법도 잊었어요.

3. 신발정리대 10개 ㅡ 5천 
직접가져가시면 득템^^

4. 한일 리모컨 서큘레이터 ㅡ2만 

5. 한정판이지여~ 귀요미 충전식 스누피 무드등
 ( 5번켰나?ㅋㅋㅋ) ㅡ5천원 

물건 컨디션은 최상급입니다. 
직거래가 가장 좋겠습니다.
여러개 구매하시분께는 당연히 그쵸? 
잡동사니지만 이가격에 이런 퀄리티여?
쉽지않습니다~^0^
댓글 주세여~~",1234,2026.03.15,2026,,1
89961678,중고나라,이사정리,유아책 ㅡ초등저학년책ㅡ책장 이사정리,"콜디건
스쿨버스 9000
상태양호

착불 네고x
🎁 내 중고 명품 팔기 🎁
🔻 아래 양식에 맞춰 기재 시 더 빠른 판매로 이어질 확률 UP ! 🔻
1. 브랜드 :
2. 상품명 :
3. 구매 연도 :
4. 구매 장소 :
5. 구성품 :
6. 제품 상태 :
7. 상품 사진 (많을수록 판매 확률 :+1:)
① 정면 사진
② 후면 사진
③ 바닥면 사진
④ 내부 사진
⑤ 흠이 있는 부분 사진
8. 견적 받아보시겠습니까? (예/아니오) :
* 빠른 시일 내용 확인 후, 전문 업체에서 견적을 받아 전달 드릴 예정입니다.9",5000,2026.03.14,2026,,
225797461,중고나라,이사정리,유메르 벌키니트.캐시미어울혼방.상태굿.이사정리,,35000,2026.03.13,2026,,
222405460,중고나라,이사정리,에듀매쓰 키즈 만지고느끼고 이사정리,"에듀매쓰키즈 만지고느끼고 판매합니다.
a단계 교재는 거의 사용하였고 
b단계 c단계는 사용하지 않았어요.
아이들이 직접 만지면서 수학을 접할수
있어 아이들이 좋아해요.
저렴하게 판매합니다.
택포입니다.",18000,2026.03.12,2026,,
225987178,중고나라,이사정리,이사정리 급매) LG세탁기16kg + 양문형냉장고 + LG냉장고 일괄 60만원 / 1인사용,"LG 통돌이 세탁기 16kg
 • 모델명 : TR16MK2
 • 제조년월 : 2023년 7월
 • 용량 : 16kg
 • 상태 : 사용기간 짧고 상태 매우 좋습니다
 • 정상 작동 확인

대형 양문형 냉장고
 • 색상 : 다크 메탈
 • 대용량 냉장고
 • 외관 깔끔하고 냉장 / 냉동 정상 작동

 LG 2도어 냉장고
 • 상냉장 / 하냉동 구조
 • 상태 좋음
 • 정상 작동

*일괄 판매 : 70만원 -> 60만원 인하!!
*전남 광양 푸르지오 더퍼스트 직접 수거 조건 (자세한 주소는 연락주세요 010-3삼3영-1하나3육)
*엘리베이터 있어 이동 편합니다
*중고 특성상 교환 환불 어려운 점 양해 부탁드립니다",16,2026.03.09,2026,,
225995002,중고나라,이사정리,이사정리) 포켓몬 탕구리 중형인형,,6000,2026.03.06,2026,,
223898781,중고나라,이사정리,"이사정리,제일복권) 오등분의 신부 꿈의 한 때 E상 나카노 이츠키",,20000,2026.03.06,2026,,
223898554,중고나라,이사정리,"이사정리,제일복권) 오등분의 신부 꿈의 한 때 A상 나카노 이치카",,20000,2026.03.06,2026,,
223179445,중고나라,이사정리,"이사정리,제일복권) 오등분의 신부 D상 나카노 요츠바 플라워 에이프런",,20000,2026.03.06,2026,,
224391320,중고나라,이사정리,"이사정리,이염) 제일복권 리제로 잠깐의 티파티 A상 에키드나",,45000,2026.03.06,2026,,
224955927,중고나라,이사정리,이사정리) 포켓몬 피카츄 태엽 피규어 장난감,,7000,2026.03.04,2026,,
225881758,중고나라,이사정리,이사정리) 포켓몬 라이츄 중형인형,"개당 7천원입니다.

기본적으로 편의점 택배로 접수해드리고 제쪽에서도 최대한 성심껏 포장해드리겠습니다. 

오락실, 뽑기샵 인형이라 이염, 얼룩이 있을 수도 있고 제가 발견하지 못한 부분도 있을 수 있다는 점 당부드립니다. 

결제 전에 배송방식을 상의하고 가격을 수정하니 구매 전 채팅으로 먼저 연락해주시길 바랍니다.

중고거래 특성상 환불이 어렵다는 점 참고바랍니다.",7000,2026.03.03,2026,,
225841577,중고나라,이사정리,이사정리)딥디크 캔들,,45000,2026.03.03,2026,,
225850544,중고나라,이사정리,(3월 3일 이사정리) 화이트 미니 거울 화장대 + 스툴 세트,"3월 3일 이사를 위해 정리를 합니다.
오전 9시 ~ 오후 12시 까지 이사 짐 뺍니다.
편하게 보시고 마음에 드시면 가져가시면 됩니다.

사이즈 작아서 작은방에서 사용하기에 나쁘지 않아요.

이사갈때까지 나눔 받으시는 분 안계시면 스티커 붙여서 폐기 할 예정입니다.

스툴 의자는 보관함 있는 의자 입니다.

의자는 바퀴 달려있어요 

가로 70 X 세로 40 X 높이 140

고촌은 수기로 136 번지 아파트입니다

화이트 색상의 화장대와 스툴 세트입니다
화장대 상단에 거울이 부착되어 있습니다
약간의 사용감은 있지만 전체적으로 깨끗합니다",1,2026.03.03,2026,,
224654340,중고나라,이사정리,"이사정리,2개) 포켓몬 이브이 빅팝 중형인형",,8000,2026.03.02,2026,,
224654171,중고나라,이사정리,이사정리) 산리오 헬로키티 스탠딩 중형인형,,6000,2026.03.02,2026,,
224653959,중고나라,이사정리,이사정리) 산리오 폼폼푸린 라떼베어 중형인형,,6000,2026.03.02,2026,,
225280694,중고나라,이사정리,이사정리) 포켓몬 탕구리 중형인형,,6000,2026.03.02,2026,,
223614972,중고나라,이사정리,이사정리) 포켓몬 깜지곰 중형인형,,7000,2026.03.01,2026,,
224329532,중고나라,이사정리,이사정리) 포켓몬 뮤 윙크 중형인형,,6000,2026.03.01,2026,,
224079832,중고나라,이사정리,이사정리) 포켓몬 어니부기 봉제인형,,8000,2026.02.28,2026,,
224079373,중고나라,이사정리,이사정리) 포켓몬 식스테일 봉제인형,,6000,2026.02.28,2026,,
225733911,중고나라,이사정리,이사정리) 포켓몬 누리공 중형인형,,7000,2026.02.27,2026,,
225664712,중고나라,이사정리,이사정리) 포켓몬 빅팝 봉제인형 루카리오,,8000,2026.02.26,2026,,
225030295,중고나라,이사정리,이사정리) 권투 캥거루 키링인형 처분합니다.,,2000,2026.02.26,2026,,
225241839,중고나라,이사정리,이사정리) 각종 키링인형 처분합니다.,,65000,2026.02.26,2026,,
225551442,중고나라,이사정리,오늘만 이가격!! 사무실정리 이사 책상/의자/서랍장/파티션,"상태 최상입니다.
5세트 다 팔고 1세트남았습니다.
낼이사라 오늘낼 오셔야합니다!!!

교환이나 환불은 안됩니다.

서랍장 8만원
책상 10만원
의자 3만원
파티션ㄱ 5만원

일괄20에 드려요",200000,2026.02.23,2026,,
224074661,중고나라,이사정리,이사 준비 중 •• 화장품 정리 판매,"이사 준비 중에 화장품 정리 겸 판매합니다 !
저렴한 가격에 추가 덤 증정 💕 

수분크림부터 톤업크림, 색조 & 바디제품까지 ••
정리하는 대로 순차적으로 업로드 중

택배 당일 발송 원칙 
2가지 제품 이상 구매시 알뜰 택배비 무료
추가 덤도 챙겨드려요

많관부 ﻌﻌﻌ𐦖

#라네즈 #파이코어 #일리윤 #필로소피 #스킨유
#브레이 #마몽드 #라라츄 #어글리러블리",5000,2026.02.23,2026,,
223928201,중고나라,이사정리,"이사정리,후류) 슈퍼소니코 스페셜 피규어 밀리터리 핑크",,25000,2026.02.22,2026,,
223294760,중고나라,이사정리,"이사정리,제일복권) 모노가타리 B상 오시노 시노부 스페셜 컬러ver.",,45000,2026.02.20,2026,,
30548812,중고나라,이사정리,(이사정리) 프리스트 형민우 작가 일러스트집,"형민우 작가 일러스트집입니다.
외부는 좀 그런데 안에는 새책이랑 똑같다고 자신있게 말할수 있습니다.
일러스트집하고 프리스트도 같이 판매하고 있습니다.
같이 가져가실분은 빨리 연락주시는게 좋을듯합니다.
두개 같이 가져가시면 5천원 빼드리겠습니다.
따로 일러스트집만 구매하셔도 됩니다.
왠만하면 직거래 희망합니다.
정 안되면 택배해야죠.
택배하실거면 쿨거래 원합니다...
택배비는 착불 혹은 3천원 같이 보내주시면 될듯합니다.
010-7477-86O4로 연락하시면 됩니다.
이사정리로 처음 생각했던것보다 싸게 내놓습니다.
이사후에는 처음 생각했던대로 팔 생각입니다.
책말고도 이사정리로 중고거래를 많이하고 있어 부득이 하게 답변이 늦을수도 있는점 양해부탁드립니다.",20000,2026.02.19,2026,,
224405269,중고나라,이사정리,"이사정리,제일복권) 민나노쿠지 프리코네 B상 캬루 누들스토퍼",,40000,2026.02.18,2026,,
224387123,중고나라,이사정리,"이사정리,제일복권) 모노가타리 B상 오시노 시노부 코미컬라이즈ver.",,30000,2026.02.18,2026,,
225289118,중고나라,이사정리,숄 목도리 머플러 5종 모두 1만원 (각3000)보풀없이 상태 모두 좋아요이사로 빠른 정리 원해요,,5,2026.02.15,2026,5,
223294722,중고나라,이사정리,"이사정리,제일복권) 전생슬 라스트원상 리무르 사립 템페스트 학원2",,2,2026.02.15,2026,,
223292232,중고나라,이사정리,"이사정리,제일복권) 전생슬 C상 슈나 사립 템페스트 학원2",,2,2026.02.15,2026,,
224136022,중고나라,이사정리,"이사정리,2개) 포켓몬 라이츄 중형인형",,7000,2026.02.13,2026,,
224576348,중고나라,이사정리,"이사정리,타이토) 타이토쿠지 길티크라운 A상 유즈리하 이노리",,50000,2026.02.12,2026,,
223614686,중고나라,이사정리,이사정리) 포켓몬 누리공 중형인형,,7000,2026.02.12,2026,,
225115292,중고나라,이사정리,이사정리)엄마표영어 뉴 까이유 스페셜 굿프렌즈+ 까이유대본집,,3500,2026.02.10,2026,,
224573961,중고나라,이사정리,"이사정리,2개) 포켓몬 헤드셋 이브이 중형인형",,10000,2026.02.09,2026,,
224565063,중고나라,이사정리,이사정리) 포켓몬 꼬부기 생일축하 중형인형,,8000,2026.02.09,2026,,
225072693,중고나라,이사정리,"시에 균일가 25,000 이사 전 정리",,25000,2026.02.09,2026,,
224989064,중고나라,이사정리,"이사정리,후류) 프리즈마 이리야 - 이리야, 미유 일괄판매",,80000,2026.02.06,2026,,
224329854,중고나라,이사정리,이사정리) 포켓몬 탕구리 중형인형,,6000,2026.02.03,2026,,
223615454,중고나라,이사정리,"이사정리,잔량2) 포켓몬 파스텔 피카츄 중형인형",,7000,2026.02.01,2026,,
223868649,중고나라,이사정리,여성문학 전집 50권 세트삼성비엔씨 소년소녀 한국대표문학 전집 64권 (이사정리),"삼성비엔씨
소년소녀 한국대표문학 전집 총 64권입니다.

✔ 전권 구성 빠짐없이 있습니다
✔ 내부 찢김 없이 깨끗합니다
✔ 책은 깨끗한 편이나, 책에 빛바램 있습니다
✔ 보관만 해두었던 책이라 읽기에는 전혀 문제 없습니다

이사 정리로 내놓습니다.
아이들 필독서로 좋고, 전집으로 한 번에 가져가실 분께 추천드려요.

교환,반품 안됩니당~
직거래 선호합니다.
강서구 등촌동 입니다.
HP: 010-8891-4869",44000,2026.02.01,2026,,
224431667,중고나라,이사정리,"[이사정리, 25.12 구매] 비스포크 큐커 스팀쿠커 S급",,325000,2026.01.31,2026,,
224432377,중고나라,이사정리,[이사정리] LG 울트라PC 15U370 실버,,170000,2026.01.28,2026,,
224575473,중고나라,이사정리,"이사정리,세가) 스즈미야 하루히의 우울 엑스트라 조릿대잎 랩소디",,12000,2026.01.27,2026,,
223583823,중고나라,이사정리,아이더 퀼팅 조끼 L 이사정리,,10000,2026.01.26,2026,,
224485461,중고나라,이사정리,"이사정리,제일복권) 승리의 여신 니케 챕터4 B상 홍련",,100000,2026.01.24,2026,,
224456700,중고나라,이사정리,"이사정리,제일복권) 승리의 여신 니케 챕터4 A상 레드후드",,75000,2026.01.23,2026,,
224456367,중고나라,이사정리,"이사정리,제일복권) 니케 챕터3 A상 아니스",,70000,2026.01.23,2026,,
219381302,중고나라,이사정리,프뢰벨 한글 프로그램 한글떼기 택포 이사정리,,33000,2026.01.23,2026,,
224431193,중고나라,이사정리,[이사 정리] 슬라이딩 4도어 옷장 급처 (2400x2000),,160000,2026.01.23,2026,,
224406002,중고나라,이사정리,비쎌 공식 정품 새상품) 비쎌 스팀청소기 풀세트 거의새것 이사정리 59만원>25만 쿨거시 약간에눌해드림 급처,"송파구입니다
송파나루역 걸어서 5분안쪽입니다

‼️정품 공식 공홈 구매
병행수입상품 아닙니다!!

11월말 구매해서 한번만 돌려본
거의 새것과 다름없는 제품입니다!
‼️이사로인해서 급처해요
구매가는 이벤트 할인 받아서 30만원 중반대였습니다> 이벤트구성 추가
풀구성이며, 성명서부터 뜯지않은 모든것들 다 있습니다
세부 청소 가능한 키트도 있습니다
추가구매한 부품들도 같이드려요
쿨거시 기름값1만 빼드릴게요


공홈구매했습니다
구매번호 불러드림
새상품 공홈 구매 혜택 그대로 받으세요
As와 보증 등 전부 받으며 사용 가능

궝일궝 췰9O5 이5췰l 입니다!!
업자아니고 직장인여성1인입니다ㅔ",59,2026.01.22,2026,,
222811164,중고나라,이사정리,"이사정리,제일복권) 오등분의 신부 B상 나카노 니노",,20000,2026.01.22,2026,,
223930223,중고나라,이사정리,"이사정리,제일복권) 오등분의 신부 행복한 나날 E상 나카노 이츠키",,20000,2026.01.22,2026,,
223898188,중고나라,이사정리,"이사정리,제일복권) 오등분의 신부 행복한 나날 C상 나카노 미쿠",,30000,2026.01.22,2026,,
224401221,중고나라,이사정리,"이사정리,제일복권) 리제로 당신에게 정령의 축복이 있기를 A상 에키드나",,15000,2026.01.22,2026,,
224389367,중고나라,이사정리,"이사정리,제일복권) 소드아트온라인 10주년 라스트원 아스나",,10,2026.01.22,2026,,
224388778,중고나라,이사정리,"이사정리,제일복권) 오등분의 신부 C상 나카노 미쿠 백무구",,40000,2026.01.22,2026,,
224388285,중고나라,이사정리,"이사정리,제일복권) 타이토쿠지 미쿠의 날 A상 흉상 피규어",,70000,2026.01.22,2026,,
223085830,중고나라,이사정리,"이사정리,파손할인) 제일복권 오등분의 신부 C상 나카노 미쿠 원피스ver.",,,2026.01.20,2026,,
224330672,중고나라,이사정리,이사정리) 포켓몬 꼬부기 생일축하 중형인형,,8000,2026.01.20,2026,,
221398911,중고나라,이사정리,Darllyshop 블랙 무스탕 자켓 새제품 55 이사정리,"Darllyshop의 블랙 무스탕 자켓입니다
부드러운 안감으로 따뜻하게 입을 수 있고, 스타일리시하게 코디하기 좋습니다
 -보관상 구김이 좀있네요
-실제색상은 완전블랙입니다 약간밝게나옴
-인조무스탕입니다 
-카라부분 지퍼로 탈부착가능
-무겁지 않습니다",10000,2026.01.19,2026,,
223615398,중고나라,이사정리,이사정리) 포켓몬 파스텔 꼬부기 중형인형,,7000,2026.01.18,2026,,
222811005,중고나라,이사정리,"이사정리,제일복권) 오등분의 신부 D상 나카노 요츠바",,17000,2026.01.17,2026,,
224180985,중고나라,이사정리,이사정리 ) 쉬스미스 여성 오리털 패딩 77사이즈,,21000,2026.01.16,2026,,
224130776,중고나라,이사정리,수입원목 침대(이사정리),"수입산 원목침대입니다.외국에서 직접가져온거에요 침대테이블도 드려요
매트리스도 고가인실리매트리스이며 얼마전 매트리스살균소독(15만)까지 마쳤어요.",,2026.01.15,2026,,
213036903,중고나라,이사정리,소니엔젤 판매해요(2011~2023) 이사정리로 가격다운했어용,"📢 제목에 ""제조사/ 브랜드 명""과 ""상품명”를 넣어 작성하면, 보다 빠른 판매가 가능합니다! 
📢 게시글 작성 시 배송 방법에 “직거래”와 “내 위치” 설정할 경우, 보다 빠른 판매가 가능합니다! 








🚨회원님의 거래 게시글을 노린 중고나라 운영진 사칭 피싱 사이트를 주의하세요🚨
 
소니엔젤 판매해요
각 가격이 다르니 문의부탁드려요~!
꼭 구매할 분만 채팅이나 쪽지 바랍니다!
2011 ~ 2023 까지 다양하게 있어요!^_^
판매된건 x표시 되었습니다!

+ 기린 달마시안 판매완료(5/17)
+ 몽구스, 시바 판매완료(6/15)
+ 돼지, 곰 판매완료(11/22)
+ 장미, 포도, 카네이션 판매완료(12/18)",7000,2026.01.14,2026,,
224086852,중고나라,이사정리,이사정리!메디큐브 부스터프로 미니 플러스 짱구 에디션 (미개봉),,85000,2026.01.14,2026,,
224080625,중고나라,이사정리,이사정리) 포켓몬 빅팝 봉제인형 피카츄,,8000,2026.01.13,2026,,
224080380,중고나라,이사정리,이사정리) 포켓몬 빅팝 봉제인형 루카리오,,8000,2026.01.13,2026,,
224079518,중고나라,이사정리,이사정리) 포켓몬 이브이 봉제인형,,5000,2026.01.13,2026,,
224077287,중고나라,이사정리,이사정리) 포켓몬 잉어킹 봉제인형,,5000,2026.01.13,2026,,
224052864,중고나라,이사정리,Olivia Lauren 더블 버튼 자켓 네이비 100 이사정리,,15000,2026.01.13,2026,,
224035779,중고나라,이사정리,"이사정리,타이토) 하츠네 미쿠 미쿠의 날 B상 스케일 피규어",,60000,2026.01.12,2026,,
223905478,중고나라,이사정리,"이사정리,제일복권) 리제로 C상 베아트리스 파카",,25000,2026.01.09,2026,,
223898665,중고나라,이사정리,"이사정리,제일복권) 오등분의 신부 꿈의 한 때 B상 나카노 니노",,20000,2026.01.09,2026,,
223879234,중고나라,이사정리,이사정리>그릇컵 무료나눔,"그릇컵 이사정리 무료나눔
서초동 비대면 직접 가져가실 분 연락주세요",1,2026.01.08,2026,,
222638768,중고나라,이사정리,"이사정리,제일복권) 귀멸의 칼날 카마도 네즈코 D상",,30000,2026.01.07,2026,,
222819551,중고나라,이사정리,"이사정리,제일복권) 리제로 B상 렘 후드",,25000,2026.01.07,2026,,
223171633,중고나라,이사정리,(이사정리/나눔) 침대 매트리스 + 파운데이션 세트 나눔해요,,1,2026.01.07,2026,,
223697018,중고나라,이사정리,아디다스 트레이닝 패딩 바지 095 이사정리,,10000,2026.01.03,2026,,
223616403,중고나라,이사정리,이사정리) 코네코짱 우소우소짱 2종,,7000,2026.01.01,2026,,
223616032,중고나라,이사정리,이사정리) 포켓몬 이상해풀 중형인형,,8000,2026.01.01,2026,,
223615876,중고나라,이사정리,"이사정리,잔여2) 포켓몬 어니부기 중형인형",,8000,2026.01.01,2026,,
223614036,중고나라,이사정리,이사정리) 포켓몬 파이리 중형인형,,5000,2026.01.01,2026,,
223605967,중고나라,이사정리,이사짐 정리,"이사짐 나눔합니다

침대 2개 둘다 슈퍼싱글 사이즈 220 110
소파 1세트 4인용
아일랜드 식탁(의자4개) 150 60 85
사이드 테이블
책장 150 60 75
옷장서랍 90 50 120

잠실 트리지움 아파트 12층
1월 10일 또는 12일 가능하신 분 또는 업체 연락바랍니다
직접 오셔서 옮기셔야하며
가능하면 일괄우선으로 하겠습니다.",1,2026.01.01,2026,,
221523675,중고나라,이사정리,여아 스키바지 150사이즈 이사정리중,"이사정리중이라 싸게 판매중입니다
발목쪽만 살짝 사용감 있어요 별로 티는 나지 않아요 
세탁은 했어요 2번입었구요
반값가능합니다 
cu만 가능합니다",5000,2025.12.31,2025,,
223519111,중고나라,이사정리,"이사정리,세가) 페이트 엑스텔라 SPM 타마모노마에 피규어",,20000,2025.12.29,2025,,
223477026,중고나라,이사정리,이사정리!메디큐브 부스터프로 미니 플러스 짱구 에디션 (미개봉),,85000,2025.12.28,2025,,
223476909,중고나라,이사정리,이사정리!메디큐브 부스터프로 마이멜로디 에디션 (단순개봉),,280000,2025.12.28,2025,,
223439678,중고나라,이사정리,"이사정리,제일복권) 유키미쿠 A상 피규어",,35000,2025.12.27,2025,,
223293140,중고나라,이사정리,"이사정리,제일복권) 전생슬 B상 밀림 나바 사립 템페스트 학원2",,2,2025.12.23,2025,,
223290280,중고나라,이사정리,"이사정리,제일복권) 리제로 람 B상 애니멀 퍼레이드",,25000,2025.12.23,2025,,
223289390,중고나라,이사정리,"이사정리,후류) 하츠네 미쿠 누들스토퍼 사랑하는 세일러복",,20000,2025.12.23,2025,,
222662515,중고나라,이사정리,"이사정리,제일복권) 유키미쿠 A상 피규어",,35000,2025.12.22,2025,,
222810801,중고나라,이사정리,"이사정리,후류) 사쿠라 미쿠 2022 누들스토퍼",,13000,2025.12.21,2025,,
223219681,중고나라,이사정리,제주애기모람 초특가 이사정리,,,2025.12.21,2025,,
222662456,중고나라,이사정리,"이사정리,세가) 페이트 엑스텔라 SPM 타마모노마에 피규어",,20000,2025.12.21,2025,,
223183150,중고나라,이사정리,"이사정리,후류) 리제로 렘 BiCute 바니걸 피규어",,24000,2025.12.20,2025,,
223182327,중고나라,이사정리,"이사정리,후류) 리제로 람 BiCute 바니걸 피규어",,18000,2025.12.20,2025,,
223165552,중고나라,이사정리,여성 의류 이사정리판매 (일꽝몪음우선),다양한 색상의 니트와 슬리브티셔츠들이에요. 여러 스타일로 구성되어 있어서 코디하기 좋을 것 같아요. 상태는 양호해 보입니다. 사이즈 44-77까지 다양한 옷&바지들이 상태 아주 좋습니다~ 일꽝&몪음 전부다 가져가시면 1만원주시면 됩니다~택배비 별도입니다~,10000,2025.12.20,2025,,
223084155,중고나라,이사정리,"이사정리,제일복권) 오등분의 신부 B상 나카노 니노 원피스ver.",,,2025.12.17,2025,,
222811111,중고나라,이사정리,"이사정리,제일복권) 오등분의 신부 A상 나카노 이치카",,20000,2025.12.10,2025,,
220259823,중고나라,이사정리,이사준비로 옷장정리합니다/박스가득 넣어드려요- 무료배송,"안녕하세요.^^

결혼 전 아마추어 출사모델을 취미 삶아 해서 옷이 많아요.
큰언니.작은언니.동생까지 있어서 
내가 평소에 잘 안입게 되는 옷들이랑 불편한옷들, 안어울리는 옷들,
작아진 옷들등등 옷이 너무 많아서 최대한 옷을 정리합니다.

본인 상의 하의 싸이즈
(예시 -상의44.55.66 하의 24. 25.26.27등등)
좋아하는 스타일과 싫어하는 스타일
그리고 나잇대와 신발싸이즈 알려주시면 옷고르는데 참고 사항이 될 듯합니다.^^
전체적으로 정리를 위한 것이라
한가지 스타일만 원하시거나 한계절옷만 원하시는 것도 어렵습니다.
위에 싸이즈와 참고할 만한 사항들을 잘 적어주시면 
옷 정리하는데 참고할 수 있으니 상세하게 잘 적어서 문자나 쳇부탁드려요

100프로 만족시켜드리지 못하오니 

예민하신분이나 까다로우신분은 신중거래부탁드려요.

대신 한두벌에 만원 이만원 NO~NO~
기본 10이상이 기본~
사과박스만한 곳에 가득가득 넣어드리는 가격이 택배포함

기본이 25.000원(배송비포함)부터 100.000가능하시고

25.000ㅡ10벌이상
30000ㅡ15벌이상
40.000ㅡ20벌이상
50.000ㅡ25벌이상
60.000ㅡ30벌이상
70.000ㅡ35벌이상
80.000ㅡ40벌이상
90.000ㅡ45벌이상
100.000ㅡ50벌이상

5천원씩도(2벌정도)추가 가능하세요

딱 한계절만 정해서 보내드릴수는 없고요. 
어느정도 계절반영해서
기본 44~77까지 가능 다양하게 봄.여름.가을.겨울옷으로 챙겨드려요

옷 많이 없으신 여성분들 옷장만 하기 좋은 기회입니다.

예민x
반품 교환 환불 x
010-2421-1공공6으로 연락주세요.",25000,2025.12.09,2025,,
222662337,중고나라,이사정리,"이사정리,제일복권) 스파이 패밀리 A상 아냐 포저 블록캘린더",,45000,2025.12.06,2025,,
93685163,중고나라,이사정리,여아브랜드옷 110 /이사정리,"유니클로 경량ㅡ노스페이스 ㅡ디플랜오리털
짐보리 양호 ㅡ트윈 양호ㅡ밀리밤최상ㅡ릴리프리
보세ㅡ
아이러브제이 ㅡ트윈최상 ㅡ타이즈 최상ㅡ
보세양호 ㅡ트윈한번착용
오모리 트레이닝 세트 양호

택포35000",20000,2025.12.06,2025,,
91152139,중고나라,이사정리,여아신발150~220 이사정리,"자라새것 4500/150
150 털부츠 새것 4500
크록스 한철신김 c8 5000 양호
보세 롱부츠 안감기모 170 5000
프로월드컵 아쿠아슈즈 새것5500/올드네이비샌들
새것 5000
170 드림
바비 ㅡ키티ㅡ낫소 모두새것
185-190-190
4500/4000/5500
190
3500/170
190 3500 5회미만
탈렌트 4500/4500---양호
팬콧 3회착용 7000
220 10000
모두 한철신기거나 새것 이사로 초특가정리
초특가 에눌x
착불ㅡ반값",9000,2025.12.05,2025,,
220762572,중고나라,이사정리,이사정리) 삼성 투인원 에어컨,,,2025.12.02,2025,,
222484144,중고나라,이사정리,"이사 정리)) 소파베드, 세라믹 테이블, 옷장 수납장, 진열장 등등..저렴하고 예쁜 가구 득템하세요!",,110000,2025.12.01,2025,,
219637942,중고나라,이사정리,이사준비로 옷장정리합니다/박스가득 넣어드려요/옷 없으신분들 옷장만 하세요/-무료배송,"📢 제목에 ""제조사/ 브랜드 명""과 “상품명”을 넣어 작성하면, 보다 빠른 판매가 가능합니다! 
📢 게시글 작성 시 배송 방법에 “직거래”와 “내 위치” 설정할 경우, 보다 빠른 판매가 가능합니다! 



안녕하세요.^^

결혼 전 아마추어 출사모델을 취미 삶아 해서 옷이 많아요.
큰언니.작은언니.동생까지 있어서 
내가 평소에 잘 안입게 되는 옷들이랑 불편한옷들, 안어울리는 옷들,
작아진 옷들등등 옷이 너무 많아서 최대한 옷을 정리합니다.

본인 상의 하의 싸이즈
(예시 -상의44.55.66 하의 24. 25.26.27등등)
좋아하는 스타일과 싫어하는 스타일
그리고 나잇대와 신발싸이즈 알려주시면 옷고르는데 참고 사항이 될 듯합니다.^^
전체적으로 정리를 위한 것이라
한가지 스타일만 원하시거나 한계절옷만 원하시는 것도 어렵습니다.

위에 싸이즈와 참고할 만한 사항들을 잘 적어주시면 
옷 정리하는데 참고할 수 있으니 상세하게 잘 적어서 문자나 쳇부탁드려요
100프로 만족시켜드리지 못하오니 
예민하신분이나 까다로우신분은 신중거래부탁드려요.

대신 한두벌에 만원 이만원 NO~NO~
기본 10이상이 기본~
사과박스만한 곳에 가득가득 넣어드리는 가격이 택배포함

기본이 25.000원(배송비포함)부터 100.000가능하시고

25.000ㅡ10벌이상
30000ㅡ15벌이상
40.000ㅡ20벌이상
50.000ㅡ25벌이상
60.000ㅡ30벌이상
70.000ㅡ35벌이상
80.000ㅡ40벌이상
90.000ㅡ45벌이상
100.000ㅡ50벌이상
5천원씩도(2벌정도)추가 가능하세요

딱 한계절만 정해서 보내드릴수는 없고요. 
어느정도 계절반영해서
기본 44~77까지 가능 다양하게 봄.여름.가을.겨울옷으로 챙겨드려요
옷 많이 없으신 여성분들 옷장만 하기 좋은 기회입니다.

예민x
반품 교환 환불 x
010-2421-1공공6으로 연락주세요. 





🚨회원님의 거래 게시글을 노린 중고나라 운영진 사칭 피싱 사이트를 주의하세요🚨",25000,2025.11.30,2025,,
222431261,중고나라,이사정리,(이사정리 12/8까지판매)이케아 화이트 철제 2단 선반,,10000,2025.11.30,2025,,
222407618,중고나라,이사정리,(이사정리)삼성전자 김치냉장고,,150000,2025.11.29,2025,,
218864039,중고나라,이사정리,한솔 신기한 한글나라 한글떼기 택포 이사정리,,40000,2025.11.29,2025,,
221899345,중고나라,이사정리,(이사정리급처)한샘 밀란301 4인용 쇼파,"산지 2-3년 됐고
한샘에서 100만원 조금 넘게 주고 샀어요

집에 있는 시간이 거의 없어서 상태 좋고
이게 분리가 돼서 마지막 사진처럼
2개랑 1개 따로 사용 가능해요!

이노패브릭이라 오염도 그냥 물티슈로 쓱쓱 닦으면 되고 좋아요

바로 구매는 가능하신데 직접 집으로 와주셔야하고
일요일에 오시면 1층까지 내려드릴 수 있어요
위치는 하남 스타필드 근처입니다",150000,2025.11.16,2025,2,
216247182,중고나라,이사정리,에듀매쓰 키즈 만지고느끼고 이사정리,,18000,2025.11.10,2025,,
216246876,중고나라,이사정리,영어 보드북 영어책 26권 이사정리,,30000,2025.11.10,2025,,
221220794,중고나라,이사정리,(대구)삼성 냉장고 세탁기 세트 ㅡ 이사정리,"삼성 냉장고 830리터 2019년 구매
생활흔적 있지만 깨끗한편 입니다
55만원

삼성 세탁기 대용량 23키로 미니워시 3.5키로
2022년 구매 
전체적으로 깨끗하고 작동 굿 입니다
65만원

총가격 120만원 ㅡ 일괄구매시 절충가능

구매 하시면 갔다드릴께요
통화부터해요",650000,2025.11.05,2025,,
221504767,중고나라,이사정리,[사이즈 95~100] 브랜드 맨투맨 3천원부터 (이사 전 옷 정리),,95,2025.11.05,2025,,
215732074,중고나라,이사정리,린 LYNN 랩원피스 블랙 55. 이사정리. 백화점,"소매는 시스루까진 아닌데 살짝 비치는 소재예요
넘 고급스럽고 비즈니스룩 입으시는 분들께 추천이요
골격 있는 55반 까지 입으실 수 있어요

완전 새상품급 상태 저렴히 올려요 득템하세용
반값택포 가격, 안심번호 문자 주세요",55,2025.10.19,2025,,
220338665,중고나라,이사정리,"[ 상태최상_2단독서대(이단독서대) 이사,정리하면서 저","# 물품 상세소개
 집에 모셔둔 독서대 판매합니다.
 독서할때 쓰려고 구입했는데 독서를 안하네요~
 먼저 연락오신분께 넘길게요~
 

 현재 이 상태 그대로 제품 상태확인완료 후 제가 직접 
휴대폰 직찍, 착샷해서 올린 사진이며, 더도 말고, 덜도 말고, 
이 상태 그대로 더 사용하지도 않고, 모셔두고 판매하고 있으니 
참고하시고, 관심 있으신 분 연락주세요~^^< 
 
 

# 물품명 : [상태최상의 2단독서대(이단독서대) 저렴히 판매]
# 구성품 : [상태최상의 2단독서대(이단독서대) 저렴히 판매]
# 판매가격 : 쿨거래 19,800원
# 거래방식 : 개인 직 거래,택배
# 이메일 : choijh0103@naver.com
# 유의사항 : 중고거래특성상 교환이나 환불 불가니
 참고하시고, 신중히 구매주세요~
# 지역 : 경북 구미에서 거래 가능하고, 
 다른 지역은 착불로 택배 보내드리면서 
 바로 송장번호 사진 찍어 보내 드려요~^^",19800,2025.10.15,2025,,
220534020,중고나라,이사정리,이사정리~새제품 한셀프롬바젤 고양이 니트가방 브라운,,30000,2025.10.11,2025,,
220586893,중고나라,이사정리,이사정리) 옷장정리 츄샵 블랙화이트 원피스 섹시 귀여운,"상태양호
촬영때문에 몇번 입음
화이트/블랙
어깨 오프숄더까지 내려서 입으면 더 이뻐요~
원피스 인데 아래 밑부분 쉐링이 들어가서
더말라보입니다!



중고거래로 교환이나 환불은 안됩니다.
직거래는 배곧동 아브뉴프랑 
택배는 5,000원입니다",,2025.10.11,2025,,
220586831,중고나라,이사정리,(이사정리) 옷장정리 보라원피스 봄 여름 퍼플 여성 귀,"(이사정리) 옷장정리 보라원피스 봄 여름 퍼플 여성 귀여운 섹시

158cm에 44~55사이즈 입었을때, (지금은살찜ㅎㅎ)
끈으로 묶는 원피스입니다.
이뻐요♡
원피스가 너무 많아서 이사가면서 옷장정리합니다. 원피스다른거도 많아요
이뻐서ㅜㅜ 잘 안입던 옷이예요,,

보라빛향기💜


교환이나 환불은 안됩니다
택배비는 5000원입니다.
직거래는 배곧아브뉴프랑 우체국앞 입니다.",,2025.10.11,2025,,
220477687,중고나라,이사정리,이사정리로 책 일괄 판매합니다,"이사준비로인해 도서 일괄판매합니다 

택배는 가능하나 
무게가있어 택배로는 비용이 나올거같아요 

양천구나 강서구는 직거래 가능합니다",50000,2025.10.08,2025,,
220475689,중고나라,이사정리,이사로인해 소장용 만화책 정리합니다,"이사로 이해 만화책 정리합니다 
책 더 있는데 일간 이것부터 올려봅니다 
가격은 문의주세요 ~~",2000,2025.10.08,2025,,
198583322,중고나라,이사정리,이사정리 르샵 원피스 새것 상태 55,"이사정리합니다
르샵원피스 새것상태 55사이즈
레이스 장식이 고급스럽고 아랫단 프릴이 있어 발랄한 느낌도 나는 예쁜 원피스입니다
날씬해보이고 신축성있는 소재라 활동하기 편하면서도
뒷 길이로 총장 84센치정도입니다
택배착불로 보내드려요
구매하시려면 문자주세요",,2025.10.07,2025,,
214840331,중고나라,이사정리,(이사정리) 네이비 암막 커튼 + 린넨 속지 커튼 세트,"네이비색 암막 커튼(100퍼암막)과 린넨 속지 커튼 세트 판매합니다 
필요하시면 레일까지 같이 드려요~


180*261


이사하며 새로운 분위기 내려고 정리합니당
7월19일 이사라 그날 바로 전달드리면 좋을거 같아용



육아중이라 문고리거래 원해용
상태는 사진 참고해주세용
반품, 교환 불가합니당",95000,2025.10.07,2025,,
214840257,중고나라,이사정리,(이사정리) 베이지 암막 커튼 + 차르르 쉬폰 속지 세,"베이지색 암막 커튼(100퍼암막)과 차르르 쉬폰 속지 커튼 세트 판매합니다 
필요하시면 레일까지 같이 드려요~


270*247


이사하며 새로운 분위기 내려고 정리합니당
7월19일 이사라 그날 바로 전달드리면 좋을거 같아용



육아중이라 문고리거래 원해용
상태는 사진 참고해주세용
반품, 교환 불가합니당",125000,2025.10.07,2025,,
214840194,중고나라,이사정리,"(이사정리중, 상태좋음) 마켓비 원목 화장대",,,2025.10.07,2025,,
219366834,중고나라,이사정리,"[ 상태최상_2단독서대(이단독서대) 이사,정리하면서 저","# 물품 상세소개
 집에 모셔둔 독서대 판매합니다.
 독서할때 쓰려고 구입했는데 독서를 안하네요~
 먼저 연락오신분께 넘길게요~
 

 현재 이 상태 그대로 제품 상태확인완료 후 제가 직접 
휴대폰 직찍, 착샷해서 올린 사진이며, 더도 말고, 덜도 말고, 
이 상태 그대로 더 사용하지도 않고, 모셔두고 판매하고 있으니 
참고하시고, 관심 있으신 분 연락주세요~^^< 
 
 

# 물품명 : [상태최상의 2단독서대(이단독서대) 저렴히 판매]
# 구성품 : [상태최상의 2단독서대(이단독서대) 저렴히 판매]
# 판매가격 : 쿨거래 19,800원
# 거래방식 : 개인 직 거래,택배
# 이메일 : choijh0103@naver.com
# 유의사항 : 중고거래특성상 교환이나 환불 불가니
 참고하시고, 신중히 구매주세요~
# 지역 : 경북 구미에서 거래 가능하고, 
 다른 지역은 착불로 택배 보내드리면서 
 바로 송장번호 사진 찍어 보내 드려요~^^",19800,2025.09.24,2025,,
219875291,중고나라,이사정리,리본 리본재료 공예재료 택포 이사정리 가격내림,,75000,2025.09.21,2025,,
219840222,중고나라,이사정리,리본 리본재료 공예재료 택포 이사정리,,80000,2025.09.20,2025,,
211894831,중고나라,이사정리,랜덤하우스 피콜로 재미그림책 전권 이사정리,,49000,2025.09.20,2025,,
219444994,중고나라,이사정리,(이사정리) 프리즘 4K 50인치 스마트TV 팝니다.,,250000,2025.09.20,2025,,
219796674,중고나라,이사정리,"유시민, 풍운아김두한, 텍사스홀덤등 이사가기전에 책들 정리합니다~",,4000,2025.09.19,2025,,
219781729,중고나라,이사정리,리본 리본재료 공예재료 택포 이사정리,,80000,2025.09.19,2025,,
217513193,중고나라,이사정리,이사가방 정리함350,"50개 묶음포장
단가3천원 
일괄요 택배비착불",300000,2025.09.18,2025,,
219490120,중고나라,이사정리,이사준비로 옷장정리합니다/박스가득 넣어드려요/옷 없으신분들 옷장만 하세요/-무료배송,,25000,2025.09.15,2025,,
218575721,중고나라,이사정리,이사정리.동서가구 수납형 슈퍼싱글 침대 프레임(5cm,,60000,2025.09.14,2025,,
218575817,중고나라,이사정리,이사정리)브라운 가죽 3인용 소파(쿠션 1개 포함),,30000,2025.09.14,2025,,
219268650,중고나라,이사정리,아마추어모델언니의 옷정리합니다./박스가득 넣어드려요./옷 없으신분들 옷장만 하세요. 이사준비로 옷장정리합니다.-무...,"📢 제목에 ""제조사/ 브랜드 명""과 “상품명”을 넣어 작성하면, 보다 빠른 판매가 가능합니다! 
📢 게시글 작성 시 배송 방법에 “직거래”와 “내 위치” 설정할 경우, 보다 빠른 판매가 가능합니다! 




안녕하세요.^^

결혼 전 아마추어 출사모델을 취미 삶아 해서 옷이 많아요.
큰언니.작은언니.동생까지 있어서 
내가 평소에 잘 안입게 되는 옷들이랑 불편한옷들, 안어울리는 옷들,
작아진 옷들등등 옷이 너무 많아서 최대한 옷을 정리합니다.

본인 상의 하의 싸이즈
(예시 -상의44.55.66 하의 24. 25.26.27등등)
좋아하는 스타일과 싫어하는 스타일
그리고 나잇대와 신발싸이즈 알려주시면 옷고르는데 참고 사항이 될 듯합니다.^^
전체적으로 정리를 위한 것이라
한가지 스타일만 원하시거나 한계절옷만 원하시는 것도 어렵습니다.

위에 싸이즈와 참고할 만한 사항들을 잘 적어주시면 
옷 정리하는데 참고할 수 있으니 상세하게 잘 적어서 문자나 쳇부탁드려요
100프로 만족시켜드리지 못하오니 
예민하신분이나 까다로우신분은 신중거래부탁드려요.

대신 한두벌에 만원 이만원 NO~NO~
기본 10이상이 기본~
사과박스만한 곳에 가득가득 넣어드리는 가격이 택배포함

기본이 25.000원(배송비포함)부터 100.000가능하시고

25.000ㅡ10벌이상
30000ㅡ15벌이상
40.000ㅡ20벌이상
50.000ㅡ25벌이상
60.000ㅡ30벌이상
70.000ㅡ35벌이상
80.000ㅡ40벌이상
90.000ㅡ45벌이상
100.000ㅡ50벌이상
5천원씩도(2벌정도)추가 가능하세요

딱 한계절만 정해서 보내드릴수는 없고요. 
어느정도 계절반영해서
기본 44~77까지 가능 다양하게 봄.여름.가을.겨울옷으로 챙겨드려요
옷 많이 없으신 여성분들 옷장만 하기 좋은 기회입니다.

예민x
반품 교환 환불 x
010-2421-1공공6으로 연락주세요. 




🚨회원님의 거래 게시글을 노린 중고나라 운영진 사칭 피싱 사이트를 주의하세요🚨",25000,2025.09.11,2025,,
219145685,중고나라,이사정리,[이사정리]지멘스 오븐,"지멘스 빌트인 오븐입니다. 
이사갈 집에서 오븐을 설치해주셔서 급하게 처리해요 😅 

2018년인가 직구로 구입할 때도 꽤 비싸게 샀던 기억이 있지만 당시 구입가는 정확하지 않네요… 최근 지멘스 오븐 중고로 올리온 가격 참고해서 판매가 책정했어요. 참고해주세요. 
아 그리고 직구라 설명서가 모두 독일어지만 그림보면 쉽게 이해돼요. 

4년 전에 이사하면서 둘 곳이 없어서 담에 이사갈 때 설치하려고 계속 보관만 하고 있었는데 이번에 들어가는 곳에 빌트인 오븐이 있고 보관 장소도 마땅치 않아 결국 처분해요 😢
내부는 청소해서 사용하셔야 해요. 😅
사이즈는 사진에 나와있으니 참고해주세요. 👍
양재약 근처 아파트라 이번주 금요일인 12일 오전에 1층에 내려드릴 수 있어요. 
급처라 싸게 내놓아요 😉",300000,2025.09.09,2025,,
219125284,중고나라,이사정리,아마추어모델언니의 옷정리합니다./박스가득 넣어드려요./옷 없으신분들 옷장만 하세요. 이사준비로 옷장정리합니다.-무...,,25000,2025.09.09,2025,,
219115695,중고나라,이사정리,"이사 정리 합니다. 새 제품 쿨 케어 스탠드 써큘레이터 선풍기 택포함 29,000원.",,29000,2025.09.09,2025,,
219044665,중고나라,이사정리,이사준비로 옷장정리합니다/박스가득 넣어드려요/옷 없으신분들 옷장만 하세요/-무료배송,"📢 제목에 ""제조사/ 브랜드 명""과 “상품명”을 넣어 작성하면, 보다 빠른 판매가 가능합니다! 
📢 게시글 작성 시 배송 방법에 “직거래”와 “내 위치” 설정할 경우, 보다 빠른 판매가 가능합니다! 



안녕하세요.^^

결혼 전 아마추어 출사모델을 취미 삶아 해서 옷이 많아요.
큰언니.작은언니.동생까지 있어서 
내가 평소에 잘 안입게 되는 옷들이랑 불편한옷들, 안어울리는 옷들,
작아진 옷들등등 옷이 너무 많아서 최대한 옷을 정리합니다.

본인 상의 하의 싸이즈
(예시 -상의44.55.66 하의 24. 25.26.27등등)
좋아하는 스타일과 싫어하는 스타일
그리고 나잇대와 신발싸이즈 알려주시면 옷고르는데 참고 사항이 될 듯합니다.^^
전체적으로 정리를 위한 것이라
한가지 스타일만 원하시거나 한계절옷만 원하시는 것도 어렵습니다.

위에 싸이즈와 참고할 만한 사항들을 잘 적어주시면 
옷 정리하는데 참고할 수 있으니 상세하게 잘 적어서 문자나 쳇부탁드려요
100프로 만족시켜드리지 못하오니 
예민하신분이나 까다로우신분은 신중거래부탁드려요.

대신 한두벌에 만원 이만원 NO~NO~
기본 10이상이 기본~
사과박스만한 곳에 가득가득 넣어드리는 가격이 택배포함

기본이 25.000원(배송비포함)부터 100.000가능하시고

25.000ㅡ10벌이상
30000ㅡ15벌이상
40.000ㅡ20벌이상
50.000ㅡ25벌이상
60.000ㅡ30벌이상
70.000ㅡ35벌이상
80.000ㅡ40벌이상
90.000ㅡ45벌이상
100.000ㅡ50벌이상
5천원씩도(2벌정도)추가 가능하세요

딱 한계절만 정해서 보내드릴수는 없고요. 
어느정도 계절반영해서
기본 44~77까지 가능 다양하게 봄.여름.가을.겨울옷으로 챙겨드려요
옷 많이 없으신 여성분들 옷장만 하기 좋은 기회입니다.

예민x
반품 교환 환불 x
010-2421-1공공6으로 연락주세요. 





🚨회원님의 거래 게시글을 노린 중고나라 운영진 사칭 피싱 사이트를 주의하세요🚨",25000,2025.09.08,2025,,
218869427,중고나라,이사정리,"엘지,삼성 모니터 이사저가정리","📢 제목에 ""제조사/ 브랜드 명""과 ""상품명”를 넣어 작성하면, 보다 빠른 판매가 가능합니다! 
📢 게시글 작성 시 배송 방법에 “직거래”와 “내 위치” 설정할 경우, 보다 빠른 판매가 가능합니다! 








🚨회원님의 거래 게시글을 노린 중고나라 운영진 사칭 피싱 사이트를 주의하세요🚨 

엘지42인치티비----10만원



그린27인치---4만5천원
아치바 27인치---4만5천원

모뉴앨 26인치 티비모니터 돌비사운드---7만원
엘지42인치티비---10만원
안심번호주세요
갤럭시탭4----8만원
삼성 23인치모니터---4만원


삼성20인치 led hdmi---4만원

엘지 티비모니터---2만5천원
엘지 19인치모니터---2만5천원
프리즘 27인치모니터---9만원
first 22인치 led 모니터---4만원

삼보드림뷰24인치모니터---3만원
엘지 23인치모니터---4만원
각착불 안심번호주세요




1,미사용신품 슈나이더 전동드릴과 체인톱세트---3만원
2,스트로만 리모콘서큐레이터(신품)---3만5천원
3,티비,모니터거치대 미사용품 ---3만원
4. 미사용 에어매트 --------4만원",10000,2025.09.05,2025,,
210081119,중고나라,이사정리,프뢰벨 한글 프로그램 한글떼기 택포 이사정리,,33000,2025.09.05,2025,,
218806280,중고나라,이사정리,"티비,모니터 이사저가정리","📢 제목에 ""제조사/ 브랜드 명""과 ""상품명”를 넣어 작성하면, 보다 빠른 판매가 가능합니다! 
📢 게시글 작성 시 배송 방법에 “직거래”와 “내 위치” 설정할 경우, 보다 빠른 판매가 가능합니다! 








🚨회원님의 거래 게시글을 노린 중고나라 운영진 사칭 피싱 사이트를 주의하세요🚨 
엘지42인치티비----10만원



그린27인치---4만5천원
아치바 27인치---4만5천원

모뉴앨 26인치 티비모니터 돌비사운드---7만원
엘지42인치티비---10만원
안심번호주세요
갤럭시탭4----8만원
삼성 23인치모니터---4만원


삼성20인치 led hdmi---4만원

엘지 티비모니터---2만5천원
엘지 19인치모니터---2만5천원
프리즘 27인치모니터---9만원
first 22인치 led 모니터---4만원

삼보드림뷰24인치모니터---3만원
엘지 23인치모니터---4만원
각착불 안심번호주세요




1,미사용신품 슈나이더 전동드릴과 체인톱세트---3만원
2,스트로만 리모콘서큐레이터(신품)---3만5천원
3,티비,모니터거치대 미사용품 ---3만원
4. 미사용 에어매트 --------4만원",10000,2025.09.04,2025,,
218806161,중고나라,이사정리,"앰프,턴테이블, 구형카세트 이사정리","📢 제목에 ""제조사/ 브랜드 명""과 ""상품명(ex. 3000시리즈 전동 면도기)”을 넣어 작성하면, 보다 빠른 판매가 가능합니다! 
📢 게시글 작성 시 배송 방법에 “직거래”와 “내 위치” 설정할 경우, 보다 빠른 판매가 가능합니다! 








🚨회원님의 거래 게시글을 노린 중고나라 운영진 사칭 피싱 사이트를 주의하세요🚨

알펙스테크닉스턴테이블 ------20만원
삼성턴테이블 ----15만원
안심번호주세요
1, 소니 시디 라디오---10만원
2, 삼성 오토리버스 카세트 라디오 (흰색,검은색)---7만원
3,엘지 오토리버스 카세트라디오(노란색)---7만원
4, 아하 카세트라디오----3만원
5,소니 빈티지라디오----십이만원
6,갤럭시 탭4----8만원
1, 오렌지색 P마운트타입 오됴테크니카트리지와바늘-----십2만원
2, 테크닉스 P 마운트타입카트리지와바늘----십2만원
3, 다이아몬드 니들 H형타입 --8만원
4, 테크닉스 P마운트타입 바늘---5만원
5,데논 DL-8A 정품카트리지와 정품바늘--15만원



소니하이파이 죠그셔틀비디오---7만원
미쯔비시하이파이비디오--5만원
일본산수이 인티앰프 
au-707i 130와트----90만원----외산스피커나
타기기교환가능




안심번호주세요",10000,2025.09.04,2025,,
218768526,중고나라,이사정리,"빈티지,앰프 턴테이블, 카세트기기이사정리해요","📢 제목에 ""제조사/ 브랜드 명""과 ""상품명(ex. 3000시리즈 전동 면도기)”을 넣어 작성하면, 보다 빠른 판매가 가능합니다! 
📢 게시글 작성 시 배송 방법에 “직거래”와 “내 위치” 설정할 경우, 보다 빠른 판매가 가능합니다! 








🚨회원님의 거래 게시글을 노린 중고나라 운영진 사칭 피싱 사이트를 주의하세요🚨
알펙스테크닉스턴테이블 ------20만원
삼성턴테이블 ----15만원
안심번호주세요
1, 소니 시디 라디오---10만원
2, 삼성 오토리버스 카세트 라디오 (흰색,검은색)---7만원
3,엘지 오토리버스 카세트라디오(노란색)---7만원
4, 아하 카세트라디오----3만원
5,소니 빈티지라디오----십이만원
6,갤럭시 탭4----8만원
1, 오렌지색 P마운트타입 오됴테크니카트리지와바늘-----십2만원
2, 테크닉스 P 마운트타입카트리지와바늘----십2만원
3, 다이아몬드 니들 H형타입 --8만원
4, 테크닉스 P마운트타입 바늘---5만원
5,데논 DL-8A 정품카트리지와 정품바늘--15만원



소니하이파이 죠그셔틀비디오---7만원
미쯔비시하이파이비디오--5만원
일본산수이 인티앰프 
au-707i 130와트----90만원----외산스피커나
타기기교환가능




안심번호주세요",10000,2025.09.03,2025,,
218682099,중고나라,이사정리,이사정리 ) 샤넬 코코 마드모아젤 헤어퍼퓸,,63000,2025.09.02,2025,,
218603339,중고나라,이사정리,아마추어모델언니의 옷정리합니다./박스가득 넣어드려요./옷 없으신분들 옷장만 하세요. 이사준비로 옷장정리합니다.-무...,,25000,2025.09.01,2025,,
218464238,중고나라,이사정리,한정판 방탄 지민 정국 인형 판매합니다.(이사짐 정리),"📢 제목에 ""제조사/ 브랜드 명""과 ""상품명”를 넣어 작성하면, 보다 빠른 판매가 가능합니다! 
📢 게시글 작성 시 배송 방법에 “직거래”와 “내 위치” 설정할 경우, 보다 빠른 판매가 가능합니다! 








🚨회원님의 거래 게시글을 노린 중고나라 운영진 사칭 피싱 사이트를 주의하세요🚨

택배박스에서 꺼내서 상태만 확인하고 미개봉으로 잘 보관해온 방탄 윈터 타이니탄 인형입니다. 이사를 가야해서 부피 줄이려고 판매합니다. 지금은 품절된 상태이고 배송비 포함 일괄구매 가격입니다. 문의내용이나 구매하실 분 연락주세요.",30000,2025.08.29,2025,,
218373188,중고나라,이사정리,아마추어모델언니의 옷정리합니다./박스가득 넣어드려요./옷 없으신분들 옷장만 하세요. 이사준비로 옷장정리합니다.-무...,"📢 제목에 ""제조사/ 브랜드 명""과 “상품명”을 넣어 작성하면, 보다 빠른 판매가 가능합니다! 
📢 게시글 작성 시 배송 방법에 “직거래”와 “내 위치” 설정할 경우, 보다 빠른 판매가 가능합니다! 




안녕하세요.^^

결혼 전 아마추어 출사모델을 취미 삶아 해서 옷이 많아요.
큰언니.작은언니.동생까지 있어서 
내가 평소에 잘 안입게 되는 옷들이랑 불편한옷들, 안어울리는 옷들,
작아진 옷들등등 옷이 너무 많아서 최대한 옷을 정리합니다.

본인 상의 하의 싸이즈
(예시 -상의44.55.66 하의 24. 25.26.27등등)
좋아하는 스타일과 싫어하는 스타일
그리고 나잇대와 신발싸이즈 알려주시면 옷고르는데 참고 사항이 될 듯합니다.^^
전체적으로 정리를 위한 것이라
한가지 스타일만 원하시거나 한계절옷만 원하시는 것도 어렵습니다.

위에 싸이즈와 참고할 만한 사항들을 잘 적어주시면 
옷 정리하는데 참고할 수 있으니 상세하게 잘 적어서 문자나 쳇부탁드려요
100프로 만족시켜드리지 못하오니 
예민하신분이나 까다로우신분은 신중거래부탁드려요.

대신 한두벌에 만원 이만원 NO~NO~
기본 10이상이 기본~
사과박스만한 곳에 가득가득 넣어드리는 가격이 택배포함

기본이 25.000원(배송비포함)부터 100.000가능하시고

25.000ㅡ10벌이상
30000ㅡ15벌이상
40.000ㅡ20벌이상
50.000ㅡ25벌이상
60.000ㅡ30벌이상
70.000ㅡ35벌이상
80.000ㅡ40벌이상
90.000ㅡ45벌이상
100.000ㅡ50벌이상
5천원씩도(2벌정도)추가 가능하세요

딱 한계절만 정해서 보내드릴수는 없고요. 
어느정도 계절반영해서
기본 44~77까지 가능 다양하게 봄.여름.가을.겨울옷으로 챙겨드려요
옷 많이 없으신 여성분들 옷장만 하기 좋은 기회입니다.

예민x
반품 교환 환불 x
010-2421-1공공6으로 연락주세요. 




🚨회원님의 거래 게시글을 노린 중고나라 운영진 사칭 피싱 사이트를 주의하세요🚨",25000,2025.08.28,2025,,
207777698,중고나라,이사정리,한솔 신기한 한글나라 한글떼기 택포 이사정리,,40000,2025.08.28,2025,,
217860939,중고나라,이사정리,(이사정리) 플랜트란스 테이블 1000,,230000,2025.08.27,2025,,
218311326,중고나라,이사정리,아마추어모델언니의 옷정리합니다./박스가득 넣어드려요./옷 없으신분들 옷장만 하세요. 이사준비로 옷장정리합니다.-무...,,25000,2025.08.27,2025,,
218256989,중고나라,이사정리,이사정리 -ㅇ삼성 스탠드형 에어컨 2in1,"🏠 삼성 AF19R7573PSN 스탠드형 에어컨 2in1 판매
💫 깔끔한 상태의 삼성 에어컨을 저렴하게 가져가세요!
큰 에어컨 AF19R7573PSN 에어컨 2in1
작은에어컨 AR06R5170HEQ
📋 제품 정보
브랜드: 삼성전자 (Samsung)
모델명: AF19R7573PSN
타입: 스탠드형 2in1 (냉방+제습)
용량: 19평형 (7700W)
에너지효율: 4등급 (255.6 kWh/월)

⏰ 사용 이력
구매 시기: 4년 전 구매
실제 사용: 1년 6개월만 사용 ✨
보관 상태: 깨끗한 실내 보관

🌟 제품 상태 및 장점
✅ 외관 상태 매우 양호 - 긁힘이나 찌그러짐 없음
✅ 정상 작동 - 냉방, 제습 기능 완벽
✅ 필터 청소 완료 - 바로 사용 가능
✅ 에너지효율 인증 - 월 전기료 약 56,000원
✅ 모던한 디자인 - 어떤 인테리어에도 잘 어울림
✅ 대용량 - 거실, 사무실 등 넓은 공간 적합

💰 가격 정보
정가: 200만원대
판매가: 50만원 네고 가능 💬
직거래 필수 (직접 가져가셔야 해요!)

📍 거래 조건
🚛 픽업 전용 - 직접 오셔서 가져가셔야 합니다 - 실외기 장난아니게 무거워요 혼자서는 절대 못듬 
📞 연락처: 
💬 가격 협의: 합리적인 선에서 네고 가능
⚡ 즉시 사용 가능 - 별도 설치만 하시면 됩니다
🏷️ 이런 분께 추천!
새 제품 가격 부담스러우신 분
사무실, 학원 등 상업 공간 운영하시는 분
여름철 대비해서 미리 준비하시는 분
19평 내외의 넓은 공간 냉방 필요하신 분
📞 문의 환영!
궁금한 점이나 실물 확인 원하시면
언제든 편하게 연락 주세요! 😊 이사가는 곳에 에어컨이 설치가 되어 있어서 팔아요 





🚨회원님의 거래 게시글을 노린 중고나라 운영진 사칭 피싱 사이트를 주의하세요🚨",500000,2025.08.26,2025,,
218017157,중고나라,이사정리,이사정리 파격 가격내림 정가200 벙커침대풀셋트,,300000,2025.08.26,2025,,
218227253,중고나라,이사정리,다양한모니터 이사저가정리해요,"📢 제목에 ""제조사/ 브랜드 명""과 ""상품명(ex. 맥북 에어 13)”를 넣어 작성하면, 보다 빠른 판매가 가능합니다! 
📢 게시글 작성 시 배송 방법에 “직거래”와 “내 위치” 설정할 경우, 보다 빠른 판매가 가능합니다! 








🚨회원님의 거래 게시글을 노린 중고나라 운영진 사칭 피싱 사이트를 주의하세요🚨 
엘지42인치티비----10만원



그린27인치---4만5천원
아치바 27인치---4만5천원

모뉴앨 26인치 티비모니터 돌비사운드---7만원
엘지42인치티비---10만원
안심번호주세요
갤럭시탭4----8만원
삼성 23인치모니터---4만원


삼성20인치 led hdmi---4만원

엘지 티비모니터---2만5천원
엘지 19인치모니터---2만5천원
프리즘 27인치모니터---9만원
first 22인치 led 모니터---4만원

삼보드림뷰24인치모니터---3만원
엘지 23인치모니터---4만원
각착불 안심번호주세요




1,미사용신품 슈나이더 전동드릴과 체인톱세트---8만원
2,스트로만 리모콘서큐레이터(신품)---4만원
3,티비,모니터거치대 미사용품 ---3만원
4.미확인 전동드라이브---만5천원",10000,2025.08.26,2025,,
218206918,중고나라,이사정리,모니터 이사정리,"📢 제목에 ""제조사/ 브랜드 명""과 ""상품명(ex. 맥북 에어 13)”를 넣어 작성하면, 보다 빠른 판매가 가능합니다! 
📢 게시글 작성 시 배송 방법에 “직거래”와 “내 위치” 설정할 경우, 보다 빠른 판매가 가능합니다! 








🚨회원님의 거래 게시글을 노린 중고나라 운영진 사칭 피싱 사이트를 주의하세요🚨 



그린27인치---4만5천원
아치바 27인치---4만5천원

모뉴앨 26인치 티비모니터 돌비사운드---7만원
엘지42인치티비---10만원
안심번호주세요
갤럭시탭4----8만원
삼성 23인치모니터---4만원


삼성20인치 led hdmi---4만원

엘지 티비모니터---2만5천원
엘지 19인치모니터---2만5천원
프리즘 27인치모니터---9만원
first 22인치 led 모니터---4만원

삼보드림뷰24인치모니터---3만원
엘지 23인치모니터---4만원
각착불 안심번호주세요




1,미사용신품 슈나이더 전동드릴과 체인톱세트---8만원
2,스트로만 리모콘서큐레이터(신품)---4만원
3,티비,모니터거치대 미사용품 ---3만원
4.미확인 전동드라이브---만5천원


존재하지 않는 이미지입니다.
존재하지 않는 이미지입니다.
존재하지 않는 이미지입니다.


신일냉풍기----7만원

신일선풍기---5만원

빈티지신일선풍기---9만원

미사용전동드릴,톱셋트--8만원





안심번호주세요





일본산수이 인티앰프 
au-707i 130와트----90만원----외산스피커와교환가능

삼성시디카세트--10만원

흰색아하미니카세트--3만원
노랑색 엘지카세트--5만원
소니라디오---12만원
테크닉스5시디피---25만
삼성턴테이블---십5만원
아이와북셀프스피커 그릴망무---8만원
파오니아엘디피기기--50만원

쿼즈와일전자피아노 마크10----오됴기기랑교환합니다
냉풍기--7만원
엘지42인치티비---십만원
빈티지금성티비---2십만원
선풍기히터--2만5천원",5000,2025.08.25,2025,,
218157124,중고나라,이사정리,아마추어모델언니의 옷정리합니다./박스가득 넣어드려요./옷 없으신분들 옷장만 하세요. 이사준비로 옷장정리합니다.-무...,,25000,2025.08.25,2025,,
218113402,중고나라,이사정리,"엘지삼성 20,22,23,24,27모니터 저가이사정리","📢 제목에 ""제조사/ 브랜드 명""과 ""상품명(ex. 맥북 에어 13)”를 넣어 작성하면, 보다 빠른 판매가 가능합니다! 
📢 게시글 작성 시 배송 방법에 “직거래”와 “내 위치” 설정할 경우, 보다 빠른 판매가 가능합니다! 








🚨회원님의 거래 게시글을 노린 중고나라 운영진 사칭 피싱 사이트를 주의하세요🚨 

그린27인치---4만5천원
아치바 27인치---4만5천원

모뉴앨 26인치 티비모니터 돌비사운드---7만원
엘지42인치티비---10만원
안심번호주세요
갤럭시탭4----8만원
삼성 23인치모니터---4만원


삼성20인치 led hdmi---4만원

엘지 티비모니터---2만5천원
엘지 19인치모니터---2만5천원
프리즘 27인치모니터---9만원
first 22인치 led 모니터---4만원

삼보드림뷰24인치모니터---3만원
엘지 23인치모니터---4만원
각착불 안심번호주세요




1,미사용신품 슈나이더 전동드릴과 체인톱세트---8만원
2,스트로만 리모콘서큐레이터(신품)---4만원
3,티비,모니터거치대 미사용품 ---3만원
4.미확인 전동드라이브---만5천원


존재하지 않는 이미지입니다.
존재하지 않는 이미지입니다.
존재하지 않는 이미지입니다.


신일냉풍기----7만원

신일선풍기---5만원

빈티지신일선풍기---9만원

미사용전동드릴,톱셋트--8만원





안심번호주세요





일본산수이 인티앰프 
au-707i 130와트----90만원----외산스피커와교환가능

삼성시디카세트--10만원

흰색아하미니카세트--3만원
노랑색 엘지카세트--5만원
소니라디오---12만원
테크닉스5시디피---25만
삼성턴테이블---십5만원
아이와북셀프스피커 그릴망무---8만원
파오니아엘디피기기--50만원

쿼즈와일전자피아노 마크10----오됴기기랑교환합니다
냉풍기--7만원
엘지42인치티비---십만원
빈티지금성티비---2십만원
선풍기히터--2만5천원",10000,2025.08.24,2025,,
218068072,중고나라,이사정리,20.22.23.27인치모니터 이사 저가정리,"📢 제목에 ""제조사/ 브랜드 명""과 ""상품명(ex. 맥북 에어 13)”를 넣어 작성하면, 보다 빠른 판매가 가능합니다! 
📢 게시글 작성 시 배송 방법에 “직거래”와 “내 위치” 설정할 경우, 보다 빠른 판매가 가능합니다! 








🚨회원님의 거래 게시글을 노린 중고나라 운영진 사칭 피싱 사이트를 주의하세요🚨 

그린27인치---4만5천원
아치바 27인치---4만5천원

모뉴앨 26인치 티비모니터 돌비사운드---7만원
엘지42인치티비---10만원
안심번호주세요
갤럭시탭4----8만원
삼성 23인치모니터---4만원


삼성20인치 led hdmi---4만원

엘지 티비모니터---2만5천원
엘지 19인치모니터---2만5천원
프리즘 27인치모니터---9만원
first 22인치 led 모니터---4만원

삼보드림뷰24인치모니터---3만원
엘지 23인치모니터---4만원
각착불 안심번호주세요




1,미사용신품 슈나이더 전동드릴과 체인톱세트---8만원
2,스트로만 리모콘서큐레이터(신품)---4만원
3,티비,모니터거치대 미사용품 ---3만원
4.미확인 전동드라이브---만5천원


존재하지 않는 이미지입니다.
존재하지 않는 이미지입니다.
존재하지 않는 이미지입니다.


신일냉풍기----7만원

신일선풍기---5만원

빈티지신일선풍기---9만원

미사용전동드릴,톱셋트--8만원





안심번호주세요





일본산수이 인티앰프 
au-707i 130와트----90만원----외산스피커와교환가능

삼성시디카세트--10만원

흰색아하미니카세트--3만원
노랑색 엘지카세트--5만원
소니라디오---12만원
테크닉스5시디피---25만
삼성턴테이블---십5만원
아이와북셀프스피커 그릴망무---8만원
파오니아엘디피기기--50만원

쿼즈와일전자피아노 마크10----오됴기기랑교환합니다
냉풍기--7만원
엘지42인치티비---십만원
빈티지금성티비---2십만원
선풍기히터--2만5천원",10000,2025.08.23,2025,,
216867709,중고나라,이사정리,1년전 구매 새 가죽 쇼파 이사로 정리,"1년전 구매한 50만원짜리 쇼파 (스툴 포함)
이사로 인해 정리합니다.

사이즈 : 1980*1050*740mm

가죽쇼파로 아주 깨끗합니다.

판매금액 : 10만원",100000,2025.08.21,2025,,
217892782,중고나라,이사정리,영어 원서 이사준비로 대폭 정리합니다,,,2025.08.21,2025,,
217757716,중고나라,이사정리,영어 원서 이사준비로 대폭 정리합니다,,,2025.08.19,2025,,
217645626,중고나라,이사정리,오늘만 가격포기 이사정리 인켈 우퍼(앰프내장) 상태최상 10만원,,10,2025.08.17,2025,,
217617183,중고나라,이사정리,빈티지기기 이사정리,"📢 제목에 ""제조사/ 브랜드 명""과 ""상품명(ex. 3000시리즈 전동 면도기)”을 넣어 작성하면, 보다 빠른 판매가 가능합니다! 
📢 게시글 작성 시 배송 방법에 “직거래”와 “내 위치” 설정할 경우, 보다 빠른 판매가 가능합니다! 








🚨회원님의 거래 게시글을 노린 중고나라 운영진 사칭 피싱 사이트를 주의하세요🚨

알펙스테크닉스턴테이블 ------20만원
삼성턴테이블 ----15만원
안심번호주세요
1, 소니 시디 라디오---10만원
2, 삼성 오토리버스 카세트 라디오 (흰색,검은색)---7만원
3,엘지 오토리버스 카세트라디오(노란색)---7만원
4, 아하 카세트라디오----3만원
5,소니 빈티지라디오----십이만원
6,갤럭시 탭4----8만원
1, 오렌지색 P마운트타입 오됴테크니카-----십3만원
2, 테크닉스 P 마운트타입----십3만원
3, 다이아몬드 니들 H형타입 --5만원
4, 테크닉스 P마운트타입 바늘---5만원
5,데논 DL-8A 정품카트리지와 정품바늘--18만원



소니하이파이 죠그셔틀비디오---9만원
미쯔비시하이파이비디오--5만원
일본산수이 인티앰프 
au-707i 130와트----90만원----외산스피커와교환가능




안심번호주세요






일본산수이 인티앰프 
au-707i 130와트----90만원----외산스피커와교환가능

삼성시디카세트--10만원

흰색아하미니카세트--3만원
노랑색 엘지카세트--5만원
소니라디오---12만원
테크닉스5시디피---25만

아이와북셀프스피커 그릴망무---8만원
파오니아엘디피기기--50만원
쿼즈와일전자피아노 마크10----오됴기기랑교환합니다
엘지42인치티비---십만원

냉풍기--7만원

ㅁ
미사용신품 리모콘에어서큐레이터----4만원
미사용 제이슨무선선풍기-----만5천원
신일선풍기---5만원

빈티지신일선풍기---9만원

미사용전동드릴,톱셋트--8만원

엘지 42인치티비---십만원
빈티지금성티비---2십만원
선풍기히터--2만5천원
택배가 
이사정리합니다 안심번호주세요",10000,2025.08.16,2025,,
217537721,중고나라,이사정리,모니터 이사저가정리,"📢 제목에 ""제조사/ 브랜드 명""과 ""상품명(ex. 맥북 에어 13)”를 넣어 작성하면, 보다 빠른 판매가 가능합니다! 
📢 게시글 작성 시 배송 방법에 “직거래”와 “내 위치” 설정할 경우, 보다 빠른 판매가 가능합니다! 








🚨회원님의 거래 게시글을 노린 중고나라 운영진 사칭 피싱 사이트를 주의하세요🚨 
그린27인치---5만원
아치바 27인치---5만원

모뉴앨 26인치 티비모니터 돌비사운드---7만원
안심번호주세요
갤럭시탭4----8만원
삼성 23인치모니터---4만원


삼성20인치 led hdmi---4만원

엘지 티비모니터---2만5천원
엘지 19인치모니터---2만5천원
프리즘 27인치모니터---9만원
first 22인치 led 모니터---4만원

삼보드림뷰24인치모니터---3만원
엘지 23인치모니터---4만원
각착불 안심번호주세요




1,미사용신품 슈나이더 전동드릴과 체인톱세트---8만원
2,스트로만 리모콘서큐레이터(신품)---4만원
3,티비,모니터거치대 미사용품 ---3만원
4.미확인 전동드라이브---만5천원


존재하지 않는 이미지입니다.
존재하지 않는 이미지입니다.
존재하지 않는 이미지입니다.


신일냉풍기----7만원

신일선풍기---5만원

빈티지신일선풍기---9만원

미사용전동드릴,톱셋트--8만원





안심번호주세요





일본산수이 인티앰프 
au-707i 130와트----90만원----외산스피커와교환가능

삼성시디카세트--10만원

흰색아하미니카세트--3만원
노랑색 엘지카세트--5만원
소니라디오---12만원
테크닉스5시디피---25만
삼성턴테이블---십5만원
아이와북셀프스피커 그릴망무---8만원
파오니아엘디피기기--50만원

쿼즈와일전자피아노 마크10----오됴기기랑교환합니다
냉풍기--7만원
엘지42인치티비---십2만원
빈티지금성티비---2십만원
선풍기히터--2만5천원",100000,2025.08.15,2025,,
217537633,중고나라,이사정리,"산수이인티,테크닉스턴외 다수기종 이사정리","📢 제목에 ""제조사/ 브랜드 명""과 ""상품명(ex. 3000시리즈 전동 면도기)”을 넣어 작성하면, 보다 빠른 판매가 가능합니다! 
📢 게시글 작성 시 배송 방법에 “직거래”와 “내 위치” 설정할 경우, 보다 빠른 판매가 가능합니다! 








🚨회원님의 거래 게시글을 노린 중고나라 운영진 사칭 피싱 사이트를 주의하세요🚨

알펙스테크닉스턴테이블 ------20만원
삼성턴테이블 ----15만원
안심번호주세요
1, 소니 시디 라디오---10만원
2, 삼성 오토리버스 카세트 라디오 (흰색,검은색)---7만원
3,엘지 오토리버스 카세트라디오(노란색)---7만원
4, 아하 카세트라디오----3만원
5,소니 빈티지라디오----십이만원
6,갤럭시 탭4----8만원
1, 오렌지색 P마운트타입 오됴테크니카-----십3만원
2, 테크닉스 P 마운트타입----십3만원
3, 다이아몬드 니들 H형타입 --5만원
4, 테크닉스 P마운트타입 바늘---5만원
5,데논 DL-8A 정품카트리지와 정품바늘--18만원



소니하이파이 죠그셔틀비디오---9만원
미쯔비시하이파이비디오--5만원
일본산수이 인티앰프 
au-707i 130와트----90만원----외산스피커와교환가능




안심번호주세요






일본산수이 인티앰프 
au-707i 130와트----90만원----외산스피커와교환가능

삼성시디카세트--10만원

흰색아하미니카세트--3만원
노랑색 엘지카세트--5만원
소니라디오---12만원
테크닉스5시디피---25만

아이와북셀프스피커 그릴망무---8만원
파오니아엘디피기기--50만원
쿼즈와일전자피아노 마크10----오됴기기랑교환합니다
엘지42인치티비---십만원

냉풍기--7만원

ㅁ
미사용신품 리모콘에어서큐레이터----4만원
미사용 제이슨무선선풍기-----만5천원
신일선풍기---5만원

빈티지신일선풍기---9만원

미사용전동드릴,톱셋트--8만원

엘지 42인치티비---십만원
빈티지금성티비---2십만원
선풍기히터--2만5천원
택배가 
이사정리합니다 안심번호주세요",100000,2025.08.15,2025,,
217410288,중고나라,이사정리,이사정리 가격포기 로그홈 디지털 도어락 3만원,,3,2025.08.13,2025,,
216727087,중고나라,이사정리,"[ 상태최상_2단독서대(이단독서대) 이사,정리하면서 저","# 물품 상세소개
 집에 모셔둔 독서대 판매합니다.
 독서할때 쓰려고 구입했는데 독서를 안하네요~
 먼저 연락오신분께 넘길게요~
 

 현재 이 상태 그대로 제품 상태확인완료 후 제가 직접 
휴대폰 직찍, 착샷해서 올린 사진이며, 더도 말고, 덜도 말고, 
이 상태 그대로 더 사용하지도 않고, 모셔두고 판매하고 있으니 
참고하시고, 관심 있으신 분 연락주세요~^^< 
 
 

# 물품명 : [상태최상의 2단독서대(이단독서대) 저렴히 판매]
# 구성품 : [상태최상의 2단독서대(이단독서대) 저렴히 판매]
# 판매가격 : 쿨거래 29,800원
# 거래방식 : 개인 직 거래,택배
# 이메일 : choijh0103@naver.com
# 유의사항 : 중고거래특성상 교환이나 환불 불가니
 참고하시고, 신중히 구매주세요~
# 지역 : 경북 구미에서 거래 가능하고, 
 다른 지역은 착불로 택배 보내드리면서 
 바로 송장번호 사진 찍어 보내 드려요~^^",29800,2025.08.12,2025,,
214840954,중고나라,이사정리,(이사정리중)마더케이 모유저장팩 200ml 90개(새제,,9500,2025.08.11,2025,,
214841070,중고나라,이사정리,(이사정리중)스타벅스 JNL 핑크 버터플라이 써모스 보,"스타벅스 JNL 핑크 버터플라이 보온병 500ml 새상품이에요

- 스테인리스 재질로 보온/보냉 기능 좋아요
- 원터치 오픈 방식이라 사용하기 편리해요
- 휴대하기 좋은 사이즈입니다

핑크 굿즈 한정판 모으려고 구매했어서
새상품이고 보관상태도 조아용

필요하신분들 연락주셔용 :)




육아중이라 문고리거래 원해용

상태는 사진 참고해주세용
반품, 교환 불가합니당",49000,2025.08.11,2025,500,
214840821,중고나라,이사정리,"(이사정리중, 6개월사용) 원목 4인용 테이블",,6,2025.08.11,2025,,
217305655,중고나라,이사정리,아마추어모델언니의 옷정리합니다./박스가득 넣어드려요./옷 없으신분들 옷장만 하세요. 이사준비로 옷장정리합니다.-무...,"📢 제목에 ""제조사/ 브랜드 명""과 “상품명”을 넣어 작성하면, 보다 빠른 판매가 가능합니다! 
📢 게시글 작성 시 배송 방법에 “직거래”와 “내 위치” 설정할 경우, 보다 빠른 판매가 가능합니다! 



안녕하세요.^^

결혼 전 아마추어 출사모델을 취미 삶아 해서 옷이 많아요.
큰언니.작은언니.동생까지 있어서 
내가 평소에 잘 안입게 되는 옷들이랑 불편한옷들, 안어울리는 옷들,
작아진 옷들등등 옷이 너무 많아서 최대한 옷을 정리합니다.

본인 상의 하의 싸이즈
(예시 -상의44.55.66 하의 24. 25.26.27등등)
좋아하는 스타일과 싫어하는 스타일
그리고 나잇대와 신발싸이즈 알려주시면 옷고르는데 참고 사항이 될 듯합니다.^^
전체적으로 정리를 위한 것이라
한가지 스타일만 원하시거나 한계절옷만 원하시는 것도 어렵습니다.

위에 싸이즈와 참고할 만한 사항들을 잘 적어주시면 
옷 정리하는데 참고할 수 있으니 상세하게 잘 적어서 문자나 쳇부탁드려요
100프로 만족시켜드리지 못하오니 
예민하신분이나 까다로우신분은 신중거래부탁드려요.

대신 한두벌에 만원 이만원 NO~NO~
기본 10이상이 기본~
사과박스만한 곳에 가득가득 넣어드리는 가격이 택배포함

기본이 25.000원(배송비포함)부터 100.000가능하시고

25.000ㅡ10벌이상
30000ㅡ15벌이상
40.000ㅡ20벌이상
50.000ㅡ25벌이상
60.000ㅡ30벌이상
70.000ㅡ35벌이상
80.000ㅡ40벌이상
90.000ㅡ45벌이상
100.000ㅡ50벌이상
5천원씩도(2벌정도)추가 가능하세요

딱 한계절만 정해서 보내드릴수는 없고요. 
어느정도 계절반영해서
기본 44~77까지 가능 다양하게 봄.여름.가을.겨울옷으로 챙겨드려요
옷 많이 없으신 여성분들 옷장만 하기 좋은 기회입니다.

예민x
반품 교환 환불 x
010-2421-1공공6으로 연락주세요. 





🚨회원님의 거래 게시글을 노린 중고나라 운영진 사칭 피싱 사이트를 주의하세요🚨",25000,2025.08.11,2025,,
217242968,중고나라,이사정리,"[이사짐정리] 랜턴, 오라이트(Olight), 페닉스(Fenix), Apex20, i5R, 오펜(O'pen)",,100000,2025.08.10,2025,,
217240960,중고나라,이사정리,"[이사짐정리] 분할판매 텍티컬 티타늄 펜 (벤치메이드, 마이크로텍, 레이돕스, 오라이트, Tenax)",,10000,2025.08.10,2025,,
216862891,중고나라,이사정리,아마추어모델언니의 옷정리합니다./박스가득 넣어드려요./옷 없으신분들 옷장만 하세요. 이사준비로 옷장정리합니다.-무...,,25000,2025.08.04,2025,,
213182211,중고나라,이사정리,이사정리/호주산 물방울 크리스탈 대략3cm 개당가격,"35년전 엄마께서 강남에서도 제일 고급 제품만 파는 기린 건축 인테리어 백화점에서 구입.
당시 가격 샹들리에 와 식탁등을 320만 주셨다고합니다.
리폼하려고 떼어 놓은것중 일부 판매.
조명 판매점에서 요즘은 호주산 비싸서 구하기도 어렵고 단가가 안맞는답니다.
다 중국산. 원산지 새겨진건 아니지만 그냥 보시기만해도 반짝임이 영롱하죠.

썬캐쳐나, 조명에 추가로 몇개 달아놓아도 무지개색 쫙 퍼지면서 너무예뻐요.
*개당가격!!!!!! 120 개있음.
* 대략 옆면크기 3cm

*******사용하던 것이므로 모서리 스크레치, 있어요.
10개 이상 하시는분 네고 가능.
구할수없는 제품이라 안팔리면 리폼할꺼라 무리한 네고는 죄송합니다.
전체 다하셔서 샹들리에 만드시면 포인트 쓰시라고 2배정도 큰볼 증정합니다

반값택배 (구매자부담 1800원), 택배(구매자부담3500) 
근무중 바로답 못드릴수 있으니 양해바랍니다.",2500,2025.08.03,2025,,
216767408,중고나라,이사정리,만물가전기기 이사저가정리해요,"📢 제목에 ""제조사/ 브랜드 명""과 ""상품명(ex. 3000시리즈 전동 면도기)”을 넣어 작성하면, 보다 빠른 판매가 가능합니다! 
📢 게시글 작성 시 배송 방법에 “직거래”와 “내 위치” 설정할 경우, 보다 빠른 판매가 가능합니다! 








🚨회원님의 거래 게시글을 노린 중고나라 운영진 사칭 피싱 사이트를 주의하세요🚨
미사용제이슨 무선선풍기------만5천원
1,미사용신품 슈나이더 전동드릴과 체인톱세트---8만원
2,스트로만 리모콘서큐레이터(신품)---4만원
3,티비,모니터거치대 미사용품 ---3만원
4.미확인 전동드라이브---만5천원


존재하지 않는 이미지입니다.
존재하지 않는 이미지입니다.
존재하지 않는 이미지입니다.


신일냉풍기----7만원

신일선풍기---5만원

빈티지신일선풍기---9만원

미사용전동드릴,톱셋트--8만원





안심번호주세요





일본산수이 인티앰프 
au-707i 130와트----90만원----외산스피커와교환가능

삼성시디카세트--10만원

흰색아하미니카세트--3만원

소니라디오---12만원
테크닉스5시디피---25만
삼성턴테이블--10만원
아이와북셀프스피커 그릴망무---8만원
파오니아엘디피기기--50만원

쿼즈와일전자피아노 마크10----오됴기기랑교환합니다
엘지42인치티비----십만원
냉풍기--7만원

빈티지금성티비---2십만원
선풍기히터--2만5천원
대구직거래가능 택배가 
이사정리합니다 안심번호주세요",111111,2025.08.02,2025,,
216423716,중고나라,이사정리,아마추어모델언니의 옷정리합니다./박스가득 넣어드려요./옷 없으신분들 옷장만 하세요. 이사준비로 옷장정리합니다.-무...,,25000,2025.07.28,2025,,
216367388,중고나라,이사정리,"이사 정리 합니다. 새 제품 아웃도어 미니 폴딩 웨건 택포함 29,000원 입니다.",,29000,2025.07.28,2025,,
216142689,중고나라,이사정리,아마추어모델언니의 옷정리합니다./박스가득 넣어드려요./옷 없으신분들 옷장만 하세요. 이사준비로 옷장정리합니다.-무...,,25000,2025.07.25,2025,,
216018803,중고나라,이사정리,르크루제 하트 스킬렛 쉘핑크 이사정리 새상품 정가이하,,66000,2025.07.23,2025,,
215923292,중고나라,이사정리,아마추어모델언니의 옷정리합니다./박스가득 넣어드려요./옷 없으신분들 옷장만 하세요. 이사준비로 옷장정리합니다.-무...,"📢 제목에 ""제조사/ 브랜드 명""과 “상품명”을 넣어 작성하면, 보다 빠른 판매가 가능합니다! 
📢 게시글 작성 시 배송 방법에 “직거래”와 “내 위치” 설정할 경우, 보다 빠른 판매가 가능합니다! 



안녕하세요.^^

결혼 전 아마추어 출사모델을 취미 삶아 해서 옷이 많아요.
큰언니.작은언니.동생까지 있어서 
내가 평소에 잘 안입게 되는 옷들이랑 불편한옷들, 안어울리는 옷들,
작아진 옷들등등 옷이 너무 많아서 최대한 옷을 정리합니다.

본인 상의 하의 싸이즈
(예시 -상의44.55.66 하의 24. 25.26.27등등)
좋아하는 스타일과 싫어하는 스타일
그리고 나잇대와 신발싸이즈 알려주시면 옷고르는데 참고 사항이 될 듯합니다.^^
전체적으로 정리를 위한 것이라
한가지 스타일만 원하시거나 한계절옷만 원하시는 것도 어렵습니다.

위에 싸이즈와 참고할 만한 사항들을 잘 적어주시면 
옷 정리하는데 참고할 수 있으니 상세하게 잘 적어서 문자나 쳇부탁드려요
100프로 만족시켜드리지 못하오니 
예민하신분이나 까다로우신분은 신중거래부탁드려요.

대신 한두벌에 만원 이만원 NO~NO~
기본 10이상이 기본~
사과박스만한 곳에 가득가득 넣어드리는 가격이 택배포함

기본이 25.000원(배송비포함)부터 100.000가능하시고

25.000ㅡ10벌이상
30000ㅡ15벌이상
40.000ㅡ20벌이상
50.000ㅡ25벌이상
60.000ㅡ30벌이상
70.000ㅡ35벌이상
80.000ㅡ40벌이상
90.000ㅡ45벌이상
100.000ㅡ50벌이상
5천원씩도(2벌정도)추가 가능하세요

딱 한계절만 정해서 보내드릴수는 없고요. 
어느정도 계절반영해서
기본 44~77까지 가능 다양하게 봄.여름.가을.겨울옷으로 챙겨드려요
옷 많이 없으신 여성분들 옷장만 하기 좋은 기회입니다.

예민x
반품 교환 환불 x
010-2421-1공공6으로 연락주세요. 






🚨회원님의 거래 게시글을 노린 중고나라 운영진 사칭 피싱 사이트를 주의하세요🚨",25000,2025.07.22,2025,,
215882901,중고나라,이사정리,"[오늘만 25만, 이사 정리 중] 스노우피크 하이텐션 코트",,250000,2025.07.22,2025,,
215771398,중고나라,이사정리,아마추어모델언니의 옷정리합니다./박스가득 넣어드려요./옷 없으신분들 옷장만 하세요. 이사준비로 옷장정리합니다.-무...,,25000,2025.07.20,2025,,
215662303,중고나라,이사정리,파타고니아 키즈 뽀글이 자켓 핑크 5t (이사로 인한 정리),,45000,2025.07.19,2025,,
215566862,중고나라,이사정리,[이사정리 일괄판매 특가] 에어컨 냉장고 식세기 TV,"1. LG 휘센 2in1 에어컨 (FQ17V8DWAN + SQ07BJWAJ)
가격: 50만원

LG 휘센 2in1 에어컨 (거실 스탠드형 + 안방 벽걸이형 풀세트) 실외기(FQ248DFU) 포함입니다.
ㆍ19년도 구입, 지금까지 거실에서 쾌적하게 사용
ㆍ24년도 벽걸이형 에어컨 추가 설치, 안방에서도 별도 사용 중
(추가 설치 시, 기존 거실 에어컨 내부 청소 전문업체에 의뢰하여 청소)
ㆍ25년 6월 에어컨(거실+안방) 가스 충전 완료
ㆍ상태 양호, 설치된 상태로 직접 확인 가능

2. LG 매직스페이스 4도어 냉장고 (F877TS55 / 870L)
가격: 10만원

ㆍ19년 구매, 고장 한 번 없이 성능 매우 양호

3. SK매직 식기세척기 (DWA-8005B)
가격: 15만원

2년 실사용, 나머진 창고 보관이라 거의 새 제품급입니다
ㆍ6인용, 터치온 방식
ㆍ실사용은 이사 전 2년
ㆍ이사 후 설치 불가해 보관만 해왔습니다.
ㆍ외관/내부 상태 매우 양호

4. LG 49인치 UHD TV (49UN7800ENA)
가격: 15만원

거의 새제품 수준의 TV 찾으시는 분 강력 추천
ㆍ구매 후 제대로 사용 못함 (아기 재우고 안방에서 조용히 보려 했으나, 아기 분리수면 실패)
ㆍ안방창고에서 보관만 해왔고, 스크래치 하나 없이 깔끔
ㆍUHD 화질/실사용 거의 없음

정말 아깝지만 이사 하는 관계로 더 이상 사용 계획 없어 판매합니다.
직거래로 직접 확인 가능하며, 빠르게 가져가실 분께 네고 가능합니다!

ㆍ8월 18일 이사 당일. 오전 중 1층 하차까지 도와드립니다. 그 이후엔 직접 운반하셔야 하니 미리 연락 주세요",1111,2025.07.18,2025,,
215203920,중고나라,이사정리,아마추어모델언니의 옷정리합니다./박스가득 넣어드려요./옷 없으신분들 옷장만 하세요. 이사준비로 옷장정리합니다.-무...,,25000,2025.07.14,2025,,
215187960,중고나라,이사정리,이사정리] 클립쉬센터 우퍼 R-10SW + Y케이블 + 방진패드,,270000,2025.07.14,2025,,
206353749,중고나라,이사정리,영어 보드북 영어책 26권 이사정리,,30000,2025.07.12,2025,,
205887831,중고나라,이사정리,에듀매쓰 키즈 만지고느끼고 이사정리,,18000,2025.07.12,2025,,
215057305,중고나라,이사정리,"이사 정리 합니다.새 제품 스테인레스 곰솥 냄비와 돔 스티머 세트 택포함 29,000원.",,29000,2025.07.12,2025,,
214948998,중고나라,이사정리,"이사 정리 합니다. 새 제품 대용량 에어 프라이어 18리터 택포함 54,000원 입니다.",,18,2025.07.11,2025,,
214861384,중고나라,이사정리,아마추어모델언니의 옷정리합니다./박스가득 넣어드려요./옷 없으신분들 옷장만 하세요. 이사준비로 옷장정리합니다.-무...,,25000,2025.07.10,2025,,
214787535,중고나라,이사정리,"이사 정리 합니다. 새 제품 디지털 리모컨 에어 써큘레이터 선풍기 택포함 44,000원.",,44000,2025.07.09,2025,,
214677656,중고나라,이사정리,이사정리 눈으로 보는 통합교과 전권 39권,,19000,2025.07.08,2025,,
214613043,중고나라,이사정리,아마추어모델언니의 옷정리합니다./박스가득 넣어드려요./옷 없으신분들 옷장만 하세요. 이사준비로 옷장정리합니다.-무...,"📢 제목에 ""제조사/ 브랜드 명""과 “상품명”을 넣어 작성하면, 보다 빠른 판매가 가능합니다! 
📢 게시글 작성 시 배송 방법에 “직거래”와 “내 위치” 설정할 경우, 보다 빠른 판매가 가능합니다! 


안녕하세요.^^

결혼 전 아마추어 출사모델을 취미 삶아 해서 옷이 많아요.
큰언니.작은언니.동생까지 있어서 
내가 평소에 잘 안입게 되는 옷들이랑 불편한옷들, 안어울리는 옷들,
작아진 옷들등등 옷이 너무 많아서 최대한 옷을 정리합니다.

본인 상의 하의 싸이즈
(예시 -상의44.55.66 하의 24. 25.26.27등등)
좋아하는 스타일과 싫어하는 스타일
그리고 나잇대와 신발싸이즈 알려주시면 옷고르는데 참고 사항이 될 듯합니다.^^
전체적으로 정리를 위한 것이라
한가지 스타일만 원하시거나 한계절옷만 원하시는 것도 어렵습니다.

위에 싸이즈와 참고할 만한 사항들을 잘 적어주시면 
옷 정리하는데 참고할 수 있으니 상세하게 잘 적어서 문자나 쳇부탁드려요
100프로 만족시켜드리지 못하오니 
예민하신분이나 까다로우신분은 신중거래부탁드려요.

대신 한두벌에 만원 이만원 NO~NO~
기본 10이상이 기본~
사과박스만한 곳에 가득가득 넣어드리는 가격이 택배포함

기본이 25.000원(배송비포함)부터 100.000가능하시고

25.000ㅡ10벌이상
30000ㅡ15벌이상
40.000ㅡ20벌이상
50.000ㅡ25벌이상
60.000ㅡ30벌이상
70.000ㅡ35벌이상
80.000ㅡ40벌이상
90.000ㅡ45벌이상
100.000ㅡ50벌이상
5천원씩도(2벌정도)추가 가능하세요

딱 한계절만 정해서 보내드릴수는 없고요. 
어느정도 계절반영해서
기본 44~77까지 가능 다양하게 봄.여름.가을.겨울옷으로 챙겨드려요
옷 많이 없으신 여성분들 옷장만 하기 좋은 기회입니다.

예민x
반품 교환 환불 x
010-2421-1공공6으로 연락주세요. 






🚨회원님의 거래 게시글을 노린 중고나라 운영진 사칭 피싱 사이트를 주의하세요🚨",25000,2025.07.07,2025,,
214477490,중고나라,이사정리,아마추어모델언니의 옷정리합니다./박스가득 넣어드려요./옷 없으신분들 옷장만 하세요. 이사준비로 옷장정리합니다.-무...,,25000,2025.07.05,2025,,
214283000,중고나라,이사정리,아마추어모델언니의 옷정리합니다./박스가득 넣어드려요./옷 없으신분들 옷장만 하세요. 이사준비로 옷장정리합니다.-무...,,25000,2025.07.03,2025,,
214153851,중고나라,이사정리,"이사 정리 합니다. 새 제품 매직 핸즈 인덕션 프라이팬 4종 입니다. 택포함 34,000원.",,4,2025.07.02,2025,,
213974339,중고나라,이사정리,아마추어모델언니의 옷정리합니다./박스가득 넣어드려요./옷 없으신분들 옷장만 하세요. 이사준비로 옷장정리합니다.-무...,,25000,2025.06.30,2025,,
213649811,중고나라,이사정리,아마추어모델언니의 옷정리합니다./박스가득 넣어드려요./옷 없으신분들 옷장만 하세요. 이사준비로 옷장정리합니다.-무...,"📢 제목에 ""제조사/ 브랜드 명""과 “상품명”을 넣어 작성하면, 보다 빠른 판매가 가능합니다! 
📢 게시글 작성 시 배송 방법에 “직거래”와 “내 위치” 설정할 경우, 보다 빠른 판매가 가능합니다! 


안녕하세요.^^

결혼 전 아마추어 출사모델을 취미 삶아 해서 옷이 많아요.
큰언니.작은언니.동생까지 있어서 
내가 평소에 잘 안입게 되는 옷들이랑 불편한옷들, 안어울리는 옷들,
작아진 옷들등등 옷이 너무 많아서 최대한 옷을 정리합니다.

본인 상의 하의 싸이즈
(예시 -상의44.55.66 하의 24. 25.26.27등등)
좋아하는 스타일과 싫어하는 스타일
그리고 나잇대와 신발싸이즈 알려주시면 옷고르는데 참고 사항이 될 듯합니다.^^
전체적으로 정리를 위한 것이라
한가지 스타일만 원하시거나 한계절옷만 원하시는 것도 어렵습니다.

위에 싸이즈와 참고할 만한 사항들을 잘 적어주시면 
옷 정리하는데 참고할 수 있으니 상세하게 잘 적어서 문자나 쳇부탁드려요
100프로 만족시켜드리지 못하오니 
예민하신분이나 까다로우신분은 신중거래부탁드려요.

대신 한두벌에 만원 이만원 NO~NO~
기본 10이상이 기본~
사과박스만한 곳에 가득가득 넣어드리는 가격이 택배포함

기본이 25.000원(배송비포함)부터 100.000가능하시고

25.000ㅡ10벌이상
30000ㅡ15벌이상
40.000ㅡ20벌이상
50.000ㅡ25벌이상
60.000ㅡ30벌이상
70.000ㅡ35벌이상
80.000ㅡ40벌이상
90.000ㅡ45벌이상
100.000ㅡ50벌이상
5천원씩도(2벌정도)추가 가능하세요

딱 한계절만 정해서 보내드릴수는 없고요. 
어느정도 계절반영해서
기본 44~77까지 가능 다양하게 봄.여름.가을.겨울옷으로 챙겨드려요
옷 많이 없으신 여성분들 옷장만 하기 좋은 기회입니다.

예민x
반품 교환 환불 x
010-2421-1공공6으로 연락주세요. 






🚨회원님의 거래 게시글을 노린 중고나라 운영진 사칭 피싱 사이트를 주의하세요🚨",25000,2025.06.26,2025,,
213570432,중고나라,이사정리,"이사 정리 합니다. 새 제품 보이는 투명 에어프라이어 5리터 택포함 44,000원.",,5,2025.06.25,2025,,
213570250,중고나라,이사정리,"이사 정리 합니다. 새 제품 인덕션 전기레인지와 양수 냄비 세트 택포함 34,000원.",,34000,2025.06.25,2025,,
213525855,중고나라,이사정리,[이사정리]삼성 공기청정기 판매합니다.,"📢 제목에 ""제조사/ 브랜드 명""과 ""상품명(ex. 3000시리즈 전동 면도기)”을 넣어 작성하면, 보다 빠른 판매가 가능합니다! 
📢 게시글 작성 시 배송 방법에 “직거래”와 “내 위치” 설정할 경우, 보다 빠른 판매가 가능합니다! 

-상품명 : 삼성전자 블루스카이 공기청정기 AX033B310GBD
-구입시기 : 2023.12
-사용기간 : 18개월 
-하자여부 : 없음
( 흡연 안하고, 필터 교체하고 사용하시면 될 것 같습니다. )

구매문의: 010-9930-9762 

배송은 구매자 부담입니다.
구매 후 연락부탁드립니다. 

단순 거주 지역을 옮겨야해서 판매를 하게 되었습니다. 
혹여 생각이 있으시다면 연락부탁드립니다.







🚨회원님의 거래 게시글을 노린 중고나라 운영진 사칭 피싱 사이트를 주의하세요🚨",90000,2025.06.25,2025,,
213525704,중고나라,이사정리,[이사정리]삼성 TV 55인치(138cm) 판매합니다,,450000,2025.06.25,2025,,
213525551,중고나라,이사정리,[이사정리]삼성 드럼세탁기(24kg)&건조기(17kg) 판매합니다.,,900000,2025.06.25,2025,,
213358325,중고나라,이사정리,아마추어모델언니의 옷정리합니다./박스가득 넣어드려요./옷 없으신분들 옷장만 하세요. 이사준비로 옷장정리합니다.-무...,,25000,2025.06.23,2025,,
213114084,중고나라,이사정리,아마추어모델언니의 옷정리합니다./박스가득 넣어드려요./옷 없으신분들 옷장만 하세요. 이사준비로 옷장정리합니다.-무...,,25000,2025.06.20,2025,,
212898479,중고나라,이사정리,[이사정리] 케이컴퍼니 장롱세트 판매합니다.,"📢 제목에 ""제조사/ 브랜드 명""과 “상품명(ex. 4단 책장선반)”을 넣어 작성하면, 보다 빠른 판매가 가능합니다! 
📢 게시글 작성 시 배송 방법에 “직거래”와 “내 위치” 설정할 경우, 보다 빠른 판매가 가능합니다! 
 
 
 
 
 
📢 제목에 ""제조사/ 브랜드 명""과 “상품명(ex. 4단 책장선반)”을 넣어 작성하면, 보다 빠른 판매가 가능합니다! 
📢 게시글 작성 시 배송 방법에 “직거래”와 “내 위치” 설정할 경우, 보다 빠른 판매가 가능합니다! 
-상품명 : 케이컴퍼니 이음2800 장롱세트 
-모델명 : DCMD 장롱세트 화이트 
-구입시기 : 2023.12.15
-사용기간 : 18개월 
-하자여부 : 없음 

구매문의: 010-9930-9762 

용달 비용은 구매자 부담입니다. 
구매 후 연락부탁드립니다. 

단순 거주 지역을 옮겨야해서 판매를 하게 되었습니다. 
혹여 생각이 있으시다면 연락부탁드립니다.



🚨회원님의 거래 게시글을 노린 중고나라 운영진 사칭 피싱 사이트를 주의하세요🚨",150000,2025.06.18,2025,,
212898333,중고나라,이사정리,[이사정리]삼성 공기청정기 판매합니다.,"📢 제목에 ""제조사/ 브랜드 명""과 ""상품명(ex. 3000시리즈 전동 면도기)”을 넣어 작성하면, 보다 빠른 판매가 가능합니다! 
📢 게시글 작성 시 배송 방법에 “직거래”와 “내 위치” 설정할 경우, 보다 빠른 판매가 가능합니다! 

-상품명 : 삼성전자 블루스카이 공기청정기 AX033B310GBD
-구입시기 : 2023.12
-사용기간 : 18개월 
-하자여부 : 없음
( 흡연 안하고, 필터 교체하고 사용하시면 될 것 같습니다. )

구매문의: 010-9930-9762 

배송은 구매자 부담입니다.
구매 후 연락부탁드립니다. 

단순 거주 지역을 옮겨야해서 판매를 하게 되었습니다. 
혹여 생각이 있으시다면 연락부탁드립니다.







🚨회원님의 거래 게시글을 노린 중고나라 운영진 사칭 피싱 사이트를 주의하세요🚨",90000,2025.06.18,2025,,
