content_id,platform_id,platform_name,keyword,title,content_text,date
412971717,4,everytime,단기 임대,원룸 단기임대 구합니다 (올해 하반기),9월~12월 정도로 생각하고 있습니다위치는 서울 아무데나 상관없습니다쪽지주세요,2026-06-19
412580115,4,everytime,단기 임대,8월 한 달 단기임대 구합니다,지역은 중구면 좋지만 서울 내면 다 괜찮습니다.좁아도 되지만 2인 거주 가능한 곳이었으면 좋겠습니다편한 방식으로 연락주세요!,2026-06-15
411892743,4,everytime,단기 임대,여름계절학기 동안만 단기임대 구해요,6/22(월)-7/14(화) 23일간 거주 원합니다.학교 앞이 베스트지만 2호선 라인 을지로4가-왕십리까지도 좋아요.주말에는 본가 갈거고 밥도 웬만하면 밖에서 먹을거라 진짜 깨끗하게 쓸 자신 있습니다…!금액은 80-90정도 생각하고 있어요.제,2026-06-08
411841471,4,everytime,단기 임대,아이러니하다,"혐오 표현을 금지하는 법안을 찬성하면서 또 다른 누군가에게 모욕적인 표현을 하네…일베,디씨,펨코,여시,메갈 혐오표현은 나도 보면서 토나와근데 저 법안은 저 혐오표현을 막는 진정한 해결책이 못됨그걸 모르네 사람들이",2026-06-08
411623490,4,everytime,단기 임대,동국대 근처 오피스텔 단기임대,🏠 동국대 후문 인근 오피스텔 단기 거주하실 분 구합니다해외 파견으로 인해 2026년 9월 ~ 2027년 2월까지 거주하실 분을 구하고 있습니다.여자분만 가능합니다!📍 위치- 동국대학교 서울캠퍼스 도보권- 중구청 근처 오피스텔,2026-06-05
411316993,4,everytime,단기 임대,26년 2학기 오피스텔 단기임대,"2학기동안 교환학생을 가야해서 오피스텔 단기임대 올립니다기간: 9월~ 1월 (8월 입주가능)위치: 4호선 숙대입구역에서 도보 8분, 1호선 남영역에서 도보 5분평수: 8평월세: 80 관리비: 13 (가스비 별도)옵션: 냉장고, 세탁기",2026-06-02
411227521,4,everytime,단기 임대,"을지로4가, 충무로역 인근 오피스텔 단기임대하실 분",편하게 연락주세요!!,2026-06-01
411227269,4,everytime,단기 임대,"을지로4가, 충무로 인근오피스텔 단기임대 하실 분","* 을지로4가역 도보 10분, 충무로역 도보 10분, 동대입구역 도보 15분 대로변 오피스텔 단기임대 하실 여자분! 구합니다*교환학생 일정으로 인해 급하게 단기 임대하실 분 구합니다.올해 8월 ~ 27년 2월 중순 (더 일찍 입주 원하거나 더 늦게까지 지내고 싶으",2026-06-01
407618560,4,everytime,단기 임대,이번 여름방학 집 단기임대 구합니다!,이번 여름방학 집 단기임대 구합니다![6월 21일부터 9월 11일]까지 지낼 집 단기임대해주실 분 찾고 있습니다!기간은 앞뒤로 어느 정도 조절 가능하니까(ex.7월부터 가능) 일정 비슷하신 분 연락주세요! 깔끔한 집이나 오피스텔 위주로 연락 주시면 감사하겠습니당,2026-04-17
405400765,4,everytime,단기 임대,EAS(2판)/경영경제/재무관리(12판) 교재 팝니다,"문의 환영, 택배/학교 내 직거래 가능합니다!1. EAS - Q:Skills for Success(Reading and Writing)가격: 5,000원상태: 거의 새책, 코드 미사용비고: 일부 페이지 연필 필기 있음, 구매 전 판본 확인 요망",2026-03-22
405062383,4,everytime,단기 임대,26년 ~6월말 단기임대(마포 경의선숲길),"단기임대 올립니다.위치는 공덕역 근처, 경의선숲길 바로 앞이구요보시면 아시겠지만 1.5룸에 깨끗하고 깔끔하고 안전하고 아늑한 숙소입니다.연락주시면 사진 보여드릴게요.보증금 100에 월세 80 관리비/수도가스 별도(대략월10) 생각하고 있습니다.",2026-03-18
402661099,4,everytime,단기 임대,1671호 지면 pdf입니다 🗞️,동대신문 1671호가 발행됐습니다!1. 학교 곳곳에 비치된 배부대의 지면신문2. 동대신문 홈페이지 www.donggukmedia.com를 통해1671호를 확인하실 수 있습니다 🙌#동대신문 #1671호 #동국대 #동국대학교 #학보사 #지면신문,2026-03-03
400162663,4,everytime,단기 임대,3월 단기임대하실 분 구합니다.,동대졸업하고 종로에서 자취하는 직장인입니다.3월 내내 해외출장이 잡혀서 급하게 단기임대 구합니다.동국대입구역 도보 5분거리에 위치해있고 실평수 14평의 넓은 원룸입니다.관심있으신분은 편하게 쪽지주시면 주소와 사진보내드리겠습니다:).,2026-02-11
399525235,4,everytime,단기 임대,왕복 4시간 통학,기숙사 떨어져서 단기임대 알아보고 있는데 가고싶은 곳이 3월 말까지 차있어요 3주정도 4시간 통학하고 들어갈까 하는데 가능할까요?,2026-02-05
398597415,4,everytime,단기 임대,전평 으휴!!,ㅉㅉ,2026-01-22
398594756,4,everytime,단기 임대,26-1 단기임대 구합니다,2월~6월까지 지낼 원룸 구합니다.위치는 상관없습니다.쪽지 주세요,2026-01-22
398536150,4,everytime,단기 임대,26-1 단기임대 구합니다,위치상관없어용!!,2026-01-21
398467767,4,everytime,단기 임대,바로 반응나오는 무논리 디시 벌레,“선동”우파 니들이 좌파를 깔때 꼭 무논리 무근거 감성충 논하면서 얘기를 하는데 이번 글을 볼까?영포티라는 말만 박으면 아무런 뒷받침해주는 근거가 없어도 오로지 지네 “기분”에 맞으깐 논리 없어도 무책임하게“영포티깐 우파니까 선동해도ㅇㅋ 알빠노” 마인드,2026-01-20
398112356,4,everytime,단기 임대,단기임대구해요,쪽지주세용 2-7월,2026-01-14
398034994,4,everytime,단기 임대,단기임대 구하고 있습니다! 26-1학기,입주 시기는 크게 상관 없습니다. 위치도 상관 없습니다 쪽지 주시면 감사하겠습니다,2026-01-13
397931654,4,everytime,단기 임대,단기임대,2월 한 달이나 3월까지 단기임대 구합니다..!,2026-01-11
397824715,4,everytime,단기 임대,26-1 단기임대구해요!,2-6월 희망하고위치상관없어요쪽지부탁드려용,2026-01-09
397400263,4,everytime,단기 임대,단기임대 구해요 26-1,위치 상관 없습니다쪽지 주세용,2026-01-01
397398082,4,everytime,단기 임대,26-1 단기임대 구합니다!,위치는 상관없습니다!연락 부탁드립니다!,2026-01-01
397277259,4,everytime,단기 임대,26-1 원룸 구합니다,"단기임대,6개월 계약가능한 집 연락주세요!!",2026-12-30
397163484,4,everytime,단기 임대,26-1 단기임대 구합니다,위치는 크게 상관 없습니다연락주세요깨끗하게 써요!,2026-12-29
396848634,4,everytime,단기 임대,단기임대 구합니다,2/3월부터 7월까지로 구해요쪽지주세요! 깨끗하게 사용합니다,2026-12-24
396822535,4,everytime,단기 임대,단기임대 가능한 숙소 구합니다,안녕하세요!남자이고요단기임대 가능한 숙소 구합니다!12월말부터 2월말까지 원합니다!감사합니다!댓글이나 쪽지 부탁드립니다!,2026-12-23
396775941,4,everytime,단기 임대,단기임대 구합니다!,위치 상관 없어요. 26-1에 살 집 구합니다깨끗하게 사는편이에요! 연락 부탁드립니당,2026-12-23
396707155,4,everytime,단기 임대,26-1 원룸 단기임대 구해용,위치 상관없습니다2월 입주 희망합니다쪽지주세요!,2026-12-22
396707138,4,everytime,단기 임대,26-1 단기임대 구해요,위치 상관없습니다쪽지주세요2월 입주 희망합니당,2026-12-22
396660331,4,everytime,단기 임대,단기임대 구합니다!,원룸 단기임대 학교 근처아니어도 되고 2월 말부터 4월 말까지 제가 들어갈겁니다! 쪽지주세요!,2026-12-21
396518862,4,everytime,단기 임대,원룸 단기임대 구합니다(26-1),3월부터도 좋고 2월부터도 좋아요쪽지 남겨주세요! 제가 들어갈 집 구하는겁니당,2026-12-19
396336963,4,everytime,단기 임대,영등포 신축 오피스텔 단기임대,"안녕하세요영등포역 인근 신축 오피스텔 단기임대하실 학우분 구해봅니다!개인 사정상 내년에 입주가 가능할 것 같아서 최소 3개월 이상 단기임대하실 분 찾고있습니다(거주기간은 유연하게 조정가능합니다)전용면적은 20.07m2 원룸이고,영등포역 근방이라",2026-12-17
396336483,4,everytime,단기 임대,영등포 신축 오피스텔 단기임대,"안녕하세요영등포역 인근 신축 오피스텔 단기임대하실 학우분 구해봅니다!개인 사정상 내년에 입주가 가능할 것 같아서 최소 3개월 이상 단기임대하실 분 찾고있습니다(거주기간은 유연하게 조정가능합니다)전용면적은 20.07m2 원룸이고,영등포역 근방이라",2026-12-17
396288468,4,everytime,단기 임대,26-1 단기임대 구해요,동네 상관없으니까 연락주세용,2026-12-16
396097956,4,everytime,단기 임대,원룸 단기임대 구해요!,쪽지주세요 학교랑 안 가까워도 일단 주세요!,2026-12-14
396062520,4,everytime,단기 임대,26-1 원룸 단기임대 구합니다!,쪽지주세요:),2026-12-13
396022538,4,everytime,단기 임대,원룸 단기임대 구해요! (26-1),위치는 학교에서 너무 멀지만 않으면 괜찮습니다! 쪽지주세요!,2026-12-13
395744762,4,everytime,단기 임대,단기임대 구합니다!,1-2월까지 단기임대 구해봅니다!위치는 크게 상관없으며 종강 후 단기임대 생각있으신 분 연락주세요!..,2026-12-09
395472597,4,everytime,단기 임대,충무로 성신여대 등.. 단기임대 구합니다!,26-1구해요 연락주세요!,2026-12-06
395414825,4,everytime,단기 임대,원룸 단기임대 구합니다,혹시 교환 가시는 분들이나 1월~6월 말까지 동대입구 근처나 2호선 라인 자취하시는 분들 중에 단기 임대하실 분 연락 주세용…,2026-12-05
395168770,4,everytime,단기 임대,방학중 자취방 단기임대 구합니다,종강 후~내년 1월 까지 한달정도 지낼 자취방 구합니다.저는 여자라서 여자분이 살던 자취방이면 좋을 것 같습니다!방학 중에 본가 내려가서 방 비는 분들 쪽지 주세용,2026-12-02
394955386,4,everytime,단기 임대,동입 쪽문 자취방 1000/67,"동입 쪽문 나와서 바로인 집입니다1~2월 단기임대자나 1월입주자 찾습니다베란다, 침대, 세탁기, 전자레인지, 책상, 의자, 붙박이장 있고 7평정도로 넓고 쾌적합니다침대가 퀸사이즈여서 단기로 친구랑 살아도 됩니다집주인이 건물 꼭대기층에 거주해",2026-11-28
394214617,4,everytime,단기 임대,26-1 성신여대입구 원룸 6개월 단기임대,"한 학기동안 교환을 다녀와야해서 2월부터 7월 말까지 약 6개월 단기 입주하실 분 구합니다!- 월세 65 (전기, 가스 별도)- 약 6평(원룸 형태인데 구조상 약간 주방 분리)- 비흡연자 여성분 선호- 학교까지 지하철 15분- 엘베",2026-11-16
393410071,4,everytime,단기 임대,삼성전자 vs 하이닉스 복지 비교,본인상 삼성전자 압승 !,2026-11-03
392905372,4,everytime,단기 임대,(영등포역) 신축 오피스텔 단기임대,"안녕하세요영등포역 근방 신축 오피스텔 단기임대하실 학우분 구해봅니다!원래 제가 10.31입주예정인 집이었는데개인 사정상 내년에 입주가 가능할 것 같아서 그때까지 최소 2개월 이상 단기임대하실 분 찾고있습니다전용면적은 20.07m2 원룸이고,",2026-10-27
388551170,4,everytime,단기 임대,1666호 지면 pdf입니다 🗞️,동대신문 1666호가 발행됐습니다!1️⃣학교 곳곳에 비치된 배부대의 지면신문2️⃣동대신문 홈페이지 www.donggukmedia.com를 통해 1666호를 확인하실 수 있습니다 🙌#동대신문 #1666호 #동국대 #동국대학교 #학보사 #지면신문 #온라인신문 #d,2026-09-01
386940145,4,everytime,단기 임대,원룸 4개월 단기임대방 구합니다,"8월중~12월중 2학기 동안 쓸 수 있는 방 구합니다!(기간 조율 가능)학교 근처면 제일 좋지만, 학교 통학 20분내로 가능한 곳이여도 좋습니다혹시 임대하실 분 있으면 쪽지 부탁드립니다아 전 여성입니다!",2026-08-11
385917590,4,everytime,단기 임대,6개월 단기임대,나는 현재 군인이고 학교근처 성신여대나 혜화쪽에서 자취를 하고싶은데 26년2월 부터 6개월정도 단기 임대를 하고 싶어. 근데 매물이 별로 없어서 1년이상 계약을 하고 6개월은 내가 살고 나머지 2학기는 다른 사람을 연결해줘야 하는데 가능 하려나? 예상은 보증금1000에 60정도 예상하고,2026-07-27
382670345,4,everytime,단기 임대,원룸 단기 구합니다,"23살 여학생이구요!6월말~8월30일까지 단기임대 구하고있습니다! 학교 근처 아니여도 괜찮고, 서울 동남부면 좋습니다:) 연락주시면 감사하겠습니다..!",2026-06-12
381690609,4,everytime,단기 임대,단기 임대 구합니다,8월초부터 괜찮고 12월 말까지 살 집 구합니다학교 20분 거리 안쪽이면 좋겠고월세는 max 50~55 정도로 생각하고 있습니다!쪽지주세요,2026-06-03
381590014,4,everytime,단기 임대,1665호 지면 pdf입니다 🗞️,동대신문 1665호가 발행됐습니다!1️⃣학교 곳곳에 비치된 배부대의 지면신문2️⃣동대신문 홈페이지 www.donggukmedia.com를 통해 1665호를 확인하실 수 있습니다 🙌#동대신문 #1665호 #동국대 #동국대학교 #학보사 #지면신문 #온라인신문 #d,2026-06-02
381506460,4,everytime,단기 임대,7-8월 단기임대 구해용,쪽지 주세용월세 60까지 가능합니다!!,2026-06-01
380785951,4,everytime,단기 임대,제21대 대통령선거 국민의힘 김문수 후보 공약,"[공약순위: 1 제목: 자유 주도 성장, 기업하기 좋은 나라]분야: 재정‧경제‧복지, 국방‧통일‧외교통상, 산업자원‧건설교통목표○ 자본, 기술, 노동 3대 혁신으로 경제를 대전환하여 함께 잘사는 새로운 성장과 번영의 시대 실현○ 민간 및 기업의",2026-05-24
380326784,4,everytime,단기 임대,단기 임대 원룸 8~9평,"작성자(집주인):20대 여자2호선 대림역 도보 4분 거리신축이고 세탁기 건조기 전자레인지 냉장고 에어프라이기 침대(퀸사이즈) 책상 등등 다 있습니다관리비,수도비,전기,가스비 다 포함해서 월세 50으로 받으려고 생각중이예요본가 가 있는 동안 내놓",2026-05-19
379783679,4,everytime,단기 임대,원룸 단기 임대,6월 중순 이후부터 12월 까지 단기 임대 가능한 원룸 찾습니다(내년 2월까지도 가능 해요),2026-05-13
379177394,4,everytime,단기 임대,6-8월 단기임대 구합니다,서울 내꼭 학교 근처 아니어도 괜찮아요입주일 퇴실일 전부 협의 가능합니다,2026-05-06
378289240,4,everytime,단기 임대,방학 단기임대 구합니다 원룸,방학 동안 원룸 단기임대 구해봐요. 이왕이면 학교랑 가까우면 좋고 멀어도 큰 상관은 없어요 학기 끝나고 6~8월 2달 반 혹은 6~7월 한달 반 구해봐요. 깨끗하게 쓸 자신 있습니당,2026-04-26
375961529,4,everytime,단기 임대,단기임대 7-8,방학기간중 단기임대 구해요 가격 제안주세요~!!,2026-04-05
375730630,4,everytime,단기 임대,단기임대 원룸 구해요,단기 임대 원룸 구합니다4-6월 단기로 구하고 있고 정말정말 깨끗하게 잘 쓸 자신있어요ㅜ 간절해요ㅜ,2026-04-03
369513865,4,everytime,단기 임대,학교 근처(~도보 15분) 단기임대(2~8월) 구합니다!,학교에서 도보 15분(약수역 정도)까지도 가능합니다! 여자이고 아주 깔끔한 편이라 깨끗하게 잘 사용할 수 있습니다! 연락 부탁드립니다🙏,2026-02-21
369196389,4,everytime,단기 임대,단기 임대 구해용,단기 임대 가능한 곳 구합니당최소 6월까진 가능했으면 좋겠고 꼭 동입/충무로 아니어도 돼요!,2026-02-19
369179994,4,everytime,단기 임대,단기임대,하는 거 어디서 알아봐야할까서울에서 잠깐 3개월정도,2026-02-19
368187267,4,everytime,단기 임대,단기임대 원해용 (2월 ~ 6월or 8월),연락주세용,2026-02-11
367667271,4,everytime,단기 임대,원룸 단기임대 구합니다,"중구, 종로구 교통 좋은 원룸 단기로 구하고 있습니다!2~6,7월 거주 희망하고, 월세는 60이하로 찾고 있습니다:) 오픈채팅으로 연락주시면 감사하겠습니다.https://open.kakao.com/o/sGE8BDeh",2026-02-06
367018747,4,everytime,단기 임대,원룸 단기 임대,"6개월 이하로 원룸 단기 임대 찾고 있습니다!학교 근처면 좋고, 외에 서울 시내여도 괜찮습니다.월세 60 이하로 고려중인데 연락주시면 감사하겠습니다.",2026-01-30
366541622,4,everytime,단기 임대,원룸 단기임대 구합니다,"원룸 월세 55 이하로 올해 6-7월까지 단기임대 구합니다!위치는 학교 기준 대중교통으로 20분 이하, 반지하제외 컨디션만 깨끗하다면 연락주시면 감사하겠습니다:)여성, 비흡연자입니다",2026-01-23
366538011,4,everytime,단기 임대,학교근처 원룸 단기임대 구합니다,단기임대 가능한 원룸 구합니다!여자고 깨끗하게 사용 가능하니 연락주세요!,2026-01-23
365442493,4,everytime,단기 임대,2월 말에 입주 가능한 방 찾아요!,"유학 중이라 2월 말에 귀국하는데 2월 말-3월 초에 입주 가능한 방 찾고 있습니다!혹시 단기로 방 비우시는 분도 괜찮고 (여자, 비흡연자예요)만약 아예 임대하시는 거라면 2년 계약 말고 1년 계약인 곳으로 찾고 있어요댓글이나 쪽지 주시면 감사하겠습니다!",2026-01-09
365327525,4,everytime,단기 임대,월40 투룸 6개월 단기임대 합니다!,"📍비흡연자 여자 분만 가능합니다. 흡연 절대 xxx제가 4년 동안 거주한 곳이고, 단기임대 끝나도 계속 거주할 예정이라 잠깐 나가있는 동안 내놓습니다.다음주까진 계약확정 끝내고 싶어서 저렴하게 올립니다! 빠르게 결정하실 수 있는 분이면 더 좋습니다.평일",2026-01-08
365266019,4,everytime,단기 임대,1월 31일 ~ 2월 26일 단기 임대 구합니다,안녕하세요 2월에 한달 정도 살 집을 구하고 있습니다깨끗하게 사용할 수 있습니다다른 기숙사에서 살다가 한달 동안 기숙사에 살 수는 없고 서울에 계속 머물러야해서 원룸이든 어떤 타입이든 상관 없습니다!! 위치도 상관 없습니다!!혹시 방학 한달 동안 고향에,2026-01-07
365257859,4,everytime,단기 임대,학교 근처 단기 임대 구합니다!,"기한은 1월 중순- 6월 말 또는 8월 말까지 희망합니다.여자, 비흡연자입니다.쪽지 부탁드립니다 :)",2026-01-07
364663829,4,everytime,단기 임대,2월부터 1학기 단기 원룸 임대 구합니다!,쪽지주세요! 깨끗하게 쓰겠습니다! 비흡연자 입니다!,2026-12-30
364051686,4,everytime,단기 임대,단기임대,안암역-보문역 사이에 위치하고 있어서 고려대학교 이공대 캠퍼스까지 도보로 5분 이내 거리입니다.1월~2월 초중순까지 단기임대 합니다!,2026-12-23
363905752,4,everytime,단기 임대,내가 과도하게 서운해 하는지 봐줘,여자친구랑 싸웠어여자친구는 직장인임 난 대학생1. 여자친구는 이성 사친 관계에 대해이해를 못하는 편임 나는 그렇지 않지만애인이 있으면 여사친 만나는 것에는 자제해야 된다는 것에 동의해서여자친구 사귀고 나는 3년간 친하게 지내,2026-12-21
363777844,4,everytime,단기 임대,단기임대,12월 21일부터 1월 20일까지 단기임대하실분 계시나요??,2026-12-20
362211902,4,everytime,단기 임대,충무로 원룸 단기 임대,충무로 원룸 12/12~1/31 사이에 단기임대 하실분 구해요. 궁금하신거 편하게 쪽지주세요!,2026-12-06
362126784,4,everytime,단기 임대,12/10~1/31 사이 충무로 단기임대,충무로 원룸 12/10~1/31일 사이 단기임대 하실 분 구합니다. 월세 50이고 동국대 후문 1~2분 거리입니다.궁금하신거 옵챗으로 편하게 질문주세요~https://open.kakao.com/o/s6YVFB3g,2026-12-05
360489569,4,everytime,단기 임대,‼️충무로 근처 단기 임대 구합니다‼️,"충무로, 동대문, 동입 근처 희망합니다.기간 : 12월 23일 ~ 2월 14일제가 여자라서 여성분이 사셨던 곳이면 좋겠고, 비흡연자이고, 혼자서 조용히 정말 깨끗하게 사용하고 나올 예정입니다. 연락 부탁드립니다🥺",2026-11-18
359599049,4,everytime,단기 임대,동입 원룸 단기임대,"기간2025 1월  ~ 2025 6월 첫째주보증금 300 월세 60위치 : 쪽문 2분거리/ 정문 5분 / 동대입구역 8분여자분 선호침대, 책상, 책장, 전자레인지, 에어프라이어, 화장대, 전신거울, 신발장 구비 풀옵",2026-11-11
359476648,4,everytime,단기 임대,계절학기 동안 쓸 방 구해요 ㅠㅠ,"12/23 - 1/14 동안 쓸 원룸 ,,,단기 임대가 너무너무 필요해서 ㅠㅠ 한번 구해봐요 ㅠㅠㅠ",2026-11-09
354447988,4,everytime,단기 임대,프랑스 단기 임대 사이트,좋은 곳 아는 사람 있으면 공유부탁드립니다!👏😀😀,2026-09-13
350865402,4,everytime,단기 임대,2학기 단기임대 구합니다,9월부터 12월까지 임대해주실 분 구합니다비흡연자 여자이고 동일한 조건이신 분이면 서로 편할 것 같아요. 자취 경험 있고 집 깨끗하게 씁니다!2학기동안 방을 비우실 분이 계신다면 아래 오픈채팅으로 편하게 연락주세요☺️https://open.kakao.com,2026-08-09
349845114,4,everytime,단기 임대,8/22~12/17 사이 동입 자취촌 원룸 단기임대,"8/22~12/17 사이 동입 자취촌 원룸 단기임대월세 50 보증금 없음월세에 수도세, 인터넷 포함 (전기, 가스 제외)퇴실시 청소비 5만원전대차 계약서 작성 필수8/22~12/17 사이 날짜면 임대 기간 조정 가능합니다&",2026-07-29
349237650,4,everytime,단기 임대,8월 한 달 오피스텔 단기 임대,"층무로, 동대문, 을지로 모두 도보 10분 이내 오피스텔 단기 임대하실 여성분 구합니다!관심 있으신 분들 쪽지 주세요!",2026-07-20
347055111,4,everytime,단기 임대,근데,학교 근처 방학 단기 임대 왜 구하는거임 ?,2026-06-22
345969533,4,everytime,단기 임대,‼️방학 중 자취방 단기임대 구합니다‼️,"‼️방학 중 자취방 단기임대 구합니다‼️위치 : 동대입구/충무로역 근처희망 기간 : 종강 후 ~ 8월제가 여자라서, 여성분이 쓰시던 방으로 구해봅니당 !방학때 본가 내려가서 방 비는 분들 연락주세요😊카카오톡 오픈채팅을 시작해 보세요.",2026-06-13
344139016,4,everytime,단기 임대,2학기 단기임대 구합니다!,여자비흡연서울이면 다 상관없어용8월~내년 1월달까지 원합니다쪽지주세요!,2026-05-28
343644249,4,everytime,단기 임대,여름방학 단기임대 구합니다!,"여름방학 단기임대 구합니다5월, 6월부터 ~8월 단기임대 구합니다!!여자고 집에 길게 있을것 같지 않구 깨끗하게 사용 하겠습니다!! 연락주세요!!",2026-05-23
343642084,4,everytime,단기 임대,원룸 월세 무조건 2년인가?,특별히 단기임대라고 안써있으면 무조건 2년이야?중간에 방빼려면 세입자 구해야하고?1년정도만 살고 싶은데..,2026-05-23
342553514,4,everytime,단기 임대,방학 기간동안 단기임대 구합니다!,"남자지만, 결벽증이라고 얘기를 들을 정도로 청결에 진심인 편입니다아주 깨끗하게 쓸 자신있어요! 위치만 어느정도 조건과 맞는다면 다 괜찮습니다8월 초중순까지 구해봐요 연락주세요 :)",2026-05-12
340762885,4,everytime,단기 임대,6/17~8/23(또는 7/4) 단기임대 구합니다,"6/17~8/23까지 10주동안 단기임대로 살 원룸 구합니다. (혹시 저때가 불가능하시면 6/17 - 7/4까지만이라도 구합니다)상세조건은 아래와 같습니다.- 28살 남성, 비흡연자입니다.- 깔끔한 것을 좋아해서 청소 자주 하는 편입니다- 위치",2026-04-24
337678210,4,everytime,단기 임대,CPA 책 처분합니다 많이 가져가세요!!!!!,"1. 심유식 상법 빈지노 5판 (새책) - 6,000원2. 김판기 경제학 일특 (제본 / 약간의 밑줄 / 사진 3~4번 참고)  - 8,000원3. 양소영 세법 10개년 (최신판 / 새책 / 해설 보기 편하려고 칼로 반 갈랐음) - 12,000원4. 임세",2026-03-30
330534147,4,everytime,단기 임대,3~7월 초까지만 서울에 있을건데 월세 방 구할 수 있을까요?,"지금까지 방을 구하지 못해서 너무 걱정되네영,,,,,꼭 월세 아니더라도 하숙같은거라도 구하고싶은데 단기임대 매물도 많이 있나요?",2026-02-14
327794879,4,everytime,단기 임대,단기임대 구합니다,성별 : 남흡연 : x기간 : 2~6개월 사이위치 : 학교랑 30분이내잠깐 혼자 살고 싶어서 단기임대 구해요!아래 오픈채팅으로 연락주세요https://open.kakao.com/o/sY9tY43f,2026-01-16
327777020,4,everytime,단기 임대,단기임대 구해요,여자입니다 신림이랑 가까우면 더 좋습니다..!ㅠㅠ고시 때문에 실강 다니는데 통학 시간이 길어서요..빠른 입주 희망하고 2월 중순이나 초까지도 괜찮아요! 연락주세요!😭,2026-01-16
327705056,4,everytime,단기 임대,2월 단기 임대 가능한 방 찾습니다(3월 1일일까지),"2월 15일~3월 1일 단기로 살수 있는 쉐어하우스, 원룸, 오피스텔을 구하고 있습니다!연락 부탁드립니다!",2026-01-15
327652755,4,everytime,단기 임대,단기 임대할 수 있는 집 구합니다(글쓴이 남자),"동국대 근처(정문, 후문 크게 상관 없음)에서 1월 말부터 2월 말까지 단기로 임대할 수 있을만한 곳 있으면 쪽지 주세요ㅠㅠ 근처에서 교육 받는 거 때문에 올라와야 하는데 머물 곳이 필요합니다ㅠㅠ",2026-01-14
327602639,4,everytime,단기 임대,단기임대할 집 구해요,학교 근처에 두 세달정도 단기임대할 원룸 구해요!관심있으시면 쪽지주세요!!,2026-01-13
327584511,4,everytime,단기 임대,단기 임대 구합니다!,"지금시점부터 2월말까지 1달 15일 정도 지낼 방을 알아보고 있습니다. 생각 있으신분들은 연락 부탁드리겠습니다! (동입,충무로)",2026-01-13
325154468,4,everytime,단기 임대,"내년 상반기 단기임대할 원룸, 오피스텔",학교 근처도 괜찮고7호선 혹은 분당선 라인도 환영입니다 🤗쪽지주세요,2026-12-16
324573054,4,everytime,단기 임대,2024 1~6월 단기임대 구해요~~,"6월말까지 살 수 있는 방 구합니다! (날짜 조정 가능)여자고 쉐어하우스, 원룸 다 괜찮아요쪽지나 오픈카톡 부탁드려요~~https://open.kakao.com/o/sanwjIuf",2026-12-11
323582037,4,everytime,단기 임대,단기임대 원룸 구합니다,12월15일부터 2월 중순까지 살 방을 구합니다.보증금 없이 계약기간 남았는데 본가가시는 분들 월세만 내고 살 수 있는 방 넘겨주시면 감사하겠습니다.쪽지 부탁드립니다,2026-11-30
322657670,4,everytime,단기 임대,12월 중순-1월 중순 단기임대 구합니다,경복궁역 인근에서 인턴을 하게되어 단기 임대를 찾고잇습니다원룸 오피스텔 다 괜찮습니다비흡연 여성입니다 쪽지주세요!!,2026-11-19
322566276,4,everytime,단기 임대,서울 단기임대 구합니다.,12/25- 2/24까지 총 두 달간 단기 원룸 구합니다.종강하시고 지방 가시는 분들이랑 딱 타이밍이 맞겠네요..신림 쪽이면 너무 좋겠지만 그렇지 않아도 서울이면 모두 가능할 것 같습니다졸업생이고 현재 지방 거주중인데 방학에 잠깐 학원 다닐 것 같아서 구,2026-11-18
322441633,4,everytime,단기 임대,오피스텔 단기임대하면,살 사람 있나...? 들어가고 싶은 방 안 놓치고 싶은데 계약기간이 2월 말까지라ㅜ,2026-11-16
321888788,4,everytime,단기 임대,원룸 오피스텔 양도 구합니다,12월 또는 1월부터 내년 6월까지 단기 임대 또는 양도 구해요!충무로근처 아니여도 괜찮습니다.,2026-11-10
313344996,4,everytime,단기 임대,한달 단기임대 하려는데,한달 단기는 이중잠금장치 신경 안 써도 될까?,2026-08-21
311112203,4,everytime,단기 임대,"동대, 신촌 근처 오피스텔 아파트 등 거주하시는 분들 중에 8/7~ 3주간",본가에 계시거나 오랫동안 비워두실 분 등등...단기임대 가능하시다면 댓글 혹은 쪽지 부탁드립니다~~ :),2026-07-30
309339716,4,everytime,단기 임대,단기임대 구합니다 (남자),8월 말까지 학교 근처 단기임대 구합니다방은 깨끗하게 쓸 자신 있습니다쪽지 주시면 감사드리겠습니다!,2026-07-08
309079415,4,everytime,단기 임대,단기 임대 원룸 구합니다,서울 전지역 상관 x7/9-8/15 동안 원룸 임대 가능하신 분 연락 주세요! 🥹여자이고 집은 깨끗하게 사용할 자신 있습니다!!,2026-07-05
307747596,4,everytime,단기 임대,여름 계절 기간 방 단기 임대 하시는 분있나요!,6/25 - 7/12가격과 함께 쪽지 주시면 감사하겠습니다,2026-06-22
307432827,4,everytime,단기 임대,7-8월 단기 임대 구합니다,7-8월 단기 임대 구해요!여자입니다~!안전 때문에 오피스텔이면 좋겠습니다,2026-06-19
296913003,4,everytime,단기 임대,6개월 단기 임대 구합니다!,혹시 6개월~1년반까지 괜찮으니 단기 월세 하실 분 계신가요!??,2026-04-03
284707066,4,everytime,단기 임대,단기임대 구합니다.,"2월~4월 말까지 구하는데, 시기는 조율 가능합니다! 여자이고, 담배 안핍니다! 위치는 학교에서 지하철로 30분 이내였으면 좋겠는데, 여의도에 가까울 수록 좋을 것 같습니다..!인턴십 때문에 구해서 아마 잠만 잘 것 같습니다!!아래 링크로 카톡 부탁드립니다!!",2026-01-30
281531604,4,everytime,단기 임대,2023-1 단기임대 구해용~~~,~5월말 까지 살 수 있는 방 구합니다! (날짜 조정 가능)위치나 방 크기는 상관없어요 ㅎㅎ쪽지 주시면 오픈카톡 보내드리겠습니다~~!,2026-12-30
280983056,4,everytime,단기 임대,상반기 단기임대 구해봅니다(2월~6월),"집 계약이 2월까지라 잠시 살 집 구하고 있습니다~가격대, 위치 상관없이 괜찮은 집 있으면 연락주세요!",2026-12-26
279844794,4,everytime,단기 임대,1월초부터 2월말까지 단기 임대 구합니다 !!,동입이나 충무로쪽 특히 학교랑 가까웠으면 좋겠구 1월초부터 2월말까지 구해요 !!!제가 남자라 남자분이 양도해주셨으면 합니다 !!https://open.kakao.com/o/sI9CxJTe이나 쪽지주세요 !! 가격 최대한 협의하겠습니다 :),2026-12-17
279717352,4,everytime,단기 임대,쪽문 근처 원룸 6개월 단기임대해요!,"📍쪽문, 동입 5분 거리📍2023년 2월 8일 이후 ~ 7월 단기 임대📍월세 45, 보증금 100📍리모델링 한 지 2년도 안된 깨끗한 원룸입니다! 에어컨도 냉장고도 새것이고 냉장고가 일반 원룸에 있는 크기보다 커요. 편합니당📍6개월 정도 해외에",2026-12-16
278895928,4,everytime,단기 임대,원룸 단기임대 구합니다!,12월 26일-2월 5일까지 머물 수 있는 단기임대 원룸 구합니다! 기간은 더 짧게도 조정 가능합니다.6주간 인턴으로 인해 올라오는거라 거의 잠만 잘 것 같아요. 깨끗하게 쓰고 나가겠습니다 :)위치는 학교 근처여도 좋고 5호선 인근이면 더 좋습니다!의향,2026-12-10
259806409,4,everytime,단기 임대,8월 단기 임대 방 구합니다,여자이고 비흡연자 입니다 ! 8월 한달 동안만 거주할 예정으로 단기 임대 방을 찾고 있습니다 ㅠㅠ학교 근처 아니어도 괜찮구요 강동구 쪽이나 성남쪽이면 좋을 것 같습니다 !!,2026-07-11
258213078,4,everytime,단기 임대,"7,8월 단기임대 할 수 있는 원룸(투룸) 구해요",친구랑 동거할 자취방 구해요! 쪽지주세요!,2026-06-27
257665481,4,everytime,단기 임대,방학동안 학교근처 단기임대 구합니다,진짜 정말 잠만자고 깨끗하게 씁니다 쪽지주세요,2026-06-23
257639130,4,everytime,단기 임대,7.8월 단기임대,여자고 7월만 가능해도 괜찮습니다 서울이기만 하면 돼요! 연락 부탁드립니다,2026-06-23
257470811,4,everytime,단기 임대,7월 한 달간 단기임대 할 방 구합니다,여자고 방 깨끗하게 쓸 자신 있어요!본가가 서울이라 평일 동안 잠만 잘 거라 짐도 많지 않습니다쪽지 주세요!,2026-06-22
257274370,4,everytime,단기 임대,삼각지역 남자 2인실 아파트 단기임대해요,안녕하세요 삼각지역 앞 아파트구요지방 근무때매 방이 비어서 남성 2인실 중 한방 이어사실분 구해요기간은 7월 이후부터 ~ 최대 내년1월까지에요.방학때나 학기중 언제라도 상관없구요.새건물이고 가전은 거의 다 있습니다!한학기정도 부담없이,2026-06-20
257068456,4,everytime,단기 임대,7월 한 달간 단기임대 할 방 구합니다,여자고 방 깨끗하게 쓸 자신 있어요!본가가 서울이라 평일 동안 잠만 잘 거라 짐도 많지 않습니다쪽지 주세요!,2026-06-19
256271501,4,everytime,단기 임대,(수정) 학교 도보권 6.4평 신축 오피스텔,"⭐ 건물명 : 오렌지카운티을지로 ⭐⭐ 3000만/53만 ~ 500만/61만 협의 가능 ⭐- 2020년 준공된 신축 오피스텔- 같은 건물에서 가장 넓은 평수(전용 6.4평), 같은 평수에서 가장 높은 층수- 동국대 후문까지 !!!도보!!!로 14",2026-06-15
254384037,4,everytime,단기 임대,6월말-12/31 종로구 단기임대 구해요,"종로 5가-혜화 근처면 가장 좋고동대문 근처나 안국, 한성대입구도 괜찮습니다이 부근 6월말이나 7월부터 연말까지 단기임대 할 원룸 있을까요?여성 쉐어하우스도 괜찮습니다. 연락주세요 !!",2026-06-03
248444547,4,everytime,단기 임대,지방러 방 알아보기 난감하다 ㄹㅇ,차피 방학에는 다시 본가 갈텐데 한달 반을 위해서 방을 구하는게 맞나 단기임대 알아봐야하나,2026-04-25
247008576,4,everytime,단기 임대,단기임대 해보신 분,구하셨을때 학교 근처에 방 좀 있었나요?,2026-04-19
246347427,4,everytime,단기 임대,단기임대 어디서 구함??,4개월 ㅈㄱㄴ,2026-04-16
228674258,4,everytime,단기 임대,원룸 단기임대 구합니다!,최소 6개월이상 지낼 생각입니다! 신공에서 가까우면 좋을꺼같아요!,2026-02-03
227975559,4,everytime,단기 임대,바시대 원룸 단기임대구해요,3월~6월 살 곳 구해요쪽지주세요!남자입니다,2026-01-28
227500864,4,everytime,단기 임대,단기 임대 구합니다!,1학기 복학입니다! 2월 중순부터 6월까지 살 원룸 구합니다. 쪽지 주세요! ㅜㅜ,2026-01-24
227489668,4,everytime,단기 임대,1학기 학교 근처 단기임대 구합니다!,"방학까지여도 좋고, 딱 1학기 3-4개월이여도 좋습니다! 쪽지주세요 !!",2026-01-24
227487481,4,everytime,단기 임대,1학기 단기임대 구해요!,22년 1학기 단기임대 구합니다지하철 조금 타더라도 괜찮으니 쪽지나 댓글 주세요!,2026-01-24
227375287,4,everytime,단기 임대,2월 단기 임대 구합니다,"동입이나 충무로 근처로 2월 단기임대 구해요!잠깐 방 비우시는 분이나 2월 말쯤 계약 끝나시는 분들 중에 방이 놀고 있다면 단기로 거주하고 싶어요2월 둘째주부터 들어가는 것도 괜찮습니다참고로 여자입니다..여기로 연락주셔서 방 정보랑 가격, 기간",2026-01-23
227335441,4,everytime,단기 임대,충무로역 근처 단기 임대 ‼️한달‼️,"현재~2022년 2월 26일<기간>2022년 2월 26일까지<가격>월세4주 55(기간에 맞춰서 조정할 예정입니다.)+전기세,가스비(많이 써도 만원이하로 나옵니다.)‼️집이 빨리 나갔으면 해서 오픈채팅방에서",2026-01-22
227334104,4,everytime,단기 임대,단기임대 구합니다 서울!,한달 정도 지낼 원룸 찾습니다!,2026-01-22
227268434,4,everytime,단기 임대,단기임대 방 구합니다,학교주변지역 개강 전까지만 단기임대 구합니다.2월 한달동안 살고 싶은데 입주일이랑 방 나가는 날 전부 조정해드릴 수 있습니다.(2월 내내 or 2주 or 3주)저는 여자입니다.올해는 진짜 대면이라 방빼면 3월에 방 구하기 힘든데 그렇다구 방 놀,2026-01-22
227243448,4,everytime,단기 임대,단기 임대 집 구합니다,(서울권)단기 임대 집 구합니다3개월에서 6개월까지 생각중입니다!원래 살던 곳계약이 1월까지여서 2월부터 입주 희망합니다. 7-10평 정도 되면 좋을 것 같습니다! 깔끔하게 살고 나가겠습니다!이쪽으로 연락주시면 감사하겠습니다!https:/,2026-01-22
227211801,4,everytime,단기 임대,단기임대 방 구합니다,학교주변지역 개강 전까지만 단기임대 구합니다.2월 한달동안 살고 싶은데 입주일이랑 방 나가는 날 전부 조정해드릴 수 있습니다.(2월 내내 or 2주 or 3주)저는 여자입니다.올해는 진짜 대면이라 방빼면 3월에 방 구하기 힘든데 그렇다구 방 놀,2026-01-21
226067558,4,everytime,단기 임대,22년 2-7월 정도 단기임대 구합니다!!,3-6월도 상관없습니다! 위치는 상관없으나 환승 안 하고 충무로까지 갈 수 있으면 좋겠습니다!21살 남자입니다,2026-01-11
226036624,4,everytime,단기 임대,단기임대 원룸 구합니다,22년 1학기 동안(2~8월) 지낼 원룸구합니다남자이고 4호선 라인 환영입니다쪽지주십쇼!,2026-01-11
226006690,4,everytime,단기 임대,단기임대 제외 에타에서 방 구하는거 장점 뭐임?,안 돌아다녀도 되는거..?.,2026-01-10
224945545,4,everytime,단기 임대,방학 1월 2월 동안 단기 임대 구합니다 !!,진짜 급해요💖 월세 상관 없습니다!동국 율ㄴ벌시티https://open.kakao.com/o/sOUpHXRd,2026-01-01
224153068,4,everytime,단기 임대,남자 단기임대 원룸 구해요,"개강 전까지 2달 정도 머물 만한 방을 구하고 잇습니다위치는 서울 북부만 아니면 환영이고 임대 기간도 유도리 있게 조정 가능하구요흡연, 혼술도 안해서 방에 냄새 배길 일도 없으니 많은 연락 바랍니다~",2026-12-26
224107013,4,everytime,단기 임대,단기임대 방 구합니다!!,동대입구/충무로/약수/금호 등 학교주변지역 1월중순-2월중순 (약 1달) 단기임대 구합니다.방학동안 방이 비는 분들 연락주시면 감사하겠습니다 😀조용하고 깨끗하게 사용하겠습니다!!오픈카톡 주세요:)동국대 주변 단기임대https://op,2026-12-26
222293240,4,everytime,단기 임대,1/1부터 원룸 구하시는 분 찾아요!,후문에서 5분 거리이고 실평수 6평 정도에요!1/1-2/8 정도 단기임대 하실분또는 그 이후로 쭉 사실 분 구합니다! 계약은 1년단위에요,2026-12-14
219895905,4,everytime,단기 임대,원룸 단기임대합니다(임대완료!),"내년 1월부터 8월까지 지내실 분 구합니다. (12월 중순~말부터도 가능합니다.)8월까지 최대한 오래 지내실 분이었으면 좋겠습니다 ! (방 깨끗하게 사용할 수 있는 분..!ㅠㅠ)위치는 충무로, 신공 근처입니다. 더 자세한 사항은 오픈카톡 주시면 알려드리겠습니다☺️",2026-11-28
219868914,4,everytime,단기 임대,단기임대,"내년 2-6,7월 정도로 해서 단기임대 구해요!!! 학교 근처 세정거장 정도였으면 좋겠습니다!!",2026-11-28
219402370,4,everytime,단기 임대,방학 때 단기 원룸 구하시는 분들,"질문글이긴 하지만 방 구하시는 분들이 이 게시판을 많이 보실 것 같아 잠깐 글 올립니다1-2월 단기 임대 생각중인데 행거, 옷장 정도는 당연히 비워드릴 수 있지만 개인 짐을 아예 다 치우는 게 불가능해서요단기임대 구하시는 분들은 아예 공실 컨디션 (기본 가구만 있고",2026-11-24
217952469,4,everytime,단기 임대,원룸 단기임대 구해요 ㅠㅠㅠ,충무로나 동입쪽이었으면 좋겠고 내년 1학기 구해요! 더 길면 좋구요..,2026-11-12
217034137,4,everytime,단기 임대,그냥 수요조사차 오피스텔,내년부터 대면할 것 같아서 그냥 수요조사차 물어보는거ㅇㅇ학교 1km 근방 신축 오피스텔 월세 60~65 정도에 단기임대 6개월? 그 정도 놓으면 수요가 있으려나??,2026-11-05
216441289,4,everytime,단기 임대,1월 2월 단기임대 구합니다,구해요오오,2026-11-01
211077412,4,everytime,단기 임대,단기임대 원룸,구합니다! 연락주세용,2026-09-28
208925741,4,everytime,단기 임대,💗단기임대 구해요💗,10.11월 살고 싶습니다..! (12월까지도 가능)동입 충무로 연락 주세요!!!🏡🏡🏡,2026-09-12
207209420,4,everytime,단기 임대,9월 한달 단기임대 구합니다,급하게 한달 정도만 지낼 곳 구합니다.https://open.kakao.com/o/scofaMxd오픈채팅 연락 주세요,2026-09-02
206991407,4,everytime,단기 임대,단기임대 구함,지역 서울 안이면 크게 상관 x제시해주세요!,2026-09-02
206643719,4,everytime,단기 임대,단기 임대 구합니다,9월부터 들어갈 수 있는 방 구해요ㅠㅠ,2026-08-31
205506099,4,everytime,단기 임대,서울 지역 단기임대 구합니다.,서울 지역 단기임대 구합니다.기간은 길던 짧던 일단 얘기해주시면 거의 맞출 수 있을 것 같아요 맥시멈은 6개월까지 생각하고 있습니다.편하게 연락주세요!,2026-08-24
205185779,4,everytime,단기 임대,학교 근처 원룸 단기임대 구해요ㅜ,9월부터 한학기동안 원룸 단기임대 생각 있으신분들 연락주세요! 엄청 근처 아니고 적당히 근처면 돼요https://open.kakao.com/o/swkzWMvd,2026-08-23
204725454,4,everytime,단기 임대,단기임대 구해요!,위치는 동입+충무로 아니여도 상관없구요! 기간은 3개월 이상이면 좋겠습니다!,2026-08-19
204656085,4,everytime,단기 임대,단기임대 구함,9월부터 10월까지 한달 단기임대 구합니다 ㅠㅠ,2026-08-19
204545793,4,everytime,단기 임대,단기임대 원룸 구합니다!,월세가 좀 비싸더라도 시설 괜찮은걸 선호합니다~,2026-08-18
203862219,4,everytime,단기 임대,원룸 단기 임대합니다.,✔️계약기간: 22년 1월 31일까지✔️ 보증금 100 /월세 48(관리비 포함)공과금(전기세) 사용한 만큼 부담✔️ 위치: 전산원 근처✔️ 복층형 구조라서 공간 활용도가 높고 벌레 없습니다. 궁금한 사항 있으면 댓글 또는 쪽지 보내주,2026-08-14
203786574,4,everytime,단기 임대,🐳 원룸 단기임대 구해요🐳,2월 정도까지 살고싶고대중교통으로 15분 이하만 걸린다면 위치는 상관없습니다 ㅠㅠ월세 4-50만원대 생각하고있고깔끔한 방이면 좋을 것 같아요!!!  연락주세요 :)!!,2026-08-13
203545120,4,everytime,단기 임대,🌊단기 원룸 구합니다🌊,10~12월 또는10~2월로 단기 임대 구합니다ㅜㅡㅜ학교랑 가까웠으면 좋겠습니당,2026-08-12
203214931,4,everytime,단기 임대,단기임대 양도하실분 계신가요!,4~6개월정도 생각하고 있습니당,2026-08-10
201876642,4,everytime,단기 임대,[일산] 하루 2만원 원룸 단기임대,3개월간 방을 사용하지 않게 되어매우 싸게 내놓습니다(😊여성분만 가능)기간 : 8/1~ 9/26이중 1 주일 이라도 살고 싶으시면 연락주세요!- 가구 분실 위험으로 보증금 10 만원 받습니다- 하루 2만원 (추가 요금 X),2026-07-31
201862481,4,everytime,단기 임대,단기임대 필요하신 분,8/15~8/24 1주 반 동안 단기임대 필요하신 분 있으시면 댓글 남겨주세요😊 언덕 안 올라가도 된다는 게 최대 장점이에요ㅎㅎ 학교 후문 1~2분 거리고 30초 거리에 씨유 있어요. 8/24 이후로도 지내고 싶으시면 집주인 할머니께 말씀 드리면 돼요! 제 옆집 사시는 분도 3개월 단기,2026-07-31
200929948,4,everytime,단기 임대,단기 양도/8월부터 12월까지/학술문화관 5분 거라/동대입구역 1분거리,"동대입구역 1분거리와 태극당 바로 옆입니다. 학교 애스컬레이터를 이용하면 학술문화관까지 걸어서 5분 거리입니다. 단기 임대라 보증금 없이 사실 분 구합니다. 월세 5만원씩 매달 지원해드립니다.❗️월세:기본 40+관리비 2만원+수도비,가스비 등❗️기본 옵션: 침대, 매트",2026-07-24
200628536,4,everytime,단기 임대,원룸 단기임대 합니다! 한달 가능,"나가실때 입실때랑 똑같이 청소만 하시면 돼요 (청소 안 하시고 퇴실하실때 대비해서 보증금에서 7만원 먼저 받습니다)8월 21일까지 한달 40만원 / 보증금 25만원 (청소비 7만원포함, 청소 상태 미흡시 7만원 차감 후 보증금 반환)선입금이시고, 공과금 별도(수도",2026-07-21
200312784,4,everytime,단기 임대,단기임대! 7/31-8-25(26일) 필요하신 분 계신가요?,일정 조금씩 조정 가능합니다. 저 기간동안 하실 경우 50 생각하고 있어요!생활에 필요한 물건 많으니 다 사용하셔도 되고 다만 제가 짐이 많아서...! 짐을 다 빼드릴 수는 없는 점 양해 바랍니다후문 헤센 스마트이고 여성분만 가능해요!정말... 온갖 것이,2026-07-19
200069113,4,everytime,단기 임대,단기임대 양도하실분! (4-6개월),원룸 구해요!! 쪽지주세요,2026-07-17
200018843,4,everytime,단기 임대,단기임대 내놓으실분 구해요,빠르면 8월부터 내년2월까지(꼭 이 기간이 아니어도 돼요!) 원룸 내놓으실분 있나요?? 비대면 수업만 들으셔서 지방으로 가셔야하는 분들 연락주세요!,2026-07-16
199270811,4,everytime,단기 임대,7월 12이후부터 8월말 정도(4주~6주정도),단기로 싸게 임대할 방 찾습니다!거의 잠만 자서 집 깨끗하게 잘 쓸 수 있습니당 :),2026-07-10
198993623,4,everytime,단기 임대,7월중~말부터 1달간 단기 임대,1달 정도 지낼 원룸 구해봅니다거의 잠만 잘거라서 크기는 작아도 괜찮습니다:),2026-07-08
198959595,4,everytime,단기 임대,[일산] 하루 2만원 원룸 단기임대,3개월간 방을 사용하지 않게 되어매우 싸게 내놓습니다(😊여성분만 가능)기간 : 7/1~ 9/26이중 1 주일 이라도 살고 싶으시면 연락주세요!- 가구 분실 위험으로 보증금 20 받습니다- 하루 2만원 (추가 요금 X),2026-07-07
197065971,4,everytime,단기 임대,[일산캠] 28 원룸 단기임대,"3개월간 방을 사용하지 않게 되어매우 싸게 내놓습니다(😊여성분만 가능)기간 : 7/1~ 10/20이중 2주라도 살고 싶으시면 연락주세요!- 가구 분실 위험으로 보증금 20 받습니다- 월세28, 관리비 5, 전기세, 가스비",2026-06-24
197052874,4,everytime,단기 임대,단기임대 구하는법좀 ㅠㅠ,내가 인턴을 하는데 7-9월인데이때 단기방 어떻게 구할 수 있을까?,2026-06-24
195677243,4,everytime,단기 임대,단기임대 양도합니다-!(명동역 5분거리 쉐어하우스),"8월까지 단기임대 구하시는 분들 연락주세요~보증금 없이 월세 44만원입니다!1인실에 개인화장실까지 있어서 공용으로 사용하시는 부분은 부엌이랑 세탁실(세탁기,건조기)뿐입니다! 개인 냉장고도 있어서 혼자 사시기 정말 편할 겁니다 ㅎㅎ방 사진이나 자세한 설명 필요하시면",2026-06-16
194352720,4,everytime,단기 임대,9월 말~12월 말 단기임대 구합니다!,학교에서 가까우면 좋겠어요! 깔끔한 성격이라 깨끗하게 쓰고 나갈거에용 ㅎㅎ,2026-06-10
193539629,4,everytime,단기 임대,대학교 방학기간동안,단기임대 구합니다 연락주세요,2026-06-07
192510299,4,everytime,단기 임대,원룸 오피스텔 단기임대 방 구합니다!!,댓글 남겨주세요 ~,2026-06-02
192349027,4,everytime,단기 임대,(단기임대) 혜화 넓인 집이예요,"🌷(단기임대)혜화 넓은 집이에요~🌷여름방학동안(6.28-8.27,날짜조정가능) 혜화역 도보8분거리(명륜2가 143-7)빈 집 사실 여학우 구해요!보증금은 제가 냈고, 저는 이미 나와있어서 언제든 입주 가능합니다.🌷15만원 할인해서 한달에 35 (관리비포함)",2026-06-01
192204948,4,everytime,단기 임대,7-8월 원룸 임대 구해요.,7-8월 단기로 살 원룸 임대로 구합니다!위치는 크게 상관없습니다.여성분이시면 좋을거같아요:),2026-05-31
191865091,4,everytime,단기 임대,6월말부터 8월말까지 단기 임대 구합니다!!,방학기간 원룸 단기양도 구합니다6월말부터 8월말까지 두달 구합니다비흡연 여성분 방이면 좋겠습니다 (저도 비흡연 여성입니다)오픈카톡으로 가격이랑 위치 알려주세요! 깨끗하게 쓰고 나갈 자신 있습니당https://open.kakao.com/o/sv,2026-05-29
191214007,4,everytime,단기 임대,🌷여름방학 때 혜화 넓은 집 단기임대해요,"🌷여름방학동안(5-8, 5월 전액지원) 혜화(명륜2가 143-7)빈 집 사실 여학우 구해요!보증금은 제가 냈고, 저는 이미 나와있어서 언제든 입주 가능합니다.🌷한달에 40+가스,전기,인터넷비(총 약3-4만원)=약 43-4만원(네고 가능)🌷집은 너무너무 좋아요~볕도",2026-05-25
190991420,4,everytime,단기 임대,6월말-8월까지,단기임대구합니당!! 여자분연락주세여 !,2026-05-24
182982595,4,everytime,단기 임대,구파발 쪽 오피스텔 단기임대 구합니다,7~12월 살고 싶습니다연락부탁드립니다,2026-04-14
181054765,4,everytime,단기 임대,단기 임대도 가능합니다!,"✔️1000/50관리비 4만원 (인터넷, 수도세)이 추가인데 이건 제가 10개월동안 내드릴겁니다!남은 계약기간 10개월도 계약 가능합니다!원하시면 1년이나 2년도 가능합니다!방 크기는 혼자 살기에 부족하지 않은 평수 입니다.그리",2026-04-05
179284690,4,everytime,단기 임대,🏠1000/50 (단기임대 가능),"✔️1000/50관리비 4만원 (인터넷, 수도세)이 추가인데 이건 제가 10개월동안 내드릴겁니다!남은 계약기간 10개월도 계약 가능합니다!원하시면 1년이나 2년도 가능합니다!방 크기는 혼자 살기에 부족하지 않은 평수 입니다.그리",2026-03-28
178247835,4,everytime,단기 임대,(500/47) 동입 바로앞 자취방,"500/47 동입 바로앞 자취방 내놓습니다! 단기계약도 받습니다. (7월 6일까지 계약)● 가격: 보증금 500 / 월세 47● 위치: 꽃사슴떡볶이 쪽. 동입 30초● 옵션: 세탁기, 냉장고(새 거), 가스레인지, 에어컨, 책상, 의자, H헹거",2026-03-23
177599111,4,everytime,단기 임대,학교 근처 원룸 단기임대방 구합니다!,"3월(빠를수록 좋음)부터 9월 5일까지월세 지불하면서 머물 수 있는 원룸 찾습니다.비흡연 남성입니다.시험준비를 위해 거주할 예정이구요,방에선 잠만 잡니다.오픈카톡방으로 연락주세요.https://open.kakao.com/o",2026-03-20
176431063,4,everytime,단기 임대,동대입구 원룸 단기임대 구합니다,동대입구 원룸 단기임대 구합니다!계약이 이번년도까지 되어있어 원하시는 임대기간 동안 월세만 내시면 됩니다.관리비는 3만원인데 제가 부담하겠습니다.👉 보증금 : 없음👉 관리비 : 없음👉 월세 : 50만원👉 입주 : 즉시가능,2026-03-15
168144323,4,everytime,단기 임대,원룸 3월 단기임대 구합니다!,한 달 동안 단기임대 구해요!,2026-02-20
167372400,4,everytime,단기 임대,원룸 4월 단기임대 구합니다! (건대 근처),제목 4월 한달간 단기임대 구합니다.내용 : 4월에 구의역이나 건대 근처 오피스텔이나 원룸 단기임대 구합니다!!가격은 최대한 맞춰드리겠습니다!!저는 남자고 비흡연자입니다. 아마 집에서 잠만잘것같습니다. 오픈카톡으로 연락 주세요!https://,2026-02-17
165900721,4,everytime,단기 임대,MBC 뉴스데스크 인터뷰 <로드맨> 인터뷰,MBC 유튜브 뉴스데스크 <로드맨>에서 코로나로 인해 대학생활에 어려움을 겪는 대학생을 찾습니다!안녕하세요! MBC 기획취재팀 인턴기자입니다.MBC 유튜브 채널 '로드맨'에서 코로나로 인해 대학생활에 어려움을 겪는 대학생을 찾습니다!코로나 19로 인,2026-02-09
165771590,4,everytime,단기 임대,2000/35/2 동대입구 자취방,군대때문에 어쩔 수 없이 동대입구 자취방 세입자 구합니다!✔️동대입구랑 2분거리고 집 가는길이 아예 다 평지입니다!✔️바로앞에 버스정류장 2개에 지하철 있어서 교통이 굉장히 편리하고 밤에 집 들어올때 안전합니다!✔️보증금 2000에 월세 35 관리비 2만원입,2026-02-08
164761476,4,everytime,단기 임대,2000/35/2 동대입구 자취벙,군대때문에 어쩔 수 없이 동대입구 자취방 세입자 구합니다!✔️동대입구랑 2분거리고 집 가는길이 아예 다 평지입니다!✔️바로앞에 버스정류장 2개에 지하철 있어서 교통이 굉장히 편리하고 밤에 집 들어올때 안전합니다!✔️보증금 2000에 월세 35 관리비 2만원입,2026-02-02
164441598,4,everytime,단기 임대,원룸양도,단기 임대로 들어가서 사는 경우작성해야하는 서류 같은 것들이 있을까요?원래 살던 분께서 집주인 분께 허락은 받았고제가 월세를 현재 그 집에 살던 분께 입금하는 식으로하기로 했습니다.아는게 이름과 전화번호 뿐인데 괜찮겠죠..?,2026-02-01
164392049,4,everytime,단기 임대,2000/35/2 동대입구 자취방,군대때문에 어쩔 수 없이 동대입구 자취방 새입자 구합니다!✔️동대입구랑 2분거리고 집 가는길이 아예 다 평지입니다!✔️바로앞에 버스정류장 2개에 지하철 있어서 교통이 굉장히 편리하고 밤에 집 들어올때 안전합니다!✔️보증금 2000에 월세 35 관리비 2만원입,2026-01-31
163875939,4,everytime,단기 임대,2월부터 단기임대 구합니다!!,강남이랑 가까울 수록 좋고2월부터 바로 입주 가능한 단기임대 구합니다!월세는 40이내로 생각하고 있습니다쪽지주세요 !저는 여자입니다,2026-01-27
162643291,4,everytime,단기 임대,2000/35/2 동대입구 자취방(단기임대도 가능),군대때문에 어쩔 수 없이 동대입구 자취방 세입자 구합니다!✔️동대입구랑 2분거리고 집 가는길이 아예 다 평지입니다!✔️바로앞에 버스정류장 2개에 지하철 있어서 교통이 굉장히 편리하고 밤에 집 들어올때 안전합니다!✔️보증금 2000에 월세 35 관리비 2만원입,2026-01-19
162509489,4,everytime,단기 임대,건대/구의근처 원룸 오피스텔 단기임대,4월부터 한달간 단기임대 할 수 있는곳 있을까요?,2026-01-18
160599717,4,everytime,단기 임대,성신여대입구 5분 단기임대 월 25 초저렴 원룸,"성신여대입구역 도보 5분 성북경찰서 인근 원룸 단기 임대합니다.사정상 2월 까지 전세원룸을 비우게 되어서 학교분 께 아주 좋은 조건으로 임대합니다.<위치>지하철 4호선, 우이신설선 성신여대역 도보 5분인근 버스정류장 30초 > 버스 이용시",2026-01-05
159258362,4,everytime,단기 임대,동입쪽문쪽 원룸 단기임대합니다,"✨동대입구 5분거리, 충무로역 10분 거리에요✨학교 쪽문 3분거리에 위치에 있어요✨3분 거리 편의점이 세개!✨1,2월 단기 임대입니다.원래 1000에 60원룸인데 보증금 3000으로 올려서 월세 45 공과금 5로 줄였습니다.부담하실",2026-12-27
158584336,4,everytime,단기 임대,충무로 원룸 단기임대,1월부터 해서 원하시는분 계신가요?임대기간이랑 가격 최대한 맞춰드릴게요~!!쪽지 주세요!,2026-12-22
158423667,4,everytime,단기 임대,1월~2월 자취방 단기양도(전산원 2분거리),1-2월에 전산원이랑 충무초등학교 사이 방 단기임대합니다.📌평수는 9-10평 사이📌신축으로 지어서 깔끔합니다.📌월세는 저는 공과금 합쳐서 62정도 내는데 이거는 협의해봐야할것 같아요! (싸게 드릴게요!)📌 기본적인 가전제품은 다 있습니다!,2026-12-21
158134162,4,everytime,단기 임대,2월중순부터 4월 중순까지 단기임대 구합니다,본가 리모델링으로 인해 급하게 방 구합니다ㅜㅜ 남자고 비흡연자입니다 가능하신분들 연락주세요!,2026-12-19
157802971,4,everytime,단기 임대,1월초부터 2월말까지 단기임대구해요...!,1월초부터 2월 말까지 단기임대 구해요!서울어디든 상관없구 녹번이나 연신내쪽이면 더 좋아요ㅠㅠ 흡연 안하구요 남자입니다!! 쪽지주세요:),2026-12-17
157786235,4,everytime,단기 임대,일주일 단기임대,12월 28일부터 1월 1일까지 단기 임대 가능하신 방 있으신 분 계신가요!!?? 남자입니다! 정말 잠만 자다가 갈 것 같습니다... 깨끗하게 쓸게요...,2026-12-17
157768635,4,everytime,단기 임대,1월 말부터 2월 말까지 단기 임대 구합니다,보증금 묶여있는데 자취방 비워놓고 있어 돈 아까우신 분들! 단기 임대 구합니다. 1월 말부터 개강 전까지 월세 대신 내는 형태로 지내겠습니다. 꼭 학교 근처일 필요는 없고 서울 어디든 상관없습니다.남자/비흡연자입니다. 당연히 방은 깨끗이 쓰고 돌려드리겠습니다.,2026-12-17
157343710,4,everytime,단기 임대,"🍀묶인 보증금, 아까운 월세지출 아끼세요(단기임대 구합니다)",사정이 생겨 보증금을 마련할 수 없는 상황이기에담기임대를 구합니다.위치는 학교 근처가 아니더라도 괜찮습니다!집은 클수록 좋구여! 정말 깨끗하게 사용할 자신 있습니다.길어지는 코로나 19로 인해 보증금이 묶인 상태로 월세를 지불하거나 방을,2026-12-15
157184288,4,everytime,단기 임대,1월부터 2월말까지 단기임대 구합니다!,월 40 이내로 단기임대 구해봅니다 여자예요 쪽지주세요‼️‼️,2026-12-14
157010657,4,everytime,단기 임대,단기임대,(학교 근처 아녀도 상관없습니다-연신내쪽 선호) 단기임대 구합니다남자고 깨끗하게 사용하겠습니다12월말까지 구합니다. (기간 협의 가능합니다!),2026-12-13
156433376,4,everytime,단기 임대,1월 임대,1월 한달 단기임대 하실분 구함. 남자방임니다,2026-12-10
156070693,4,everytime,단기 임대,단기원룸 구합니다!,단기임대 구합니다.친구가 인턴하러 서울올라오는데 동국대 근처라고 해서 대신 글 올려요 !✔️기간은 12월 말부터 2월 12일까지 입니다.✔️방은 깨끗만 하면 상관없고 당근 깨끗이 쓰고 나갑니다😊✔️성별은 여자입니다.기타 합의점은 오픈채팅방,2026-12-08
155821578,4,everytime,단기 임대,1~2월 단기임대 원룸,1~2월 두달 간 살 원룸 구합니다!!!,2026-12-07
155765416,4,everytime,단기 임대,단기임대,12월부터 되면 좋고 2월 혹은 3월까지 단기임대 되는 방 구합니다! 가격 위치 내부 보내주시면 감사하겠습니다!,2026-12-07
155561190,4,everytime,단기 임대,1월초부터 3월초까지 단기임대 구해요!,쪽지주세요!,2026-12-06
155082522,4,everytime,단기 임대,12월 16일부터 12월 말까지 단기 원룸 구해요..,12월 16일부터 12뤌 말까지살 수 있는 단기 임대 원룸 구합니다..연락주세요ㅜㅜ,2026-12-03
154917847,4,everytime,단기 임대,1월 한달 단기임대 구합니다,1월 한달간 생활할 단기 원룸 구합니다. 학교 근처면 상관 없습니다.남자입니다.쪽지주세요~,2026-12-02
154338265,4,everytime,단기 임대,12월 초부터 2월 개강 전까지 단기임대 구합니다!,남자입니다. 깔끔하게 쓰겠습니다. 월세랑 사진 쪽지로 부탁드립니다!,2026-11-28
154314960,4,everytime,단기 임대,"단기임대 1,2월",12월 말부터 2월말까지 단기임대할 원룸 구해요 쪽지주세요!,2026-11-28
154170080,4,everytime,단기 임대,11/30(월) ~ 12/13(일) 2주간 단기임대 구합니다🥺,"예대생이라 학교에서 밤샘하는데, 집 다녀올 시간에 잠을 자고 싶어 구해봅니다.. 새벽에 잠시 눈 붙이고 씻는 용도로만 사용할 예정입니다!전 여자고, 위치는 동국부동산쪽 혹은 태극당쪽이었으면 좋겠습니다!집이 어떻든 상관없지만, 벌레는 정말 자살하는게 나을정도로 싫습니",2026-11-27
153941011,4,everytime,단기 임대,단기임대합니다~~,"동대입구 동역사 중간, 위치 정말 좋고방음도 잘 되고 정말 괜찮아요~~~~1월 25일까지 계약이고 빨리 들어오실수록 좋습니다ㅠㅠ보증금 없이 월세 40으로 내립니다ㅠㅠ+원하시면 매트리스도 두고갈게요ㅠㅠㅠ쪽지, 댓글 주세요..",2026-11-25
152966974,4,everytime,단기 임대,단기임대구해요,이번주부터 한달정도 살 집 구합니다급하게 일이 생겨서 방 구합니다집에 거의 없을거라 깨끗하게 쓰고 나가겠습니다쪽지주세요!,2026-11-18
152757986,4,everytime,단기 임대,1/1-2/21 단기임대 사실분 연락주세요,45+사용한만큼의 관리비 보통 3-4분리형 원룸위치는 동입과 동대문역사문화공원 사이입니다연락주시면 사진보내드립니다,2026-11-17
152755197,4,everytime,단기 임대,성신여대 미아 근처 단기임대 구합니다.,1-2월 구합니다,2026-11-17
152523346,4,everytime,단기 임대,단기임대 사실분,동대입구역 청구역 동대문역사문화공원역 중간이고45만원에 기타 관리비는 본인사용만큼 나옵니다12/31~2/10정도 사실분 잇으신가요,2026-11-15
152445249,4,everytime,단기 임대,1~2월 단기임대 구해요,가능하면 12월 말 부터 또는 1월 초부터 2월말까지 단기임대 구합니다!!,2026-11-14
151772042,4,everytime,단기 임대,🏠 단기 원룸 임대 소개 서비스 ‘집과의 소개팅’ 집팅을 소개합니다! 🏠,"🏠 단기 원룸 임대 소개 서비스 ‘집과의 소개팅’ 집팅을 소개합니다! 🏠❓사정상 잠깐 자취방을 비우게 돼서 그냥 빠져나가는 월세가 아까웠던 적 있으신가요?❓공부, 일로 바빠 학교나 회사 주변에서 잠깐 사용할 수 있는 원룸이 있으면 좋겠다 생각하신 적 있으신가요?",2026-11-09
150904206,4,everytime,단기 임대,단기임대 방 구해요~,2달정도 살 방 구합니다^^ 완전 깨끗이 쓰다가 갈게요~~!!11월 중순부터 한 달정도 살 방 구해요.,2026-11-02
148321911,4,everytime,단기 임대,단기로 임대해드립니다.,쪽지 주시면 자세히 설명해드릴게요!,2026-10-18
147904893,4,everytime,단기 임대,2020년 11월부터 2021년 2월~4월(조정가능) 원룸 단기 임대 구합니다. 연락주세요!,2020년 11월부터 2021년 2월~4월(조정가능) 원룸 단기 임대 구합니다. 연락주세요!,2026-10-16
145851031,4,everytime,단기 임대,원룸 단기 임대 내놔요,"✔약수역 9번 출구 도보 1분✔️집 바로 앞에 마트, 피씨방, 편의점 여러개, 약수 큰사거리✔️동대입구까지 도보 7분✔️냉장고 에어컨 옷장 세탁기 책상 책장 신발장 전신거울 등 풀옵션✔️6층 건물 중 4층으로 너무 덥지도 너무 춥지도 않고 벌레가 전혀",2026-10-02
144599031,4,everytime,단기 임대,단기 임대하고 싶습니다!!,"1달동안 종각 근처에서 일을 하게되어서 강북 쪽에 위치한 자취방을 단기 임대하고 싶습니다! 10월 5일부터 말일까지 생각하고 있으며, 여성분 방이면 좋겠습니다!저는 여자구, 담배도 안피고 방도 깔끔하게 쓰고 주로 일끝나고 바로 집와서 자서 방 더럽게 안 쓸 자신 있습니다!",2026-09-23
144294071,4,everytime,단기 임대,원룸 단기 구해요,충무로 주변 원룸 단기로 구해요.지금부터 12월까지 살기 원해요!혹시 있을까요?임대료는 30~45까지 생각하고 있어요,2026-09-21
140390252,4,everytime,단기 임대,한국의 부동산에 대한 영국 이코노미스트 최신판 기사,내가 15만원 주고 구독하거든? 그런데 기사의 퀄이 달라서 원래 안되는데..ㅋㅋ 다른사람이 보면 좋을 것 같아서 그냥 올릴께 번역을 내가 메모장으로 손수 한거라 오타나 띄어쓰기 실수가 많음..ㅋㅋ강남 길거리에서 들리는 소란스런 소리를 들어보면 지금은 남한의 수도에 부동산을 사,2026-09-01
136423626,4,everytime,단기 임대,강남 부근 자취방 단기임대 9-12,강남쪽 단기임대 가능하신분 있으신지 궁금합니다~,2026-08-12
135926394,4,everytime,단기 임대,교대역 단기임대가능한곳,9월~12월 있을까요?,2026-08-10
134489215,4,everytime,단기 임대,(단기임대) 8/23~9/2 후문 근처 쉐어하우스,쉐어하우스 1인실 단기 양도해요!단기 기간 거주하실 분 계시면 댓글이나 쪽지주세요~,2026-07-29
133853187,4,everytime,단기 임대,🙌🏻단기임대 연락주세요🙌🏻,단기임대 구하고 있습니다 :-)위치는 꼭 학교 근처가 아니더라도 괜찮습니다 !성별은 여자고 야무지게 깔끔하게 쓸 자신 있습니다 🙏🏻취업준비가 애매해 ‘단기임대’ 찾고 있으니쪽지나 댓글 부탁드립니다☺️그럼 감기 조심하시고 연락 기,2026-07-24
132260785,4,everytime,단기 임대,원룸 단기임대 구합니다,8월 중순까지 45 이하로 방 구하고 싶어요...! 비흡연자고 밑에 댓글 부탁드려요!,2026-07-11
131922871,4,everytime,단기 임대,7월8월 단기임대할 원룸 구해요!,월세는 45이하면 좋겠습니다 쪽지주세요~,2026-07-09
131318742,4,everytime,단기 임대,8월 원룸 단기 임대 내놓습니다~,"기간: 7월 중순 ~8월 (협의 가능합니다😊)위치: 동대입구역 3분거리 자취촌 (GS25동국타운점 근처) / 쪽문이랑도 가깝습니다!가격: 현재 보증금1000, 월53(관리비 포함)에 거주중입니다. 관리비는 제가 부담하고 보증금없이 50에 임대 생각중입니다.",2026-07-05
131304357,4,everytime,단기 임대,"7,8 단기 임대 원룸 구합니다",ㅠㅠㅠㅠㅠ급해용 ㅜㅜ,2026-07-05
131255435,4,everytime,단기 임대,7-8월 단기 임대 구해요,여자고 깨끗하게 쓸 수 있습니다.,2026-07-05
131139799,4,everytime,단기 임대,"여자 7,8 단기 임대해주실 분",ㅠㅠ,2026-07-04
130405215,4,everytime,단기 임대,원룸 8월~9월 단기임대 구합니다!,"비흡연자이며, 지하철 가까운 곳 선호합니다!오픈카톡으로 열어두겠습니다! 많이 연락주세요",2026-06-30
128073842,4,everytime,단기 임대,방학 원룸 단기임대 합니다,"후문 헤센스마트 월 75 생각중입니다7, 8월 두 달 양도해요! 기간 협의 가능하니 문의 주세요웬만하면 여학생으로 받을게요...! 댓글이나 쪽지 주세요!",2026-06-20
126985241,4,everytime,단기 임대,단기임대,"7,8,9월달에 서울에 방이 필요한데 어디서 구해야 되나요?? 학교주변 아니어도 상관없습니다.. 처음 알아봐서 잘 모르겠네요",2026-06-15
126884539,4,everytime,단기 임대,<동국대 혜화문 1분거리> 2학기 4개월 단기 임대 (400/30 or 조정 가능)자취촌 언덕 안오르는 원룸,"제가 계약한건  500/35 (관리비x) 공과금 따로인데,9월1일부터 1월 12일까지 (2학기) 단기임대합니다.<조건_4개월 기준>400/30 (월세 5만원은 제가 부담)or300/33 (월세 2만원은 제가 부담o",2026-06-15
126022169,4,everytime,단기 임대,헤센 스마트 7-8월 단기임대,방학 때 집 비울 예정이라 두 달간 단기로 내놓으려고 하는데 관심 있으신 분 댓글이나 쪽지 주세요!,2026-06-10
125291066,4,everytime,단기 임대,혹시 헤센이나 오피스텔 사시는 분들 중에,방학에 단기임대 가능하신 분 계신가요??2학기때부터는 오피스텔에서 살려고 하는데 괜찮나 한 달 정도 미리 살아보게요 ㅠㅠ..! 여자입니다,2026-06-06
125149877,4,everytime,단기 임대,❗️❗️보증금없이 원룸 단기임대(6월초-8월)❗️❗️,"🌸동대입구역 2번출구(태극당쪽) 도보 2분거리🌸보증금 없이 바로 입주가능. ~8월까지 단기임대해요🌸5-6평 / 월세 45 (관리비는 따로)🌸큰 침대, 에어컨, 탁상, 3단 서랍, 2단 행거(옷 많이 걸 수 있어요) , 냉장고 옵션 / 공용세탁기",2026-06-05
121275054,4,everytime,단기 임대,여름 방학 기간동안 원룸 단기임대합니다~~!,"기간: 7월초부터 8월말까지 (협의 가능합니다😊)위치: 동대입구역 3분거리 자취촌 (GS25동국타운점 근처) / 쪽문이랑도 가깝습니다!가격: 현재 보증금1000, 월53(관리비 포함)에 거주중입니다. 관리비는 제가 부담하고 보증금없이 50에 임대 생각중입니다.",2026-05-13
120254730,4,everytime,단기 임대,명동근처 쉐어하우스 입주할실 분 구합니다~,명동역 1번출구에서 도보로 5분 충무로 4번출구에서 도보로 10분 동국대에서 15분 거리입니다저렴한 보증금과 월세로 한달살기(단기임대)는 물론 2주도 협의 가능합니다 (자가격리자X)* 원룸 보증금 10 월세 35 (관리비 10 )*더블룸 보증금 10 월세,2026-05-08
115443598,4,everytime,단기 임대,단기 임대 방 구해요ㅠㅠ,5월부터 두달간 살 방 구합니다위치 상관 없어요ㅠㅠ,2026-04-12
115378378,4,everytime,단기 임대,원룸,안암역 주변 원룸 단기 임대 원하시는 분 쪽지 주세요,2026-04-11
115218221,4,everytime,단기 임대,♦️단기임대 구합니다!,6-7월까지 임시로 살 자취방 구합니다!남자분들 연락주세요!https://open.kakao.com/o/sTgaqh5b위에 오픈채팅으로 연락주세요😊,2026-04-10
114175422,4,everytime,단기 임대,"약수, 동입 단기임대 방 내놔요",월40에 개강까지 단기로 사실분 연락주세요!,2026-04-05
97855579,4,everytime,단기 임대,1월초부터 2월말까지 단기임대 구합니다,동대입구역 근처였으면 좋겠어요카카오톡 아이디 cindyclub 으로 연락주세요❣️,2026-12-24
97074612,4,everytime,단기 임대,한학기 단기임대 혹은 방학 단기임대,한학기 혹은 방학 동안 단기임대하시는 분들은 양도하실때 어떻게 하세요?! 선금? 아니면 부동산거래? 아님 임의 거래장작성?,2026-12-16
96664050,4,everytime,단기 임대,원룸 방학 단기임대 / 양도,방학동안 사실분 / 양도받으실분 구해요전산원 3분거리고 300/46 입니다방학동안 사시면 보증금 안 내셔도 됩니다집에 도어락 cctv 있습니다! 쪽지주세요,2026-12-12
96162690,4,everytime,단기 임대,원룸 단기임대 구해요,여자이구요 방크기나 시설은 크게 신경안쓰는데 그냥 깨끗하기만 하면되요!! 방 깨끗하게 잘 쓸 자신있어요 >_<동입이어도 충무로여도 상관없구월세만 좀 저렴했으면 좋겠어요 30만원 초반~40만원 후반 생각중이예요,2026-12-08
95778595,4,everytime,단기 임대,20년 여름방학까지 살 수 있는 원룸,안녕하세요 20년 1월 중순부터 20년 여름방학까지 살 수 있는 원룸 단기임대 구하는중인데 혹시 있을까요?!충무로 동입 근처로 방사진 보고싶습니다!,2026-12-04
95764553,4,everytime,단기 임대,단기원룸임대,12월 말~ 2월말동입 근처 원룸이고요. 보증금 안받고 월세 원래 43만원 인데 33만원으로 받겠습니다. 쪽지주세요(여성분들만)-6평입니다!,2026-12-04
95699768,4,everytime,단기 임대,겨울방학 동안 좋은 원룸 쓰실 분 구합니다.,12월 중순부터 (입주일은 최대한 맞춰드립니다.) 2월 말까지 원룸 사실 분 구합니다.단기임대라 보증금은 따로 없고 월세 45에 관리비 2만원입니다. 인터넷은 얼마 전 새로 신청한 거라 그냥 제가 낼 생각입니다.위치는 체육관 뒤쪽 쪽문에서 1~2분 거리구요 2층입니,2026-12-03
95203476,4,everytime,단기 임대,12월~ 2/25까지 단기임대 구해요,쪽지 주세요 남자입니다!시험 임박해서 잠만 잘거라 깨끗하게 사용할 자신 있습니다가격 저렴할수록 선호해요,2026-11-27
94239628,4,everytime,단기 임대,겨울방학or12월부터 2월말까지 원룸 사실 분,12월 중순부터 (입주일은 최대한 맞춰드립니다.) 2월 말까지 원룸 사실 분 구합니다.단기임대라 보증금은 따로 없고 월세 45에 관리비 2만원입니다. 인터넷비는 그냥 제가 낼 생각입니다.위치는 체육관 뒤쪽 쪽문에서 1~2분 거리구요 2층입니다.수압 멀쩡,2026-11-15
94130031,4,everytime,단기 임대,"계절학기 수강생 추천, 1달 단기임대",방학하자마자 여행을 가서 1달간 집이 비어 글 올립니다. 방은 불광역 도보 2~3분 거리이고 월세 35+공과금3 보증금은 따로 없습니다. 같은 학교 학생인만큼 저도 책임감있게 집을 비워놓을거고  책임감있게 사용하실 분이 오시면 좋겠습니다. 혼자 살기 딱 좋은 크기고 더 자세한 사항은 쪽,2026-11-14
93724529,4,everytime,단기 임대,겨울방학 때 쪽문 근처 원룸 사실 분 모십니다.,12월 중순부터 (입주일은 최대한 맞춰드립니다.) 2월 말까지 원룸 사실 분 구합니다.단기임대라 보증금은 따로 없고 월세 45에 관리비 2만원이니 두달치 입금해주시면 됩니다.위치는 체육관 뒤쪽 쪽문에서 1~2분 거리구요 2층입니다.수압 멀쩡하고 주변이,2026-11-09
93630172,4,everytime,단기 임대,동입 원룸 단기 임대,방학동안 집에 내려가 있어서  12월 말부터 2월 까지 임대하실분 구합니다. 보증금은 안받고 월세는 42만 5천원 이구요 관리비는 따로 내시면 됩니다!!(수도세는 월세에 포함이구요 전기세와 가스비만 내시면 되요!),2026-11-08
90990959,4,everytime,단기 임대,대략 12월 말(종강 후)~ 2월 까지 단기 임대 구해요,쪽지 주세요되도록이면 동대입구 쪽 선호합니다,2026-10-12
89022957,4,everytime,단기 임대,단기임대 구합니다,12월 말까지 살 수 있는 원룸구해요 충무로 동입이면 더 좋고 지하철로 15분거리 안에 있는 곳도 생각중입니다~,2026-09-20
88798548,4,everytime,단기 임대,원룸 단기임대 구함,12월까지 삼,2026-09-17
88797376,4,everytime,단기 임대,단기임대 구해요,12월까지 살 수 있는 단기임대 구해요~~,2026-09-17
88257522,4,everytime,단기 임대,단기임대 구합니다!!,12월까지 살 원룸 구해요 쪽지주시면 감사하겠습니다 ㅎㅎ,2026-09-11
86719022,4,everytime,단기 임대,남성역 원룸 500/45,"남성역 1번출구 도보1분,단기임대 초역세권 신축! 여자 혼자 살기 좋아요한달 두달 정도 방을 비울예정이라 방 임대구합니다남성역 도보 1분이라 교통이 편리하구 고속터미널역까지 10분도 안걸립니다 !한두달후 제가 다시 거주할 예정이라 행거와 거울등은 두고갈",2026-08-31
81205143,4,everytime,단기 임대,단기임대방 구합니다,단기로 7-8월 살 수 있는 방 구합니다월세는 되도록 맞춰드리겠습니다!방 깨끗이 쓰고 비흡연자입니다! 쪽지주세요!,2026-07-01
79279576,4,everytime,단기 임대,충무로 원룸 종강부터 8월말까지 단기 임대 하실분 구합니다,동국대 8분거리 남산학사 근처 원룸한달기준 53+전기세 에 임대하실분 구합니다구해지면 글 내립니다,2026-06-14
73059730,4,everytime,단기 임대,단기임대 구해요~,6/20일부터 8/28일까지 방 단기 임대생각 중이신 분 연락주세요~ 충무로 혹은 동입이고 반지하방 아닌 집으로 연락 주시면 감사하겠습니다 ㅎㅎ월세는 싸면 쌀수록 좋습니다ㅠㅠ,2026-04-19
57259077,4,everytime,단기 임대,쉐어하우스나 원룸 단기 임대,12월 초부터 1월말까지 2달 입주 희망하는데이때 비우시는 분 있다면 연락부탁드려요,2026-11-20
47267944,4,everytime,단기 임대,방 단기임대,보통 방세랑 관리비까지 다 줘야하나요??? 전기세 쓴거 까지도???,2026-06-24
35877464,4,everytime,단기 임대,8월까지 원룸 단기임대 구합니다~,혹시 사정이 있어서 집을 비우시거나 계약 다 못채우셨다면 연락주세요 ㅠㅠ 카톡:qjek97,2026-01-17
35649799,4,everytime,단기 임대,,자취하시는분 충무로쪽 원룸 6개월정도 단기임대 하신분들 있나요? 보통 1년으로밖에 계약못하나요...,2026-01-12
403616596,4,everytime,방 양도,"통영 스탠포드 호텔 앤 리조트 통영 3/10 숙박 양도 (디럭스 트윈 오션뷰,4인)",가족여행으로 예약했던 스탠포드 호텔 앤 리조트 통영 숙박 양도합니다.할머니 건강 문제로 갑자기 여행이 어려워져서 양도글 올립니다🥲가격은 12만원 생각하고 있는데 네고 가능해요📅 숙박 일정2026년 3월 10일 체크인2026년 3월 1,2026-03-06
398726986,4,everytime,방 양도,에타 장터게시판에 원룸 올리려고 하는데,보통 방 양도할 때 절차가 어케댐? 연락 받고 집 구경시켜주고 들어온다고 하면 집 내놓은 부동산에 연락 주면 되는 건가,2026-01-25
397672421,4,everytime,방 양도,[계약 완료]🌟여성 전용 쉐어하우스 소개🌟,졸업으로 인해 본가로 내려가게 돼서 양도합니다🥺매니저님이 디자인 전공하셔서 집도 엄청 예쁘고 건의사항도 바로 들어주십니다! 공용공간도 주기적으로 관리해주셔서 각자 방만 정리하면 돼서 너무 편하고 좋습니다👍✅ 쉐어하우스 소개🔸위치- 동국대 후문,2026-01-06
397192029,4,everytime,방 양도,BMC(고양) 9평 원룸 전세 6000 (동국대병원 도보 15분),"주소 : 숲속마을2로 114-5 (풍동)(동국대병원 도보 15분, 네이버지도 기준)면적 : 전용 30.5제곱미터 (9.2평)관리비 : 월 3만원 (수도 포함, 가스/전기 별도, 인터넷 없음-따로 원하는 요금제 설치)보증금 : 6000만원 (전세대출 가능)",2026-12-29
394716653,4,everytime,방 양도,충무로역 도보 4분 12.6평 원룸,충무로역 8번출구 250m 신성상가아파트민간 거래 시세는 1000에 70 정도이나사회주택으로 저렴하게 500에 58로 나옴.보증금 500만원월세 58만원관리비 약 10만 원(가스요금 별도)방 볼 수 있는 날:-,2026-11-24
390434512,4,everytime,방 양도,1667호 지면 pdf입니다 🗞️,동대신문 1667호가 발행됐습니다!1️⃣학교 곳곳에 비치된 배부대의 지면신문2️⃣동대신문 홈페이지 www.donggukmedia.com를 통해 1667호를 확인하실 수 있습니다 🙌#동대신문 #1667호 #동국대 #동국대학교 #학보사 #지면신문 #온라인신문 #d,2026-09-22
363992235,4,everytime,방 양도,연신내 1000/50 분리형 원룸,"1000/50 분리형 원룸🚨 관리비 6, 전기/가스비 별도 (보통 1만원/2만원)📍 1층 서향, 약 6평 분리형 원룸(동선 최고)🚦 연신내역 5분, 버스 정류장 2분 거리 위치1월부터 gtx 운행해서 서울역까지 약 5분! 본가 자",2026-12-23
362307095,4,everytime,방 양도,충무로 쉐어하우스 양도,보증금 100 월세 50방 세개에 2인 1실로 여성전용입니다신축이라 깔끔하고 청소도 아주머니 오셔서 해주세요방학이라 내려 가고 싶어서 양도 구합니다계약은 6개월 단위입니다쪽지주세요,2026-12-07
359960686,4,everytime,방 양도,[양도완료] 조용하고 깔끔한 호텔형 1인실 양도,"취업 문제로 인해 방을 비우게 돼서 아쉽지만 양도합니다 🥺정기적으로 청소해 주시는 분이 계셔서 다른 셰어하우스랑 다르게 청소도 안 해도 되고, 쓰레기 버리러 안 가도 돼요 👍매니저분이 디자인 전공하셔서 집도 엄청 예쁘고 귀여운 접시랑 컵도 사주셨어요.. 진짜 옷만",2026-11-13
357674406,4,everytime,방 양도,낭만 가득 영국살이,안녕하세요! 런던에서 11/11부터 내년 1/5까지 8주간 거주 관심 있는 분 연락 부탁드립니다. 현재 교환학생 파견 와서 거주중인 student housing인데 조기 귀국을 하게 되어 양도합니다. 위치는 교통의 중심지인 Kingscross/St. Pancras 역 근처입니다. 에든버,2026-10-20
347415930,4,everytime,방 양도,방학동안 방 양도해주실분 구합니다.,7.1~8.31까지 방 양도 해주실분 구합니다!! 방학동안 본가 내려가시거나 개인 사정으로 방 비우시는 분 중에 양도 해주실분 구해요. 남자고 방 깨끗하게 사용합니다. 위치랑 월세 쪽지부탁드려요!!,2026-06-26
347415862,4,everytime,방 양도,방학동안 원룸 양도해주실분 구합니다!!,7.1~8.31까지 방 양도 해주실분 구합니다!! 방학동안 본가 내려가시거나 개인 사정으로 방 비우시는 분 중에 양도 해주실분 구해요. 남자고 방 깨끗하게 사용합니다. 위치랑 월세 쪽지부탁드려요!!,2026-06-26
347342160,4,everytime,방 양도,"✨️한성대입구역, 성신여대역✨️ 원룸(거래완료)","✨️3000/32 (관리비 9)✨️7월 24일 입주(협의 가능) ‼️🏠 한성대입구역<->충무로역 8분‼️🏠 역에서 집까지 8분‼️🏠 다세대 주택으로 개별등기 되어있으며 보증보험도 집 자체에 가입되어 있어서 안전해요🏠 침대, 책상, 에어컨",2026-06-25
344831885,4,everytime,방 양도,✨충무로역 1분 거리 쉐어하우스 양도합니다✨,충무로역에서 1분 거리 위치한 여성 전용 쉐어하우스 양도합니다.방학 때 개인적인 사정때문에 방 오래 비울 거 같아서 아깝지만 넘기려합니다🥹가격은 500/47입니다.가격+컨디션+거리 이 3개다 맞는집 찾으려고 발품 많이 팔아서 만족하실 거에요!😊,2026-06-03
343525356,4,everytime,방 양도,~6월 13일 중 학교 주변 원룸 양도 구합니다.,"5월 26일~6월 13일 중 가능하신 날짜에 단기 양도해주실 수 있는 분 구합니다.학기중이며 너무 단기간이고 시간이 촉박해서 없을 것으로 예상은 하나, 혹시나 해서 올립니다.도보로 통학 가능한 위치면 좋겠습니다.대학원생인데 해당 기간에는 집에 못 갈",2026-05-22
342567081,4,everytime,방 양도,2학기 단기 원룸 구합니다:),현재 막학년인 여자입니다.비흡연자이고 방 깨끗하게 사용합니다:)학교 근처나 주변 지역에 9-12월정도 단기로 양도하실 분 있으면 연락 주세요!!,2026-05-12
342297778,4,everytime,방 양도,마부르크 방 구해요,마부르크 방 양도 >구해요<여자이고 9월 초 혹은 10월 초 아무때나 입주 가능합니다! 연락주세요! 카카오톡 오픈채팅을 시작해 보세요.링크를 선택하면 카카오톡이 실행됩니다.마부르크 방 구해요https://open.kakao.com/o/sH,2026-05-09
329610884,4,everytime,방 양도,6개월 단기 원룸 구합니다,학교 근처면 좋겠지만 아니어도 괜찮습니다 발등에 불이 떨어졌기 때문에… 쪽지 주세요 저는 편도 3시간 고속버스 통학에 그다지 자신이 없습니다…대학원생 여자고 방에서 밥 잘 안 먹습니다 깔끔하게 쓸 자신 있습니다 담배 피우지만 방 안에서 절대 안 피웁니다 제가 싫어합니다…,2026-02-06
315112850,4,everytime,방 양도,약수역 근처에 1000/60,짜리 방들 많아? 올해 11월에서 12월즈음 가려는데 방 좀 보려고아니면 양도해주고 싶으면 연락점,2026-09-05
312483482,4,everytime,방 양도,자취촌 투룸,양도글 장터게시판에 올렸어요방 구하시는 분들 보시고 쪽지 주세요~!,2026-08-13
311971694,4,everytime,방 양도,애타 방 양도,이걸로 사기당할 수도 있나요??,2026-08-08
310891500,4,everytime,방 양도,단칸 팀에서 프론트엔드 개발자분 모십니다.,"안녕하세요! “단, 나만을 위한 공간” 단칸입니다.단칸은 단기양도 플랫폼의 부재, 허위매물, 부담되는 중개수수료 등대학생들이 방 구할 때, 고질적으로 갖고있던 문제를 해소할 수 있는 플랫폼입니다.🏡 단칸의 좋은 문화- 협업 및 팀원 존중 중시<",2026-07-27
310366653,4,everytime,방 양도,2학기 양도 방 구합니다 ㅜㅜ,제발요,2026-07-21
306059702,4,everytime,방 양도,2학기 방 양도 구합니다!,남자이고 동입근처가 더 편할텐데 사실 학교 근처면 다 좋습니다8월부터 입주 생각하고 있습니다!,2026-06-10
305578816,4,everytime,방 양도,6~7개월 방 양도해주실분 구합니다.,"안녕하세요, 저는 2023년 7월 1일부터 12월 31일까지 양도 가능한 방을 찾고 있습니다. 필요한 경우, 이 기간을 최대 7개월까지 연장하는 것도 고려하고 있습니다.이 기간 동안 방을 양도하실 분이 계시다면, 오픈 채팅을 통해 좀 더 자세한 사항을 이야기하고자 합니다. <",2026-06-06
304862896,4,everytime,방 양도,학교 근처 자취방 중에,2학기 6개월동안 방 양도 해두실 분 구합니다(여자),2026-05-31
286350049,4,everytime,방 양도,원룸 혹은 여성 쉐어하우스 양도,원룸이나 여성용 쉐어하우스 방 빼시는 분들 양도 받습니다! 1년 이상 장기 계약도 가능해요!최대한 2월 안으로 입주 희망합니다,2026-02-11
281580455,4,everytime,방 양도,500/50.4 구파발역 도보3분 오피스텔,"✨보증금 500월세 50만 4천원, 1/30 퇴실✨구파발역 도보 3분 오피스텔 내놓습니다제가 처음에 저렴하게 들어간 상태라 구파발 오피스텔 시세대비 엄청 저렴해요!! (요즘 구파발 오피스텔 보통 1000/55~500/60정도)✨저는 직장때문에",2026-12-30
272730159,4,everytime,방 양도,청구역 근처 원룸 양도 (동국대 10분거리) 500/45,"청구역 근처 원룸 양도합니다.✅교통: 청구역 5분(역세권) 동대입구역 20분, 약수역이랑도 가까워서 놀러다니고 학교가기 편합니다.✅주변에 동대문역사문화공원, 청계천, 동대문 현대시티아울렛이 있어서 산책이니 쇼핑하기 좋아요!✅살면서 느낀 장점:",2026-10-20
261434378,4,everytime,방 양도,방 양도 구합니다,2학기동안 쓸 방 양도 구해요! 저는 여자입니다! 혹시 양도 계획 있으시면 쪽지주세요!,2026-07-28
257284322,4,everytime,방 양도,내년 4월까지 계약 되어있는 이대쪽 원룸 양도합니다,"위치 : 공대 쪽문에서 1분거리 / 후문에서 3~5분거리(JSQUARE) 1층보증금/월세 : 1000 / 60   or    2000/55방 크기 : 7-8평(두 명이서 살았는데 충분했어요)옵션 : 풀옵션(전자레인지, 침대, 매트리스, 책상, 의자, 옷장",2026-06-20
222043319,4,everytime,방 양도,침대/책상/서랍 삽니다(2월),2월에 방 빼시는 분들 중에 파시거나 처분 예정인분 있을까요? 후문 근처 원룸으로 이사 예정이어서 양도 받고 싶습니다. 일정은 2월 3주~4주 사이에 가능하구요. 가격이랑 상태 제시 부탁 드립니다!침대(매트리스)/책상/서랍 외에도 다른 자취템들 함께 파실 생각 있으시면 말씀,2026-12-12
216993733,4,everytime,방 양도,☘️[100/32]학교 쪽문 3분 거리 쉐어 하우스 양도 합니다☘️,"☘️학교 쪽문 3분 거리 쉐어 하우스 양도 합니다☘️쪽문에서 3분, 동대입구역까지 4분(뛰면 3분..!) 거리 쉐어 하우스 양도 합니다.11월 22일부터 입주 가능하시고 (입주 날짜 조정 가능합니다. 땡기거나 밀거나 제가 최대한 맞춰드립니다)2월 22일까지",2026-11-04
210689558,4,everytime,방 양도,동입 원룸/즉시입주가능/단기가능,"< 동입 자취촌 방 양도 >📌 가격 : 500/50+관리비 2만원 (보증금, 월세 조정 가능) 인터넷, 수도, 전기 별도📌 입주 : 바로 입주가능 / 2월까지 단기도 가능📌 계약기간 : 2022.2월 말까지 계약, 연장가능📌 위치 : 동입",2026-09-25
205455854,4,everytime,방 양도,⭐️충무로 필동 학교도보7분 원룸 1000/57⭐️,"학교까지 도보 7분 거리 원룸 양도합니다!저는 원래 계약기간 1년인데, 이 전에 살던집과 다르게 하자 없이 좋은 집이라 생각돼서 계속 연장하면서 2년 2개월째 거주중이에요!! 최근에 집안에 급한 사정이 생겨서 고향으로 돌아가게 되어 내놓아요!방은 약 5평정도 되",2026-08-24
203071722,4,everytime,방 양도,단기 (6개월) 원룸 양도합니다!,"동국대 5분 거리 원룸입니다.2년 반 넘게 잘 살다가 졸업, 취직때문에 방 내놓습니다!장기계약 부담스러운 분들께 적합한 저렴한 원룸입니다.문제 생기면 바로 집주인 아저씨분께(건물 거주중이심) 콜하면 도와주십니다.층은 1층인데 언덕배기라 1층 -",2026-08-09
200533508,4,everytime,방 양도,단기/양도/9월입주/동대자취촌 원룸,"< 동입 자취촌 방 양도 >📌 가격 : 500/50+관리비 2만원인터넷, 수도, 전기 별도📌 입주 : 9월 바로 입주가능📌 계약기간 : 2022.2월 말까지 계약, 연장가능📌 위치 : 동입자취촌 크린",2026-07-20
198792248,4,everytime,방 양도,7월 초부터 8월 말까지 학교 주변 방 세내어 주실 분,7월 초부터 8월 말까지 학교 주변 방 구합니다친구가 인턴하는데 학교 주변에 방이 필요하다 해서 올립니다양도 생각있는 분은 아래 오픈카톡으로 연락 바랍니다https://open.kakao.com/o/sgkjDKmd,2026-07-06
198791870,4,everytime,방 양도,7월 초부터 8월 말까지 학교 주변 방 세내어 주실 분,7월 초부터 8월 말까지 학교 주변 방 구합니다친구가 인턴하는데 학교 주변에 방이 필요하다 해서 올립니다양도 생각있는 분은 아래 오픈카톡으로 연락 바랍니다https://open.kakao.com/o/sgkjDKmd,2026-07-06
189839136,4,everytime,방 양도,에어비엔비 강릉,강릉 19일-20일 숙박 신청했는데지난주 금욜에 갑자기 면접보라고 일정이 잡혀서여행취소합니다ㅠㅠ25000원에 방 양도할게요!!성인 2명 숙박 가능하고 슈퍼호스트고방후기도 미친듯이 좋았고 바다 도보로 5분거리에욥쪽지주세요!!,2026-05-17
163813721,4,everytime,방 양도,❤️원룸 양도 합니다!!! 1000/35 까지 가능,🤡동국대학교 앞 원룸💥태양주택 404호 양도합니다 💥인근 부동산에 가면 방 정보 있습니다.2년 계약인데 군대 때문에 더 못 있어서 양도합니다.1000/50 인데 원하신다면 저희 계약이 남아있어서       ---🔥월 15만원까지 내드릴 의향 있,2026-01-27
163587856,4,everytime,방 양도,동입 5분 근처 800 / 70 투룸 고급빌라 양도합니다.,동입 실용성+편리성+안락함 모든 것을 갖춘 빌라 두두둥장!기존 5000에 70이었던 방입니다! 하지만! 800에 70 1년계약 투룸빌라 양도합니다!혼자 살아도 좋고~ 둘이살아도 좋은 11평!깨끗한 벽지!학교랑 붙어 있어서 눈깜짝할 사이에 학교,2026-01-25
162676506,4,everytime,방 양도,2000/60 충무로 자취방 양도,"🔅 충무로역 5분, 신공학관 3분🔅 세탁기, 에어컨, 침대, 냉장고 옵션(원하시면 신발장, 행거, 소파, 책상 드리고 갈게요!)🔅관리비 2만원(수도세 포함), 가스•전기 별도🔅 1초 거리에 CU, 슈퍼마켓 / 30초 거리 GS25🔅",2026-01-19
146261265,4,everytime,방 양도,1000/45,2022.2까지 계약한 방 12월에 양도합니다동입과 동대문역사문화공원역 중간입니다다른 집보다 넓은 분리형 원룸입니다https://open.kakao.com/o/sP4WCJvc연락주세요,2026-10-05
142190502,4,everytime,방 양도,12월 방 양도,동대문역사문화공원역과 동대입구역 사이1000/45   12월말이나 1월초 생각하고 잇어요쪽지주세요,2026-09-08
138871936,4,everytime,방 양도,❣동국대 후문 앞 쉐어 (여성전용) ❣/ 입주 기간 합의 가능 ❗❗,동국대학교 후문(쪽문)에서 집까지 단 30초 👌문과대 이과대 강의실들이 모여있는 명진관까지 단 100초 👌동국대학교 정문에서도 도보로 단 7분 👌> 위치는 정말 좋아요! 저도 처음에 집도 집이지만 위치보고 딱 계약 결정할 정도로 정말 좋아요!,2026-08-25
136822317,4,everytime,방 양도,300/40 엠베서더 맞은 편에 위치한 원룸! 여성 분께 양도합니다 ✨,300/40이고 겨울에만 난방비 5만원 추가됩니다! (더 많이 쓰셔도 5만원입니다) 관리비와 수도요금은 없고 전기세는 쓰는 만큼 냅니다!같은 층에 전부 여성 분만 거주하시고 1층 현관문에도 비밀번호가 있어서 보안은 잘 되어있습니다. 동대입구역이랑도 가깝고 동역사역이랑도 가까워,2026-08-15
136615671,4,everytime,방 양도,[500/45] 동입 자취촌 원룸 쪽문 3분거리 양도,■ 동입 자취촌에 있어요(7분 정도 걸립니다!)■ 주변에 cctv있습니다■ 집이 안쪽에 있어서 주변 소음이 거의 없어요!■ 집 내부에 전에 살던분이 인테리어를 해놓아서 벽돌 벽지로 이쁘게 되어있어요!■ 근처에 가까운 편의점만 3군데 있어서 좋,2026-08-13
136234905,4,everytime,방 양도,넘 이쁜 여성전용 쉐하💖(6개월가능),"올 3월 오픈했던 동국대 후문or충무로역 입구에서5분거리의 여성 전용 쉐어하우스에요!방 구할때 원룸같지도 않은 시설 정말 낙후된 원룸을내가 이 돈 주고 살아야하나 고민하다가오아시스 처럼 찾았던 그런 곳입니다,,,🍃6분 정도 함께 거",2026-08-11
134917952,4,everytime,방 양도,300/40 엠베서더 맞은편에 위치한 원룸 여성분께 양도합니다!,300/40이고 겨울에만 난방비 5만원 추가됩니다! (더 많이 쓰셔도 5만원입니다) 관리비와 수도요금은 없고 전기세는 쓰는 만큼 냅니다!같은 층에 전부 여성 분만 거주하시고 1층 현관문에도 비밀번호가 있어서 보안은 잘 되어있습니다. 동대입구역이랑도 가깝고 동역사역이랑도 가까워,2026-08-02
134468258,4,everytime,방 양도,여성전용 쉐하💖 (6개월 가능해요),"올 3월 오픈했던 동국대 후문에서5분거리의 여성 전용 쉐어하우스에요!방 구할때 원룸같지도 않은 시설 정말 낙후된 원룸을내가 이 돈 주고 살아야하나 고민하다가오아시스 처럼 찾았던 그런 곳입니다,,,🍃6분 정도 함께 거주하시는데 모두",2026-07-29
133954971,4,everytime,방 양도,❤️300/35 내년2월까지!(후문쪽여성전용원룸),‼️에타 몇 번 올렸었는데 다시 올려용!!제가 급하게 나가게 되어서 원래 2000/47인데보증금 300/35 로 내년 2월까지 사실 분 찾습니다ㅠ‼️제가 급하게 빼는 거니까 보증금도 제가 일부 이상 부담하고 월세도 일부 부담할게요...!ㅠㅠㅠ-보증,2026-07-24
132796616,4,everytime,방 양도,약수역 1분거리 깔끔한 신축 분리형원룸 양도합니다~,"단언컨대..절대 충무로 자취촌에서는 찾을 수 없는 !!!! 최상 컨디션의 방 내놓습니다 ㅎㅎ✔️ 1000/68, 관리비 6✔️ 3층이고 거실,방 모두 창문 커요!✔️약수역 도보 1분-약수역 출구 중에서도, 카페나 먹을 것이 많은 3번쪽이라 훨",2026-07-15
131059845,4,everytime,방 양도,일산 원룸 양도합니다,😇고양캠 원룸 양도합니다!😇✏요약 : 500/40 (관리비 5)바시대 바로 앞깨끗하고 상태 좋음📍일산 바이오메디캠퍼스 걸어서 4분📍위시티 5단지 정류장 바로 앞이고경의중앙선/3호선 버스로 보통 10~,2026-07-03
130246532,4,everytime,방 양도,🔥후문 1분거리 500/50 원룸 양도합니다🔥,"🔥후문 1분거리 500/50 원룸 양도합니다🔥🧡묵정아파트 부근🧡충무로역 5분, 후문 1분거리🧡500/50, 관리비x, 공과금 별도🧡에어컨, 냉장고, 세탁기크기는 7평 내외인데, 이번 학기 두 명이서 같이 지낸 만큼  원룸 중 꽤 큰",2026-06-29
128019808,4,everytime,방 양도,300/40 엠베서더 맞은 편 여성분께 원룸 양도합니다,300/40이고 겨울에만 난방비 5만원 추가됩니다! (더 많이 쓰셔도 5만원입니다) 관리비와 수도요금은 없고 전기세는 쓰는 만큼 냅니다!같은 층에 전부 여성 분만 거주하시고 1층 현관문에도 비밀번호가 있어서 보안은 잘 되어있습니다. 동대입구역이랑도 가깝고 동역사역이랑도 가까워,2026-06-20
118698514,4,everytime,방 양도,방 잡아둔 지방러들도 방값 아깝다고,대면강의 요구했어야 할게 아닌데통싸강으로 깔끔하게 결정났으면  적어도 방 양도라도 할 수 있는 거 아님?,2026-04-29
114615147,4,everytime,방 양도,방 양도합니당!,충무로역 동입 둘다 엄청 가까워요! 5분거리! 주변 방들에 비해 넓은 편이에요!  한달전에 구했는데 빼게 됐네요 ㅜㅜ!! 관심 있으신 분 댓글남겨주세용,2026-04-07
103354532,4,everytime,방 양도,동대입구 쉐어하우스,동국대 학교가 집안에서 보이는 동국대 30초 거리 자취방 구하시는 남학생분!! 동국대 30초 거리에 있는 쉐어하우스 방을 ‘싸게 양도해드립니다! 쉐어하우스 계약후 갑작스러운 사정상 휴학을 급하게 하게 되어서 남성쉐어하우스 계약 양도 받으실 분을 급하게 구합니다!외롭지 않게,2026-02-17
100262454,4,everytime,방 양도,4개월 단기로 살 수 있는 방 구합니당,"가급적 학교 가까이면 좋겠구요,쉐어하우스나 원룸 구합니다!3월~6월의 단기간 방 계약 완전 오케이다!!! 하시는 양도자 및 건물주, 방 계약 업체 분들1588 - 쪽지쪽지",2026-01-22
99814793,4,everytime,방 양도,🙌 쪽문 2분거리 원룸 양도합니다!,"-보증금 1000 월세 50 관리비 3-수도,전기,가스요금 별도 인터넷 O❗️인덕션, 세탁기, 책상 1, 옷장, 침대, 냉장고, 신발장,에어컨 기본옵션입니다!❗️1층이라 높이 올라갈 일 없습니다! 밑에 반지하가 있어서 2층 같은 1층이라고 보시면 됩니다!<",2026-01-16
97655882,4,everytime,방 양도,👐쪽문 2분거리 원룸 양도합니다!👐,"-보증금 1000 월세 50 관리비 3-수도,전기,가스요금 별도 인터넷 O❗️인덕션, 세탁기, 책상 1, 옷장, 침대, 냉장고, 신발장,에어컨 기본옵션입니다!❗️1층이라 높이 올라갈 일 없습니다! 밑에 반지하가 있어서 2층 같은 1층이라고 보시면 됩니다!<",2026-12-21
97074706,4,everytime,방 양도,방 양도 질문,한학기 양도 혹은 방학 동안 양도하시는 분들은 양도하실때 어떻게 하세요?! 선금? 아니면 부동산거래? 아님 임의 거래장작성?!,2026-12-16
95047917,4,everytime,방 양도,전산원쪽 원룸 양도받으실분(여학생만 받아요),전산원 앞에 작은 빌라 원룸 양도받으실 분 찾아요.졸업해서 일찍 방빼요~관리비 3만원 포함 45만에 보증금 1000이구요.난방비 전기세는 따로 내는데 둘다 합쳐서 만원 좀 넘어가는거 같아요.4평안되구 남향입니다마당에 남쪽방향으로,2026-11-25
80097652,4,everytime,방 양도,방학기간 머물 방 구해요,방학기간 동안 방 양도해주실 분 구합니다기간은 8월 30일까지 희망하고 입주일은 빠를 수록 좋을 것 같아요퇴근 후 잠만 자는 용도이기 때문에 깨끗하게 쓸 수 있습니다남자고 비흡연자에 술도 잘 안 마셔요링크로 들어와 주시면 감사하겠습니다!!,2026-06-20
79669468,4,everytime,방 양도,방학기간 동안 머물 방 구합니다,방학기간 동안 방 양도해주실 분 구합니다기간은 8월 30일까지 희망하고 입주일은 빠를 수록 좋을 것 같아요퇴근 후 잠만 자는 용도이기 때문에 깨끗하게 쓸 수 있습니다남자고 비흡연자에 술도 잘 안 마셔요링크로 들어와 주시면 감사하겠습니다!!,2026-06-17
78949626,4,everytime,방 양도,방학기간 방구합니다!,"방학기간 방 구해요!!!45만 이하였으면 좋겠고저는 여자입니다!! 방 진짜 깨끗하게 쓸 자신있고 아마 아침일찍 나가서 저녁8시쯤 들어올거라 집에 많이 없을 예정이에요,,방학기간동안 방 비워놓을실분 양도하세요!!",2026-06-12
77443532,4,everytime,방 양도,,방 단기로 양도 받을 때 계약서 씀...??,2026-05-29
77418133,4,everytime,방 양도,옥수하숙 남학생 방 양도합니다,"남학생만 가능하고, 50/45에 계약기간은 20년 2월 23일까지입니다.혼자 살기에 좁지 않은 크기입니다.사진 첨부합니다.관리비는 월세에 포함되어있고 7,8,9월 3개월 에어컨 사용료만 층별 학생들 1/n으로 지불하시면 됩니다.(한 층이 넓지 않아서 층마다 하나 설",2026-05-29
77128571,4,everytime,방 양도,방 양도합니다!,신공에서 도보 1-2분 거리에 위치한 곳입니다제가 사정상 방을 빼게되어서 월세는 지금 저의 룸메랑 나눠서 내시면 됩니다 댓글 남겨주시면 자세한 사항은 쪽지로 알려드리겠습니다 여성분쪽지 주세요!방은 원하시면 바로 뺄 수 있습니다!,2026-05-26
76836168,4,everytime,방 양도,신공 근처 방 양도합니다,신공에서 도보 1-2분 거리에 위치한 곳입니다제가 사정상 방을 빼게되어서 월세는 지금 저의 룸메랑 나눠서 내시면 됩니다 댓글 남겨주시면 자세한 사항은 쪽지로 알려드리겠습니다 여성분만 쪽지주세요,2026-05-23
75921264,4,everytime,방 양도,옥수하숙 방 양도합니다.,"남학생만 가능하고, 50/45에 계약기간은 20년 2월 23일까지입니다.혼자 살기에 좁지 않은 크기입니다.사진 첨부합니다.관리비는 월세에 포함되어있고 7,8,9월 3개월 에어컨 사용료만 층별 학생들 1/n으로 지불하시면 됩니다.(한 층이 넓지 않아서 층마다 하나 설",2026-05-14
75230775,4,everytime,방 양도,동입 자취촌 쉐어하우스 양도합니다!,학교까지 3분거리 4인용 쉐어하우스 1인실 양도합니다! 종강이후부터 입주하실 분 구해요!보증금 106만원에 월세 53만원입니다처음 2달은 월세 45만원 맞춰드려요!정말 위치 좋고 엘레베이터도 있고 최고입니다!청소도 매니저님이 2주에 한번씩 해,2026-05-06
74857754,4,everytime,방 양도,방 양도 하시는 분 계실까요?,갑자기 사정이 생겨서 방 양도하시는 분 계실까요?급하게 구하려니까 마땅한 방이 별로 없는거 같아서 글 올려봅니다..!,2026-05-02
74810957,4,everytime,방 양도,지금 방 양도하실 분 없나요??,통학이 힘들어 방을 구하려 하는데사정이 생겨 급하게 방 빼게 되신 분 없을까요?? 연락주세요 ㅠㅠ,2026-05-02
73582247,4,everytime,방 양도,동입자취촌 학교 2분 쉐어하우스 1인실 팔아요!!!,동입자취촌 제일 낮은 언덕!!!!에 있는 쉐어하우스 1인실 양도합니다!!! 들어오시면 처음 2달 월세의 5만원 내드립니다!!! 방 넓고 좋아요!! 연락주세요! 여자만!!!,2026-04-22
62249675,4,everytime,방 양도,전산원 바로 옆 원룸 양도합니다~!~!!,"20년 2월까지 계약인데, 다음학기부터 굳이 자취를 하지 않아도 될 이유가 생겨서 양도 받으실 분 구합니다!!전산원, 후문 도보 1분거리이고 동대입구역까지 5분 안걸리는 위치입니다크기는 8평이고 베란다 있고 붙박이장, 세탁기, 인덕션, 냉장고 등 기본적인 것 다 방",2026-01-29
61756366,4,everytime,방 양도,전산원 바로 옆 원룸 양도합니다!!,"20년 2월까지 계약인데, 다음학기부터 굳이 자취를 하지 않아도 될 이유가 생겨서 양도 받으실 분 구합니다!!전산원, 후문 도보 1분거리이고 동대입구역까지 5분 안걸리는 위치입니다!!크기는 8평이고 베란다 있고 붙박이장, 세탁기, 인덕션, 냉장고 등 기본적인 것 다",2026-01-22
60227379,4,everytime,방 양도,1월 한달간 방 양도합니다!!,"혜화문까지 걸어서 2분 동대입구역 걸어서 3분학림관까지 5분반지하긴 하지만 언덕 높은 곳에 있어서 습하지도 않고 굉장히 쾌적합니다!!냉장고, 전자레인지, 매트릭스, 전기장판, 세탁기, 건조대필요한건 다 있습니다!! 한달간사실분 연락 주세요!!",2026-12-30
59803522,4,everytime,방 양도,학교주변 방학(1~2월) 동안 비는 집 구해요 ㅎㅎ,서울 생활 정리하고 고향내려왔는데 직업교육 있어서 다시 올라가게 됐네요 ㅎㅎ그래서 지낼 곳이 필요한데 학교 주변 원룸이고 방학때 고향가시거나 여행가시는 분들 방 양도 받아서 조금 저렴하게 살고 싶은데해당 조건 되시는 분들 있으시면 연락부탁드립니다!단,2026-12-24
59755853,4,everytime,방 양도,방학동안 방 양도해주실분 구합니다!!,2월말까지 방 넘겨주실분 쪽지 부탁드립니다!!!1월초부터 2월말까지 살방 구하고 있습니다 ㅎㅎ,2026-12-23
407589491,4,everytime,원룸 양도,한성대입구 베란다 있는 원룸 양도,"전세 7000에 별도 관리비 5만원 있어요대출 가능한 집이고, 집주인 분 연락 빠르십니다!새로 산 가구들 싸게 넘기고 가요 ㅠ바로 이사 들어오셔도 돼요!들어오시면 도배 새로 하고, 에어컨 청소해두고 가요!옾챗으로 연락 주세요",2026-04-17
407214741,4,everytime,원룸 양도,동입 3분거리 앰버서더 옆 건물 원룸 양도,"동대입구역 근처 원룸 양도합니다.건물명 : 명동빌딩깨끗하고 엘리베이터도 있어서 생활하기 좋습니다.보증금 1000 / 월세 70 / 관리비 8(보증금, 월세 집주인 분과 협의 가능)동국대 학림관 3분거리동국대 사회과학관 5분",2026-04-13
402250344,4,everytime,원룸 양도,자취방 1년 양도합니다,"친구가 대신 올려달라고해서 올려요-📌 위치- 2호선 낙성대역 도보 10분 이내- 낙성대-> 교대 8분, 교대-> 동대입구 15분- 사당 접근성 용이📌 형태- 단독건물, 원룸- 5평- 1.5",2026-02-28
401438617,4,everytime,원룸 양도,동국대 3분거리 원룸 양도,"동대입구역 원룸 양도합니다.깨끗하고 다른 원룸에 비해 넓어서 생활하기 편리했어요.- 보증금 2000 / 월세 70 / 관리비 5(보증금, 월세 집주인 분과 협의 가능)-동국대 학림관 3분거리-동국대 사회과학관 5분거리-편의",2026-02-24
401438387,4,everytime,원룸 양도,동국대 3분거리 원룸 양도,"동대입구역 원룸 양도합니다.깨끗하고 다른 원룸에 비해 넓어서 생활하기 편리했어요.- 보증금 2000 / 월세 70 / 관리비 5(보증금, 월세 집주인 분과 협의 가능)-동국대 학림관 3분거리-동국대 사회과학관 5분거리-편의",2026-02-24
401437817,4,everytime,원룸 양도,동국대 3분 거리 원룸 양도합니다.,"동대입구역 원룸 양도합니다.깨끗하고 다른 원룸에 비해 넓어서 생활하기 편리했어요.- 보증금 2000 / 월세 70 / 관리비 5(보증금, 월세 집주인 분과 협의 가능)-동국대 학림관 3분거리-동국대 사회과학관 5분거리-편의",2026-02-24
399413807,4,everytime,원룸 양도,원룸 양도(동국대 2분거리),"- 보증금: 300만 원- 월세: 48만 원 / 관리비 5만 원- 별도: 수도요금, 전기요금- 면적: 18㎡ (실평수 4~4.5평 정도)- 위치: 동국대학교 듀이카 도보 2분 (약 118m)⭐️ 옵션- 전자레인지-",2026-02-03
397106610,4,everytime,원룸 양도,500 46 서울역 근처 원룸 양도 합니다,"서울역, 숙대역에서 둘 다 10분거리에 있는 자취방 양도합니다.냉장고, 세탁기, 인덕션, 전자레인지, 에어컨은 기본 옵션으로 있습니다. 난방비와 전기세는 별도지만 다른 월세집보다 덜 나오는 편입니다. 관심있있으신분들은 쪽지주세요!입주는 1/26일 이후 입주 가능합니",2026-12-28
387177815,4,everytime,원룸 양도,원당역 도보 8분 원룸 양도해요! (500/40),"원당역 도보 8분 원룸 양도해요! (500/40)보증금 500 / 월세 40이고 관리비는 2.2만 원이에요!사회초년생이나 대학생 분들 살기 딱 좋아요.저희 건물에 동국대 다니는 분들 많아요 🙆‍♀️방은 7평 정도 되는 오픈형 원룸이고요,",2026-08-14
386287138,4,everytime,원룸 양도,원룸 양도해주실분 구합니다ㅜㅜ,올해 8중순 ~내년2월정도 생각하구있습니다ㅜㅜ보증금 1000에 월세 4~50정도 생각하구있습니다3호선 라인이면 좋을거 같아요...!!,2026-08-02
386097458,4,everytime,원룸 양도,쉐어하우스나 원룸 양도 구합니다!!,8월부터 6개월 우선 예상중인데 1년도 괜찮습니다🥺 기숙사를 다 떨어져서.. 급하게 구하는 중이에요쉐어하우스로 우선은 가고 싶은데 어디든 급하게 양도하고자 하시는 분들은 연락주시면 정말 감사하겠습니다!! ㅠ,2026-07-30
384618535,4,everytime,원룸 양도,❗️성신여대 입구역 원룸 양도합니다❗️,"동국대 주위 원룸 컨디션과 가격 때문에 성여로 넘어온 동국대생입니다!보증금 1000 / 월세 45(수도,인터넷 포함) / 전기•가스 별도4호선 성신여대 입구 4번출구에서 도보 4분 걸립니다(저는 지각할때 뛰어서 1분만에 가기도 해요😅)8월 둘",2026-07-04
384618372,4,everytime,원룸 양도,❗️성신여대입구 원룸 양도합니다❗️,"동국대 주위 원룸 컨디션과 가격 때문에 성여로 넘어온 동국대생입니다!보증금 1000 / 월세 45(수도,인터넷 포함) / 전기•가스 별도4호선 성신여대 입구 4번출구에서 도보 4분 걸립니다(저는 지각할때 뛰어서 1분만에 가기도 해요😅)8월 둘",2026-07-04
382786982,4,everytime,원룸 양도,원룸 넘겨받거나 2월까지 양도해주실 분 구합니다,위치는 학교 근처 혹은 지하철 몇 정거장 이내였으면 좋겠고최소 6평으로 구하고있습니다. 가격은 2000/60 생각중입니다,2026-06-13
381883955,4,everytime,원룸 양도,원룸 양도해주실 분 구합니다 ㅠㅠ,올해 9월~2월까지 자취하고 싶은데.. 3월에 군대갈예정위치: 지하철로 2~30분정도 되는거리안이면 좋겠습니다!희망가격: 1000에 4-50,2026-06-04
381883451,4,everytime,원룸 양도,2학기때 원룸 양도해주실 분 있으신가요?,올해 9월~2월까지 자취하고 싶은데.. 3월에 군대갈예정위치: 지하철로 2~30분정도 되는거리안이면 좋겠습니다!희망가격: 1000에 4-50,2026-06-04
381864564,4,everytime,원룸 양도,원룸 양도해주실 분을 찾습니다!!,방학-약 2달 동안 원룸 양도해주실 분을 찾습니다!!기간: 6월 22일~8월 30일금액은 연락 후 협의하고 싶습니다.010-5266-2874,2026-06-04
380811476,4,everytime,원룸 양도,후문 1분 원룸 500/55,"인턴 근무를 하게 되어 부득이하게 방을 빼게 됐습니다.친구가 살던 방인데 마음에 들어서 친구 졸업하고 이어받아서 살고 있는 중입니다.이사 날짜는 6/1부터 가능하고 최대한 빠른 입주 희망합니다! 빠르게 입주 가능하신 분께 양도할 예정입니다 :)⭐️도배,",2026-05-24
379727758,4,everytime,원룸 양도,원룸 양도,에타에 원룸 양도글 같은거 사기 많나요??처음 원룸 알아보는거라 모르는게 많아요 ㅠ,2026-05-12
377511279,4,everytime,원룸 양도,원룸 양도하실분,2025-1학기하고 방 빼시는분들 쪽지로 연락주세요 !전역하고 9월 복학 예정이라 미리 연락 주시면 날짜 잡고 조율하겠습니다,2026-04-20
377124457,4,everytime,원룸 양도,학교랑 가까운 원룸 양도 받고싶어요(26년 겨울까지),26년 겨울까지 살고싶고 지하철로 30분까지 괜찮습니다연락 많이 주세요,2026-04-16
362649916,4,everytime,원룸 양도,(양도 완료) 미아사거리역 원룸 단기양도합니다! (2월-7월),"<단기 양도>저는 교환학생을 가게 되어서2월 4일날 나갔다가 7월 31일 귀국 예정입니다.들어오는 날짜나 나가는 날짜 기간 얼마든지 조정 가능합니다!위치는 4호선 미아사거리역 (도보 2분 역세권) 이고, 동국대까지 지하철 15분 걸",2026-12-10
360446051,4,everytime,원룸 양도,[성신여대입구역 500/48] 원룸,**계약완료사진 추가했습니당https://everytime.kr/377481/v/357612755,2026-11-17
349446837,4,everytime,원룸 양도,1500 / 40꼴로 컨디션 좋은 원룸 전세양도해요!,"2호선 라인 신대방역 근처 4층 원룸입니다.신대방역에서 도보로 평지 6분 거리이고 근처에 편의점이랑 버스 정류장 있어요!전세 8500이고 보증금 1500+카카오뱅크전세대출7천으로 계약했는데, 전세대출은 내년 2월 계약 만료전까지 제가 유지할 수 있습니다. 그러면",2026-07-23
349372190,4,everytime,원룸 양도,방학때 원룸 단기양도 이런거 하면,"내 짐(이불, 매트리스, 냄비, 식기, 피규어, 청소기, 선풍기 등등) 다 두고 가는 거지?겨울에 잠깐 방 넘기고 싶은데 좀 찝찝하다 ㅠㅠ 흠",2026-07-22
346060900,4,everytime,원룸 양도,원룸 6월 내 - 8월 말 단기 양도 구합니다(방학기간),"방학 때 잠깐 서울에서 일을 하게 돼서 6월 내 - 8월말(2학기 개강 전까지) 방학기간 단기 양도 가능하신 분 찾습니다!(흡연X, 출근으로 집에는 밤에만 있을 예정, 청소 깔끔)방학기간 본가에 내려가야 하셔서 월세 아까우신 분들이면 좋을 것 같아요!저도",2026-06-14
346060864,4,everytime,원룸 양도,원룸 6월 내~8월 말 단기 양도 구합니다,"방학 때 잠깐 서울에서 일을 하게 돼서 6월 내 - 8월말(2학기 개강 전까지) 방학기간 단기 양도 가능하신 분 찾습니다!(흡연X, 출근으로 집에는 밤에만 있을 예정, 청소 깔끔)방학기간 본가에 내려가야 하셔서 월세 아까우신 분들이면 좋을 것 같아요!저도",2026-06-14
343344478,4,everytime,원룸 양도,6월 말~8월초(말까지도 괜찮),원룸 양도해주실분 구해요..!,2026-05-20
342652872,4,everytime,원룸 양도,동대입구역 2분거리 7평 원룸 양도합니다.,계약 연장해서 지내다가 회사근처로 이사가게 되어서 내놓습니다.학교근처에서 제일 깔끔하고 안전한 방이라고 생각합니다. 학생분들과 근처 회사분들이 사셔서 조용하고 좋습니다. 여기서 3년째 살고 있는데 다음 학기가 막학기라 수업도 적게듣고 회사에서 일하게되어서 내놓습니다ㅠㅠ. 관리,2026-05-13
342141888,4,everytime,원룸 양도,2학기에 원룸 or 투룸 양도가능 하신분 있나요??,2학기동안만 사용 가능한곳 있나여??,2026-05-08
338262698,4,everytime,원룸 양도,[전세] 동대입구역 원룸 양도,주소 : 서울시 동호로 27길 30동국대입구역 도보6분전세 : 집주인과 협의 예정 1억 초반관리비 : 10만원 인터넷 수도 포함옵션 : 냉장고 세탁기 에어컨 신발장 침대 옷장 (+책상)집특징 : 신발장과 방 사이에 중문이 있고 내부,2026-04-04
335624226,4,everytime,원룸 양도,동대입구역 근처 원룸 양도 받습니다!,"7,8월까지 5,6개월 단기로 양도 구하고 있습니다.연락주시면 감사하겠습니다.",2026-03-13
331378734,4,everytime,원룸 양도,동역사 5분 동국대후문9분거리 원룸 양도합니다,https://everytime.kr/377481/v/331378058,2026-02-20
331378058,4,everytime,원룸 양도,"(계약완료)동역사5분거리,학교 후문9분거리 원룸 양도합니다 200/48",처음에 저도 알게된분한테 알음알음 싸게 물려받아서 정말싸게 살다가 군대 때문에 갑작스레 나갑니다! 3월2일까지 제가 집을 비우고 3월3일부터 입주 가능합니다! 저도 너무 싸서 저당잡힌건 없는지 토지대장까지 떼봤는데 아무문제 없었고 건물이 밖에선 낡았지만 안은 새로 리모델링하셔서 깨끗합니,2026-02-20
330316306,4,everytime,원룸 양도,3~5월 원룸 양도 구합니다,"3월~5월 3개월 단기양도 원룸 구합니다4학년 여자고, 깨끗하게 사용할 자신 있습니다급하게 구해야해서 글 올립니다쪽지 부탁드려요!!",2026-02-13
328515362,4,everytime,원룸 양도,원룸이나 쉐어하우스 양도 공실 다 연락주세요!!,보증금 1000까지 가능월세 4-50대까지 희망! 60도 방 좋으면 좋아요!! 일단 연락주세요!!https://open.kakao.com/o/sjMdWWNf지금 공실인곳 2월에 빼시는분 3월에 빼시는분 모두상관없으니 연락주세요!!,2026-01-25
327970606,4,everytime,원룸 양도,1학기 원룸 단기 양도 구합니다,학교 근처(가능하다면 충무로) 원룸 단기 양도 구합니다!!성별은 여자고 쉐어하우스도 괜찮습니다!1학기 혹은 여름방학까지 단기로 거주하고자 합니다쪽지나 오픈채팅방으로 연락부탁드립니다~!https://open.kakao.com/o/sUkZfw4f,2026-01-18
327232008,4,everytime,원룸 양도,"정Q, 원흥관까지 도보 1분 원룸 양도합니다!","2년간 정든 방인데 졸업하게 되어 양도하려고 합니다.집주인 댁에서 2년전 계약 금액 그대로 다시 내놓으신다고 하네요 🥰1000 / 46 (관리비 포함)3층, 채광 진짜진짜 좋음인터넷 O, 3층 공용 세탁기 O문의는 오픈카톡으로 부탁드",2026-01-08
325593759,4,everytime,원룸 양도,(재업) 원흥관 도보 1분 원룸 양도합니다,1월에 원룸 넘겨받으실 분 구합니다!2년 동안 잘 살고 졸업하게 되어 넘겨받으실 분 구하고 있습니다!집주인 아주머니가 2년 전에 계약한 가격 그대로 다시 내놓는다고 하시네요.*조건*1000 / 42 (관리비 4)남서향(채광 이보다 더,2026-12-20
324217180,4,everytime,원룸 양도,원룸 단기 양도 구합니다,1학기만 단기로 거주하고자 합니다학교 근처가 아니어도 상관없습니다제가 여자여서 여자분만 연락주시면 감사하겠습니다!,2026-12-07
323948643,4,everytime,원룸 양도,원룸 단기양도,방학동안 본가에서 있을 예정이라 12월 중순 ~ 개강 전까지 양도합니다. 약수역 도보로 5분 입니다. 생각 있으신 분 쪽지 주세요. (제가 여자라 여성 분만 부탁드려요 ㅠㅠ),2026-12-04
322401503,4,everytime,원룸 양도,동대입구 자취촌 원룸 양도,"자취촌에 있고 쪽문이랑 1분도 안걸립니다! 스페이스 피시 근처라고 생각하시면 편해요. 내년 2월 1일부터 거주하실 분 구합니다.층계형 반지하이긴 한데(언덕에 지어져서 한쪽은 반지하, 한쪽은 지상 - 창문쪽은 지상입니다) 반지하라고 크게 신경 안쓰일 만큼 편안하게 생활했고 본인",2026-11-16
321192908,4,everytime,원룸 양도,오피스텔이나 원룸 양도,혹시 이번 학기 끝나고 오피스텔이나 원룸 양도 하시는 분 계실까요~?,2026-11-02
319020359,4,everytime,원룸 양도,수유 원룸 양도해요,"개인 사정이 생겨서 올립니다전세 대출 가능한 곳입니다!3000/30 이고 , 수유역 도보 10분 버스정류장 1분내부 사진은 밑 오픈채팅 부탁드립니다 ㅎㅎ_https://open.kakao.com/o/sCexOQgf",2026-10-13
318600195,4,everytime,원룸 양도,12월부터 6월까지 살 원룸 구합니다,12월부터 6월까지 살 원룸 구합니다양도해주실 분 있으시면 쪽지 주세요!,2026-10-08
311299698,4,everytime,원룸 양도,자취촌 원룸 양도해요~생각있으신분들 연락주세요,ㅈㄱㄴ (500/45),2026-08-01
310171160,4,everytime,원룸 양도,원룸 양도,"2학기부터 집 빼게 되서양도 합니다!체육관 쪽문 도보 2분원흥관 5분컷 가능전세 8500, 전세대출 불가관리비 5만원사진이나 다른사항 궁금하시면 쪽지주세여",2026-07-18
308001820,4,everytime,원룸 양도,원룸 양도,"동대입구역 도보8분원흥관 도보 5분체육관 쪽문 자취촌 양도 합니다!전세 8500이고, 전세 대출은 안됩니다.관리비 5만원 (수도 인터넷 포함)오픈 채팅으로 연락부탁드립니다!동대https://open.kakao",2026-06-24
307498337,4,everytime,원룸 양도,원룸 양도합니다,"쪽문 산타돈부리 식당 골목에 위치한 깨끗한 원룸이에요!주소: 중구 서애로 19-8보증금 1000/월세 55/관리비 8(수도,인터넷 포함)7월초 입주자 구해요https://open.kakao.com/o/sHhpcdof",2026-06-20
307124638,4,everytime,원룸 양도,방학동안 단기원룸 양도 구합니다!,"7,8월 간 살 학교근처에 있는 단기 원룸 구하려 하는데 혹시 양도 가능하신 분 있으실까요??",2026-06-17
306559475,4,everytime,원룸 양도,7월-12월 단기 양도 구합니다!,"남부터미널까지 30분 내로 갈 수 있는 3호선 라인 원룸 중7월 - 12월 (6개월) 단기 양도하시는 분 계실까요?실습을 하게 되어 실습 기간 동안만 지낼 곳을 찾고 있습니다 🥺여자고, 학교 근처(충무로, 동대입구, 약수)면 좋습니다!",2026-06-13
305403944,4,everytime,원룸 양도,충무로 원룸 양도,충무로 산타돈부리 골목 안 원룸 계약 양도해요올해 7월부터 내년 3월 7일까지입니다!,2026-06-05
305127211,4,everytime,원룸 양도,9-10월 단기 원룸 양도 받습니다!,남자입니다! 11월까지여도 괜찮습니다. 동대입구역 근처면 더욱 좋겠습니다!,2026-06-02
304946473,4,everytime,원룸 양도,2학기 원룸 양도 구합니다!,학교 근처였으면 좋겠습니다 여자입니다,2026-06-01
301616871,4,everytime,원룸 양도,동대 후문 (충무로역 가까워요) 원룸 양도,"계약은 2024.3.4 일까지이고제가 방학 때 본가로 내려가고2학기 휴학할거라 양도해요!관리비포함 보증금 500에 52 이고 (전기,가스 별도-많이 써봤자2만원 정도 나오더라고요)동대 후문에 위치하고 있고 , 제가 깨끗하게 썼기도 하고",2026-05-04
294050483,4,everytime,원룸 양도,4월까지 원룸 양도해주실 분 구합니다!!,위치는 학교에서 30분 거리까지 상관없습니다!,2026-03-15
293015121,4,everytime,원룸 양도,원룸 한달만 양도해주실분 구합니다..!,3.24일부터 4.21일까지 필요해요!,2026-03-10
289558131,4,everytime,원룸 양도,6월 중순까지만 원룸 양도해주실 분 구합니다,6월 14일까지만 원룸 양도해주실 분 구합니다!월세는 50까지 생각하고 있어요..!쪽지 주시면 감사하겠습니다,2026-02-26
288664064,4,everytime,원룸 양도,원룸이나 쉐어하우스 양도하실 분 구해요🥺,"동대입구, 충무로, 성신여대, 혜화, 안국, 경복궁 다 상관 없습니다..😭😭",2026-02-22
288552778,4,everytime,원룸 양도,원룸 양도하시는분들!,여기서 양도받는분 찾으면 계약은 부동산가서 하시는건가요?방이 1년 남았는데 아예 양도하고 싶은데 어떻게 해야할지 몰라서요! 부모님은 처음부터 부동산에 얘기하라는데 뭐가 다른걸까요?,2026-02-22
288552594,4,everytime,원룸 양도,계약만료 전 원룸 양도하는분들,여기서 양도받는분 찾으면 계약은 부동산가서 하시는건가요?방이 1년 남았는데 아예 양도하고 싶은데 어떻게 해야할지 몰라서요!,2026-02-22
283730768,4,everytime,원룸 양도,원룸 양도받습니다(단기 한달),위치는 상관 없고벌레 안 나오고 가벽 아니고 방음 잘됐으면합니다기간은 1월 31일부터 한달 구합니다비흡연자 남자입니다(깨끗하게 사용)카카오톡 오픈채팅을 시작해 보세요.링크를 선택하면 카카오톡이 실행됩니다.에타 원룸구하기,2026-01-21
283723098,4,everytime,원룸 양도,서울 내 원룸 단기(한 달) 양도 구합니다,한 달 이상도 구하니 연락주세요!참고로 비흡연자 여성입니다,2026-01-21
281874300,4,everytime,원룸 양도,충무로역7출 을지로3가역 각각 3분거리 원룸 6개월 양도합니다,"1000/85 관리비5만원 공과금 별도1년정도된 신축 오피스텔입니다.원룸치고 많이 비싸긴한데 그만큼 좋습니다. 충무로역까지 뛰면 1-2분에도 가고 지하에도 빨래방(빨래3처넌 건조4처넌), 헬스장 있음. 10층집이고 엘베 두대있어서 기다리는 일 거의 없어요. 수납공간",2026-01-02
281868590,4,everytime,원룸 양도,"원룸 2월 20일~3,4월까지 양도하실 분 구합니다",지금 사는 곳 계약이 2월 20일까지라1~2달 지낼 곳 구해요...!,2026-01-02
281780360,4,everytime,원룸 양도,충무로나 동입 근처 원룸 양도 받아요!,연락주세요 !!! ❤️,2026-01-01
281720915,4,everytime,원룸 양도,학교 근처 원룸 양도하시거나 집 나갈 예정이신 분,꼭 좀 연락주세용 ㅠ,2026-12-31
281542657,4,everytime,원룸 양도,학교 근처 2월부터 입주 가능한 원룸 양도 구해요 !!,댓글이나 쪽지주세요!,2026-12-30
280837778,4,everytime,원룸 양도,자취촌 원룸 단기 양도,"기간: 1.1 ~ 2.28위치: 장충동 2가 193-161 5층방 (체육관쪽 쪽문까지 2분거리)가격은 2달 보증금 20만원이고, (월세+관리비=40만원) 2달치해서 80만원인데, 선불 70만원으로 해드리겠습니다.전기랑 가스는 별도입니다:)방은",2026-12-24
279077899,4,everytime,원룸 양도,학교 근처 2월 입주가능한 원룸 양도 받아요!,쪽지나 댓글 주세요!,2026-12-11
278804913,4,everytime,원룸 양도,"1000 / 60 (관리비 별도 5 - 수도, 인터넷 포함) 2층 원룸 양도합니다 !","1000 / 60 (관리비 별도 5 - 수도, 인터넷 포함) 2층 원룸 양도합니다 !🌷 위치  : 충무로역 10분, 동대입구역 10분, 후문 3-4분 거리, 노띵커피 & 우리부동산 & 신광교회 근처 (세 곳 모두 1-2분 거리), 완전 평지 - 자취촌 언덕 쪽으로 안 올라가고",2026-12-09
277708575,4,everytime,원룸 양도,동대입구역 5분 넓은 원룸 양도합니다,"안녕하세요.동대입구역 학교 5분거리 원룸 양도합니다.준신축급이고 평수 꽤 크게 잘나온 오픈형 원룸입니다.본인도 3년 살다가 직장 근처로 이사하게 되어 내놓습니다.집주인분도 젊은 남성분이시라 소통도 잘되고, 집이 원룸치고 많이 넓어 생활하기에",2026-12-01
277318569,4,everytime,원룸 양도,학교 앞 원룸 양도합니다!! 원룸인데 넓어요 -완료,충무로역까지는 2분 걸려요!1월 초에 들어오실 분 구합니다 ㅎㅎ휴학을 하게 되어 집을 내놓습니다ㅠㅠ휴학 안 하면 계속 살고 싶을 정도로 위치도 좋고 깔끔하고 인프라가 너무 좋아요ㅠㅠ아래 오픈채팅으로 연락주시면 집 사진 보여드릴게요!✨,2026-11-28
276692508,4,everytime,원룸 양도,학교 기숙사 쪽(5~7분거리) 원룸 양도합니다,충무로역까지는 2분 걸려요!1월 중으로 들어오실 분 구합니다 ㅎㅎ휴학을 하게 되어 집을 내놓습니다ㅠㅠ휴학 안 하면 계속 살고 싶을 정도로 위치도 좋고 깔끔하고 인프라가 너무 좋아요ㅠㅠ아래 오픈채팅으로 연락주시면 집 사진 보여드릴게요!,2026-11-22
276645080,4,everytime,원룸 양도,쪽문 근처 원룸 양도합니다!,"1000/45(관리비 포함) 2월까지 계약되어 있는 원룸입니다.(이후 계약은 500/53으로 진행하신다고 합니다)18년도부터 오랫동안 산 방이고,그만큼 동대입구-충무로 라인에서는 깔끔하고 깨끗하고 큰 방입니다.이번주 중으로 세입자 못 구하면 부",2026-11-22
272961967,4,everytime,원룸 양도,자취촌 원룸 깨끗함.  양도,동호로25가길 37 동희빌입니다.졸업하고 내놓습니다.약 6.5평~7평정도 되는것같고 원룸치고 넓은느낌입니다.엄청 깔끔하고 벌레 안나옵니다.수압좋고 풀옵션입니다.보증금2000 월세53 관리비5쪽지주세요~,2026-10-22
272230621,4,everytime,원룸 양도,11월 말까지 혹은 이번학기 끝날 때까지,살 수 있는 원룸 양도 구합니다ㅠ,2026-10-17
272164279,4,everytime,원룸 양도,학교 근처 원룸 양도 받아요,3-4호선 라인이나 약수 근처까지도 다 좋아용 ..보증금 대출 가능한 곳이면 감사하겠습니다,2026-10-17
270575009,4,everytime,원룸 양도,약수역 원룸 [4000/20],약수역 도보 10분 원룸 양도합니다 !!보증금 : 4000월세 : 20관리비 : 5 (계약하시면 3개월분의 관리비는 제가 부담하겠습니다 !)전기료 인터넷만 별도(가스 수도 정화조는 관리비포함)//약수역 인근 //중구 시설관리공단 인근// 저렴한,2026-10-04
270395220,4,everytime,원룸 양도,원룸 양도합니다! (미아사거리역 인근),"계약기간 남았는데 본가에내려가게 되어 서울 원룸 양도합니다ㅠㅠ미아사거리역 10분 정도 거리입니다!옵션: 에어컨, 냉장고, 가스레인지, 신발장, 세탁기 등보증금 300/월세 25 분리형 원룸입니다사진이나 궁금하신 사항은 쪽지 부탁드립니",2026-10-03
269966467,4,everytime,원룸 양도,동입 원룸 양도합니다 2학기,이번학기동안 살 원룸 구하시는분들 쪽지 주세요!동입역 2번출구에서 2분거리입니다~,2026-09-29
268711985,4,everytime,원룸 양도,원룸 구해요,학교 근처 혹은 아니더라도 서울 내에서 원룸 양도 가능하신 분 쪽지 부탁드립니다!,2026-09-19
260102831,4,everytime,원룸 양도,학교 주변 원룸 양도하시는 분,"2학기부터 살려고 하는데, 혹시 동국대 주변 원룸 양도하시는 분 있으시면 댓이나 쪽지 주세요 🥺",2026-07-14
259463664,4,everytime,원룸 양도,2학기 동안 원룸 양도 구합니다,계약기간 남으셨거나 양도 연락 부탁드려요월세는 50안팎 생각하고 있습니다-----------------------------------------카카오톡 오픈채팅을 시작해 보세요.링크를 선택하면 카카오톡이 실행됩니다.동대 2학기 월세,2026-07-08
255256912,4,everytime,원룸 양도,2학기 여성쉐하나 원룸 양도받습니다,학교 주변이면 좋겠습니다. 원룸이면 침대있는 옵션 찾고 있습니다.,2026-06-09
255128692,4,everytime,원룸 양도,종강 후 부터 2학기동안 원룸 양도 받습니다,6개월동안 인턴하게 되어서 원룸 양도 구합니다풀옵션이였으면 좋겠어요~쪽지주세요!,2026-06-08
253796107,4,everytime,원룸 양도,(완료)2학기 원룸구합니다,2학기 한학기 동안 쓸 원룸 구합니다.양도도 좋아요 가격은 최대한 맞춰 드리겠습니다.,2026-05-30
253324450,4,everytime,원룸 양도,"6월,7월~12월까지 원룸 양도받습니다.","학교 근처나 3호선 근처, 혹은 양재역 근처 받습니다.",2026-05-27
253089590,4,everytime,원룸 양도,원룸 양도받는 거,대신 살고 보증금 안내고 남은 기간 월세 내는 거단점있나요? 괜찮나요?,2026-05-25
234958303,4,everytime,원룸 양도,전세 6500  원룸 6평,"동대입구역쪽 전세 6500 원룸 6평 양도합니다.위치는 gs 25와 cu 사이에 있습니다.세탁기, 냉장고, 에어컨 기본 옵셥이고원하시면 커버 쓴 채로 사용한 다리 달린 매트리스랑 철제 행거옷장, 간단한 서랍장, 전신거울  두고 갈 수 있습니다.",2026-03-01
230151508,4,everytime,원룸 양도,[신림 대학동 300 / 40] 깔끔한 원룸 양도합니다,[신림 대학동 고시촌 300 / 40] 깔끔한 원룸 내놓습니다.1. 매물종류: 원룸 2층2. 원룸 크기: 13 제곱미터 약 4평3. 거래 금액: 보증금 300 월세 40 ( 보증금 조정 가능)관리비 X 수도 전기세 등만 쓰는 만큼4.,2026-02-11
224209598,4,everytime,원룸 양도,5분거리 원룸 양도,"2022년 2월 9일까지 계약인 원룸 양도합니다!🔹위치: 쪽문에서 2~3분 후문에서 5분 정도 거리🔹가격: 1000/50 관리비 3만 5천원(수도포함)🔹면적: 약 7평🔹옵션: 침대, 책상,의자, 냉장고,에어컨,세탁기, 인덕션,신발장, 책꽂이",2026-12-27
210283521,4,everytime,원룸 양도,중간고사 이후에 자취방 양도하면 받을 사람 있어?,지금 사는데가 원룸이고 혼자 살긴 넓은데사정상 중간고사 후에 내가 우리집 고양이를 데려와야 할 것 같아서 이사 가려고 하거든1월까진데 혹시 양도 받을 사람 있을까?니즈 파악용이라서 홍보게 아니구 여기에 올려!,2026-09-22
200220006,4,everytime,원룸 양도,동국대 원룸 단기 양도,7월 중순~8월초 입주가능하신분만 연락부탁드려요!7월 중순~12월 말까지옵션 거의 다있어요!1000/40/4500/50/4250일시지불*협의가능*에어컨 선풍기 냉장고 세탁기 가스레인지 전자레인지 전자레인지선반 밥,2026-07-18
199987161,4,everytime,원룸 양도,9월 쯤부터 원룸 양도하실 분 있나요?,양도하실 분 있으면 쪽지주세요~,2026-07-16
198914953,4,everytime,원룸 양도,300/35(관리비+3) 원룸 7월말 입주하실 분 구합니다,"4호선 길음역(도보 10분 이내) 위치한 원룸으로 월세 35만원, 수도세 포함한 관리비 3만원입니다. 에어컨, 옷장, 신발장, 전자레인지, 침대 등등 풀옵션이며 주인분도 친절하세요! +2층입니다방이 마음에 들어 2년 가까이 살았으나, 계약 기간 한 달 남은 시점에서 근처 투룸",2026-07-07
196700264,4,everytime,원룸 양도,원룸 양도,"2022년 2월 9일까지 계약인 원룸 양도합니다!🔹위치: 쪽문에서 2~3분 후문에서 5분 정도 거리🔹가격: 1000/50 관리비 3만 5천원(수도포함)🔹면적: 약 7평🔹옵션: 침대, 책상,의자, 냉장고,에어컨,세탁기, 인덕션,신발장, 책꽂이",2026-06-22
196634745,4,everytime,원룸 양도,300/35(+관리비3) 원룸 7월말 입주하실 분 구합니다,"4호선 길음역 인근(도보 10분 이내) 위치한 깨끗한 원룸입니다.수도세 포함한 관리비 3만원이며, 에어컨, 옷장, 신발장, 침대, 냉장고 등등 풀옵션입니다.방이 마음에 들어 2년 가까이 살았으나, 계약 기간 한달 남은 시점에 투룸으로 이사가게 되어 양도합니다.",2026-06-21
195348641,4,everytime,원룸 양도,7월4일~8월4일 한달 원룸 양도 구합니다,저는 여자이고 깨끗하게 있다 나갈게요 !위치는 상관없습니다 ! 한달 양도 받고싶습니다~,2026-06-15
192016917,4,everytime,원룸 양도,원룸양도합니다(500/45),"원룸 양도합니다.급하게 지방 내려가야 해서 올려요500/45이고 관리비 포함되어있습니다아주머니 착하시고 위치는 학교 쪽문에서 3-4분 거리 동입에서 6-7분 거리 입니다 근처에 편의점(씨유,지에스),코인세탁소 2곳 있습니다. 방 꽤나 넓어요에어컨 침대 냉",2026-05-30
190416882,4,everytime,원룸 양도,자취촌 원룸양도합니다 500/45,"자취촌 원룸500/45 관리비 5입니다꽤 방이 넓고 쾌적합니다.동대입구역근처이며 주변에 씨유,gs25근처입니다.아주머니께서 착하시고 와이파이,냉장고,에어컨, 책상 ,거울 ,침대 등등 옵션포함되어있습니다.https://open.ka",2026-05-20
189137849,4,everytime,원룸 양도,[500/40] 동국대학교 학림관3분거리/ 동대입구 6분/충무로 12분거리 원룸 양도,"1. 매물종류 : 원룸2. 매물크기 : 18m^23. 거래금액 : 500/40 (관리비 5만원/ 수도, 인터넷포함)4. 매물위치 : 동국대 전산원 맞은편 학림관3분거리/ 동대입구 6분/충무로 12분거리5. 해당층수 : 2층6. 옵션사",2026-05-12
188227702,4,everytime,원룸 양도,원룸 대여 / 2일 양도 구해요 💖페이 있음💖,"안녕하세요. 동아방송예술대학교 영상제작과 졸업작품 단편영화 마법의소라고동프로덕션입니다. 다름이 아니라 식비를 줄이기 위해 제작부 요리장소가 필요한데 장소가 마땅하지 않아 동국대학교 에타에 이 글을 올리게 되었습니다.⭕️촬영일 : 5월 28,29일⭕️장소 : 용산구 또는",2026-05-07
187715182,4,everytime,원룸 양도,3000/50/5 최신식원룸 양도합니다.,"1. 크기6.1평2.옵션침대 전자레인지 드럼세탁기 붙박이장 옷장 인덕션 책상 에어컨, 정수기 등등 풀옵션3. 위치쪽문 30초거리 동입1분거리근처 편의점 3 피시방 14. 시설리모델링한지 얼마되지않았고",2026-05-04
180577323,4,everytime,원룸 양도,이리로카페 앞 원룸 양도하실분 구합니다~,"이리로카페 앞 오피스넥스 건물에 있는 원룸이구요보증금 1000, 월세 50 입니다. 관리비 3만원인데 양도받으실분 계시면 제가 남은기간 집주인분에게 선입금 해드리고 나가겠습니다!ㅜㅜ원룸에서는 보기드물게 주차공간도 있고 인테리어도 화이트톤에 채광도 아주 좋습니다.",2026-04-03
170808033,4,everytime,원룸 양도,*첫달 월세 전액 지원(39/500)후문 도보 2분거리 원룸 양도드립니다.,"🏠동국대 후문에서 도보 2분거리에 위치한 원룸입니다. 관리비 포함으로 월세 39/보증금 500입니다. 방이 많이 크진 않지만 혼자 살기에 부족함 없으며, 부근 월세 시세에 비해 저렴한 편입니다. 위치는 후문 자취촌 언덕을 오르기 이전에 자리하여 접근성도 용이합니다.🏠환기도",2026-02-28
168210233,4,everytime,원룸 양도,🔥동입 원룸 양도 합니다. 🔥,동입 원룸 양도 합니다.🏘위치동대입구역 3분횡단 보도 건너면 바로 학교입니다.언덕 올라갈 필요 없습니다. (원룸촌 언덕 올라가기 싫어서 찾은 집입니당~)1분 거리에 편의점 있습니다.👉크기약 7평,2026-02-20
168061330,4,everytime,원룸 양도,(39/500)후문 도보 2분거리 원룸 양도합니다!,"🏠동국대 후문에서 도보 2분거리에 위치한 원룸입니다. 관리비 포함으로 월세 39/보증금 500입니다. 방이 많이 크진 않지만 혼자 살기에 부족함 없으며, 부근 월세 시세에 비해 저렴한 편입니다. 위치는 후문 자취촌 언덕을 오르기 이전에 자리하여 접근성도 용이합니다.🏠환기도",2026-02-19
167118377,4,everytime,원룸 양도,"‼️동입, 후문 5분거리 원룸 양도합니다‼️","계약은 📆8월 27일까지입니다!!▪️1000/52 (+ 관리비 52,000원)- 가스비, 전기세 별도▪️8평, 6층 건물 중 5층(남향이라 채광 좋아요🔅)- 건물 출입구가 2층과 4층, 5층에 위치해서 5층이라도 올라가기에 큰",2026-02-16
163156159,4,everytime,원룸 양도,원룸 양도합니다❗️,"🔹위치: 쪽문에서 2~3분 후문에서 5분 정도 거리🔹가격: 1000/50 관리비 3만 5천원(수도포함)🔹면적: 약 7평🔹옵션: 침대, 책상,의자, 냉장고,에어컨,세탁기, 인덕션,신발장, 책꽂이▪️지에스랑 씨유 사이에 원룸이 위치해 있어서 편의점",2026-01-22
160835916,4,everytime,원룸 양도,🎈동대입구 원룸 양도합니다.🎈,동입 원룸 양도 합니다.🏘위치동대입구역 3분횡단 보도 건너면 바로 학교입니다.언덕 올라갈 필요 없습니다. (원룸촌 언덕 올라가기 싫어서 찾은 집입니당~)1분 거리에 편의점 있습니다.충무로도 가까워요 !👉크,2026-01-06
159429560,4,everytime,원룸 양도,‼️동입 원룸 양도합니다‼️,동입 원룸 양도 합니다.▶️위치동대입구역 3분횡단 보도 건너면 바로 학교입니다.언덕 올라갈 필요 없습니다. (원룸촌 언덕 올라가기 싫어서 찾은 집입니당~)1분 거리에 편의점 있습니다.▶️크기약 7평,2026-12-28
159239555,4,everytime,원룸 양도,신림역 근처 원룸 양도합니다,"✨요즘 대세 핫플레이스✨ ❕신림 ❕월세 40  (관리비 포함-수도세 가스비 포함 전기세만 별도 !! 평균 2000원대) 티비 빼고 풀옵션 -냉장고,침대,드럼세탁기, 책상, 옷장, 전기스토브 유 )보증금 500 팝니다<코로나로 인해  본가에 가게 되어서 어쩔",2026-12-26
158059859,4,everytime,원룸 양도,쪽문 3분거리 500/45 원룸 양도합니다,반지하입니다. 그러나 언덕에 위치하여 지하라는 느낌이 크게 안듭니다.제가 산 침대 책상 행거 건조대 다 놔두고 갑니다.가장 큰 특징은 타 자취방들에 비해 넓습니다.체감상 7-8평정도 되는것 같은데6명 정도 앉아서 술먹고 할 수 있었습니다,2026-12-18
157738448,4,everytime,원룸 양도,‼️동입 원룸 양도합니다‼️,▶️위치동대입구역 3분횡단 보도 건너면 바로 학교입니다.언덕 올라갈 필요 없습니다. (원룸촌 언덕 올라가기 싫어서 찾은 집입니당~)1분 거리에 편의점 있습니다.▶️크기약 7평원룸 주방과 방이 분리 되어있습니다.,2026-12-17
153881751,4,everytime,원룸 양도,(단기/장기 가능)엠베서더 건너편 여성전용 층 원룸 양도합니다!,300/40이고 겨울에만 난방비 5만원 추가됩니다! (더 많이 쓰셔도 5만원입니다) 관리비와 수도요금은 없고 전기세는 쓰는 만큼 냅니다!같은 층에 전부 여성 분만 거주하시고 1층 현관문에도 비밀번호가 있어서 보안은 잘 되어있습니다. 동대입구역이랑도 가깝고 동역사역이랑도 가까워,2026-11-25
151911703,4,everytime,원룸 양도,🙋‍♀️500/45 원룸 양도합니다🙋‍♀️,"이번 학기에 조기졸업을 신청해가지고 중국에 돌아갈 예정인데 지금 살고 있는 집은 계약 아직 완료 안 했어요. 그래서 새로운 입구자를 찾기 위해 여기에 올려봅니다🤗✅위치:동대입구역 6번출구 도보 10분 안에, 청구역하고 동대문역사문화공원역까지 도보 5분정도, 외출이 매우 편리해",2026-11-10
144036493,4,everytime,원룸 양도,(1000/40) 동대입구역 근처 자취촌 원룸 내놓습니다,"동대입구 자취촌 원룸 양도합니다! 동대입구역 3분이내이고,( 앰배서더 가기전 자취촌)1000/40인 원룸으로 오피스텔보다 상당히 넓습니다.관리비 포함 40(전기비,수도세)이고 가스비 별도입니다.방은 3~7일 내로 빼줄 수 있습니다.(전기비 포함",2026-09-19
143516845,4,everytime,원룸 양도,서울에 있는 아무곳이나 원룸 12월이나 2월까지 양도가능하신분,기숙사가 하도 개같아서 환불받고 나올 생각입니다. 아부지가 기숙사비만큼 방 구할수 잇으면 구해보라는데 기숙사비가 한달에 40이니까 그만큼은 드릴수 잇을거 같습니다. 진짜 방 퀄리티 아무필요 없고요 난방이랑 에어컨만 잘 나오면 됩니다. 혹시 방 계약하시고 코로나 터져서 못올라오시는분들 제,2026-09-16
140434675,4,everytime,원룸 양도,(1000/40) 동대입구역 근처 자취촌 원룸 양도합니다,"동대입구 자취촌 원룸 양도합니다! 동대입구역 3분이내이고,( 앰배서더 가기전 자취촌)1000/40인 원룸으로 오피스텔보다 상당히 넓습니다.관리비 포함 40(전기비,수도세)이고 가스비 별도입니다.방은 3~7일 내로 빼줄 수 있습니다.(전기비 포함",2026-09-01
139587151,4,everytime,원룸 양도,원룸 양도합니다 보증금 500 월세35 관리비 3.5,양도 받으실분 구해볼게요 2021년 3월 까지고건대에서 도보 10분거리 자취방입니다!풀옵션이고 몸만 들어오시면 돼요 5평이라 넓지는 않은데 있을건 다있어요1층에 거주하시는거고 주인분이 3층에 살아서 이것저것 다 관리해주시기 때문에 살기 편하실거에요,2026-08-29
139075907,4,everytime,원룸 양도,원룸 단기 양도 해주실분 구합니다.,"8.30일부터 4개월간 동입, 충무로 원룸 단기 양도 해주실분 구합니다. 댓글or쪽지주세요!",2026-08-26
138775881,4,everytime,원룸 양도,(1000/40) 동대입구역 근처 자취촌 원룸 양도합니다,"동대입구 자취촌 원룸 양도합니다! 동대입구역 3분이내이고,( 앰배서더 가기전 자취촌)급하게 방을 빼야해서 올립니다! 1000/40인 원룸으로 오피스텔보다 상당히 넓습니다.관리비 포함 40(전기비,수도세)이고 가스비 별도입니다.방은 3~7일 내로 빼줄 수",2026-08-25
138608034,4,everytime,원룸 양도,전산원 1분 거리 여성전용 쉐하 양도,여성전용 쉐하 양도해요(단기로 3~6개월 가능해요)작년에 1년동안 살았던 빌라 1인실 쉐어하우스 양도해요~2학기 때도 살려고 했는데 상황이 갑자기 여의치가 않아서요~#위치전산원 도보 1분#금액100/55로 살고 있었는데 매니져 님께,2026-08-24
138221855,4,everytime,원룸 양도,여성전용 쉐하 양도합니다!,여성전용 쉐하 양도해요(단기로 3~6개월 가능해요)작년에 1년동안 살았던 빌라 1인실 쉐어하우스 양도해요~2학기 때도 살려고 했는데 상황이 갑자기 여의치가 않아서요~#위치전산원 도보 1분#금액100/55로 살고 있었는데 매니져 님께,2026-08-22
137931031,4,everytime,원룸 양도,여성전용 쉐하 양도,여성전용 쉐하 양도해요(단기로 3~6개월 가능해요)작년에 1년동안 살았던 빌라 1인실 쉐어하우스 양도해요~2학기 때도 살려고 했는데 상황이 갑자기 여의치가 않아서요~#위치전산원 도보 1분#금액100/55로 살고 있었는데 매니져 님께,2026-08-21
137700986,4,everytime,원룸 양도,여성전용 쉐하 양도(전산원 1분 거리),여성전용 쉐하 양도해요(단기로 3~6개월 가능해요)작년에 1년동안 살았던 빌라 1인실 쉐어하우스 양도해요~2학기 때도 살려고 했는데 상황이 갑자기 여의치가 않아서요~#위치전산원 도보 1분#금액100/55로 살고 있었는데 매니져 님께,2026-08-20
137654941,4,everytime,원룸 양도,충무로역 스펙 좋은 원룸 양도합니다!!,"▶️위치: 전산원 도보 3분, 신공학관까지 약 도보 5분 소요됩니다.▶️가격: 1000/50 관리비: 4만원▶️스펙: 남향이고, 4층이라 앞에 가리는 건물이 없어서 뷰가 좋으며, 신축급입니다.주인 아주머니가 따로 거주하셔서 크게 터치 없으십니다. 원하시면 책상",2026-08-19
137623974,4,everytime,원룸 양도,⭐️성신여대 1000/30 원룸 양도해요⭐️,"✔️성신여대 도보 6분(네이버 지도 기준) 원룸이고 보증금 1000 월세 30 + 관리비10 총 월세 40이에요❗️관리비에 전기세, 수도세 등등 모든 관리비 다 포함되어 있습니다. 단, 인터넷(공유기)은 포함 안되어있습니다..!! 공유기 설치하시면 상관없어요~✔원룸치고",2026-08-19
137602403,4,everytime,원룸 양도,100/51-55여성전용 쉐하 양도해요,여성전용 쉐하 양도해요(단기로 3~6개월 가능해요)작년에 1년동안 살았던 빌라 1인실 쉐어하우스 양도해요~2학기 때도 살려고 했는데 상황이 갑자기 여의치가 않아서요~#위치전산원 도보 1분#금액100/55로 살고 있었는데 매니져 님께,2026-08-19
136961952,4,everytime,원룸 양도,"쪽문, 동입역 3분 원룸 양도합니다!","방 크기: 8~9평위치: 동대입구역 3분거리 자취촌 (GS25동국타운점 근처) / 쪽문이랑도 가깝습니다!가격: 보증금1000, 월50만원, 건물관리비 3만원👉베란다 있고 창문열면 하늘 보이는 시야가 트인 집입니다. 해도 잘 들어서 답답한 느낌 전혀 없는",2026-08-16
136011365,4,everytime,원룸 양도,(1000/40) 동대입구역 근처 자취촌 원룸 양도합니다,"동대입구 자취촌 원룸 양도합니다! 동대입구역 3분이내이고,( 앰배서더 가기전 자취촌)급하게 방을 빼야해서 올립니다! 1000/40인 원룸으로 오피스텔보다 상당히 넓습니다.관리비 포함 40(전기비,수도세)이고 가스비 별도입니다.방은 3~7일 내로 빼줄 수",2026-08-10
135181633,4,everytime,원룸 양도,동입 원룸 양도,"1000/50발품팔고 다녀서 구했는데 cctv도 있고 방이 넓고 깨끗해서 좋아요제가 이번학기 휴학해서 양도할 분 구합니다!직접 보러오셔도 괜찮습니다!냉장고 가스레인지 세탁기 에어컨 있어요책상, 의자, 행거, 전자레인지수납장, 밥솥",2026-08-04
135143410,4,everytime,원룸 양도,🏠 동입/충무로 원룸 양도합니다 🏠,"✔️ 위치 : 동대입구역 도보 5분거리/ 충무로역 도보 10분거리🐾 학술문화관 도보 3분/ 팔정도 도보 5분!!✔️ 크기 : 처음 집을 구할 때 친구랑 같이 살고 싶어서 큰 집으로 구했어요 ! 실제로 제가 입주 하기 전에도 두 분이서 살고 계셨고, 저도 한동안은 친구랑",2026-08-04
134939117,4,everytime,원룸 양도,원룸 양도,약수랑 동입사이 원룸 양도합니다! 각 역에서 5분 걸립니다. 주변에 카페랑 식당 많아요또 3층이라 볕잘들고 곰팡이 습기 없습니다!크기는5평 정도입니다.500/50(관리비 수도세 포함)연락주세요,2026-08-02
134798804,4,everytime,원룸 양도,후문 30초 거리 500/50 원룸 양도합니다!,"🧡묵정아파트 부근🧡500/50, 관리비x, 공과금 별도🧡에어컨, 냉장고, 세탁기크기는 7평 내외인데, 이번 학기 두 명이서 같이 지낸 만큼 작은 크기는 아니에요! 창문은 두 개라 환기도 문제 없고, 같은 층 보일러가 저희 집 바닥을 지나서 ㅋㅋ 겨울에도",2026-08-01
134768911,4,everytime,원룸 양도,(1000/40) 동대입구역 근처 자취촌 원룸 양도합니다,"동대입구 자취촌 원룸 양도합니다! 동대입구역 3분이내이고,( 앰배서더 가기전 자취촌)급하게 방을 빼야해서 올립니다! 1000/40인 원룸으로 오피스텔보다 상당히 넓습니다.관리비 포함 40(전기비,수도세)이고 가스비 별도입니다.방은 3~7일 내로 빼줄 수",2026-08-01
134005267,4,everytime,원룸 양도,(1000/40) 동대입구역 근처 자취촌 원룸 양도합니다,"(1000/40) 동대입구역 근처 자취촌 원룸 양도합니다동대입구 자취촌 원룸 양도합니다! 동대입구역 3분이내이고,( 앰배서더 가기전 자취촌)급하게 방을 빼야해서 올립니다! 1000/40인 원룸으로 오피스텔보다 상당히 넓습니다.관리비 포함 40(전기비,수도",2026-07-25
133952553,4,everytime,원룸 양도,후문 30초거리 500/50 원룸 양도합니다!,"🧡묵정아파트 부근🧡500/50, 관리비x, 공과금 별도🧡에어컨, 냉장고, 세탁기크기는 7평 내외인데, 이번 학기 두 명이서 같이 지낸 만큼 작은 크기는 아니에요! 창문은 두 개라 환기도 문제 없고, 같은 층 보일러가 저희 집 바닥을 지나서 ㅋㅋ 겨울에도",2026-07-24
133915958,4,everytime,원룸 양도,충무로역 원룸 양도합니다😊,"▶️위치: 전산원 도보 3분, 신공학관까지 약 도보 5분 소요됩니다.▶️가격: 1000/50 관리비: 4만원▶️스펙: 남향이고, 4층이라 앞에 가리는 건물이 없어서 뷰가 좋으며, 신축급입니다.주인 아주머니가 따로 거주하셔서 크게 터치 없으십니다. 원하시면 책상",2026-07-24
133497218,4,everytime,원룸 양도,동입 근처 원룸 양도합니다~,"동대입구역 근처 원룸 양도합니다~쪽문 바로 코앞입니다!!2층에 위치하고 있고 벌레도 거의 없습니다~별로 안 살기도 하고 저도 깔끔한 편이라 엄청 깔끔합니다!500/50 관리비 3만원수도, 가스, 전기 요금은 따로! 근데 진짜 별로 안",2026-07-21
133393585,4,everytime,원룸 양도,후문 30초 원룸 양도합니다!,"🧡묵정아파트 부근🧡500/50, 관리비x, 공과금 별도🧡에어컨, 냉장고, 세탁기크기는 7평 내외인데, 이번 학기 두 명이서 같이 지낸 만큼 작은 크기는 아니에요! 창문은 두 개라 환기도 문제 없고, 같은 층 보일러가 저희 집 바닥을 지나서 ㅋㅋ 겨울에도",2026-07-20
133156661,4,everytime,원룸 양도,(1000/40) 동대입구역 근처 자취촌 원룸 양도합니다,"동대입구 자취촌 원룸 양도합니다! 동대입구역 3분이내이고,( 앰배서더 가기전 자취촌)급하게 방을 빼야해서 올립니다! 1000/40인 원룸으로 오피스텔보다 상당히 넓습니다.관리비 포함 40(전기비,수도세)이고 가스비 별도입니다.방은 3~7일 내로 빼줄 수",2026-07-18
132936187,4,everytime,원룸 양도,충무로 원룸 (1000/75/6) 양도합니다.,"내년 2월까지 계약인데, 사정상 미리 방을 빼야 할것 같아서 내놓습니다.위치는 필동2가이구요, 걸어서 신공학관까지 10분정도 걸립니다.원룸 지어지고 나서 제가 첫입주자이고요 깨끗이 사용했습니다.신축이라서 건물상태는 말할것두 없습니다.엘레베이터랑",2026-07-16
131871672,4,everytime,원룸 양도,충무로 원룸 양도합니다,필동면옥 건너편 병천순대동막골 지나서 올라가면 보이는 이스트하우스입니다!많이 물어봐 주시는 사항을 추가해서 올려요!계약기간은 2021년 1월까지 남았고 양도 후 이어서 계약 가능하세요.보증금 1000월세 55관리비 5 공과,2026-07-08
131809578,4,everytime,원룸 양도,후문 2분거리에 원룸 양도합니다,"후문 2분거리에 원룸 양도합니다!🌸 보증금 500만원 / 월세 70만원 / 관리비 4만원 (수도, 인터넷 포함. 전기료와 가스료는 별도)🌸 충무로역 10분거리 /동대입구역 7분거리🌸 옵션 : 냉장고, 에어컨, 세탁기, 가스레인지, 옷장넓은 원",2026-07-08
131804965,4,everytime,원룸 양도,1000/42.5 원룸 양도 합니다,계약은 내년 2월 까지이구요 동입 2번 출구 근처에 있습니다! 주변에 주택가 많구요 편의점 5분거리에 2개있고 음식점 많습니다! 4-5평 정도 됩니다! 쪽지 주세요!,2026-07-08
131759688,4,everytime,원룸 양도,(1000/40) 동대입구역 근처 자취촌 원룸 양도합니다,"동대입구 자취촌 원룸 양도합니다! 동대입구역 3분이내이고,( 앰배서더 가기전 자취촌)급하게 방을 빼야해서 올립니다! 1000/40인 원룸으로 오피스텔보다 상당히 넓습니다.관리비 포함 40(전기비,수도세)이고 가스비 별도입니다.방은 3~7일 내로 빼줄 수",2026-07-08
131582241,4,everytime,원룸 양도,원룸 양도합니다~!~!,작년에 프로젝트 때 너무 바빠서 학교랑 가장 가까운 방으로 자취 했는데 본가로 돌아가게 돼서 방을 내놓습니다! 저는 비흡연자 여자구 방 정말 깨끗하게사용했어요 :) 500/47 관리비포함(수도세/인터넷) 해서 살고 있어요!소담집 옆에 위치한 집으로 무엇보다 원흥관쪽,2026-07-07
131534528,4,everytime,원룸 양도,후문 1분 500/50 원룸 양도합니다!,"🧡묵정아파트 부근🧡500/50, 관리비x, 공과금 별도🧡에어컨, 냉장고, 세탁기크기는 7평 내외인데, 이번 학기 두 명이서 같이 지낸 만큼 작은 크기는 아니에요! 창문은 두 개라 환기도 문제 없고, 같은 층 보일러가 저희 집 바닥을 지나서 ㅋㅋ 겨울에도",2026-07-06
130764356,4,everytime,원룸 양도,🔥후문 1분거리 500/50 원룸 양도합니다🔥,"🧡묵정아파트 부근🧡500/50, 관리비x, 공과금 별도🧡에어컨, 냉장고, 세탁기크기는 7평 내외인데, 이번 학기 두 명이서 같이 지낸 만큼 작은 크기는 아니에요! 창문은 두 개라 환기도 문제 없고, 같은 층 보일러가 저희 집 바닥을 지나서 ㅋㅋ 겨울에도",2026-07-02
130469079,4,everytime,원룸 양도,(1000/40) 동대입구역 근처 자취촌 원룸 양도합니다,"동대입구 자취촌 원룸 양도합니다! 동대입구역 3분이내이고,( 앰배서더 가기전 자취촌)급하게 방을 빼야해서 올립니다! 1000/40인 원룸으로 오피스텔보다 상당히 넓습니다.관리비 포함 40(전기비,수도세)이고 가스비  별도입니다.(전기비 포함이기 때문에",2026-06-30
130389627,4,everytime,원룸 양도,원룸 양도,500/50에 후문쪽 원룸 양도하면 사실분?,2026-06-30
130268557,4,everytime,원룸 양도,쪽문 2분거리 원룸 양도합니다!,✔️1000/50에 관리비 3입니다✔️ 뒷베란다 있어서 짐이랑 빨래 널기 좋아요✔️ 6평 정도 원룸입니다✔️ 얼마전에 업체불러서 에어컨 청소해서 깨끗합니다!✔️ 2층이라 다니기도 편해요✔️ 더 궁금하신거 있으시거나 사진 더 보고 싶으시면 연락,2026-06-29
130203296,4,everytime,원룸 양도,건대입구역,안녕하세요이사를 가게되어서 원룸 월세를 양도하고자 글을 써봅니다분리형 원룸이고 현재 두명이서 살만큼 넓습니다건대입구역과 거리는 7분정도이며 3층입니다1층엔 카페가있어서 분위기가 좋고요1000/55이고 전기세 가스세는 별도입니다.,2026-06-29
129975793,4,everytime,원룸 양도,동대입구 자취촌 쪽문 3분 원룸 양도합니다!,"안녕하세요!! 2학기 개강전에 동대입구 원룸에 입주하실 분 구합니다!🌟 500/45(관리비, 수도, 인터넷 포함)🌟 동국대학교 쪽문 3분 거리🌟 에어컨, 냉장고, 서랍장, 책상, 침대 구비되어 있습니다.🌟 주인 아주머니께서 정말정말 친절하셔서",2026-06-28
129852606,4,everytime,원룸 양도,🌟원룸 양도합니다🌟,"백상노래방 근처 본도시락 2층입니다전산원,후문 모두 가깝고 평지에 위치하고있습니다보증금 1000에 월세 50 관리비 3만원이고 수도세 포함입니다창문이 커서 빛도 잘 들고 환기도 잘돼요주방도 요리하기 편하고 화장실도 깔끔합니다살아 본",2026-06-27
129428612,4,everytime,원룸 양도,원룸 7월부터 양도받으실분 구합니다(일산캠),"7월 부터 양도 받으실 분 구합니다~ (바시대학생)학교에서 약 10분거리 원룸 양도 합니다.위치는 원중초 주변이고, 충분히 걸어다닐 만한 거리에 있습니다 .원룸 바로 옆에 카페가 있다는 장점이 있고, 주변에 노브랜드, 편의점등 편의시설 갖춰져 있어서",2026-06-25
129142063,4,everytime,원룸 양도,여성전용원룸 양도합니다!(7월~),@원래 계속 살려고 했던 방인데갑작스레 휴학하게 되어 원룸 양도합니다!!@방구할때 여러군데 직접 열심히 돌아다니고빨리 나갈까봐 급하게 계약했던 방이에요!!2000/47 입니당원래 2년 계약에 2000/45 인데 저는 1년 계약으로,2026-06-24
128912481,4,everytime,원룸 양도,충무로 원룸 양도합니다,"필동면옥 건너편 병천순대동막골 지나서 올라가면 보이는 이스트하우스입니다!계약기간은 2021년 1월까지 남았고 이어서 계약 가능하세요.보증금 1000월세 55관리비 5 공과금 따로 입니다.건물도 깨끗하고 건물 청소,",2026-06-23
128384396,4,everytime,원룸 양도,🐘동대입구 원룸 양도합니다🐘,"1000/50관리비 포함이고요공과금은 따로인데 한달에 2~3만원정도 나오더라고요.동대입구 자취촌에 있구요혜화문 3분, 체육관쪽문 2분정도 걸리는 위치에요계약이 2021년 2월까지인데 제가 휴학을 하는 바람에 방을 빼게 되었네요. 말씀만 하시면",2026-06-22
127164804,4,everytime,원룸 양도,❤️후문 1-2분컷 원룸 양도합니다!(7월~2월까지),원래 계속 살려고 했던 방인데 갑작스레 2학기에 휴학하게 되어서 원룸 양도합니다!!방구할때 여러군데 직접 열심히 돌아다니고 빨리 나갈까봐 급하게 계약했던 방이에요!!2000/47여성전용 원룸이에요!진짜 깨끗하고 후문 1-2분컷입니당동,2026-06-16
119491470,4,everytime,원룸 양도,동대문 역사역 1분거리 원룸 양도합니다!,"2000/60 (관리비5) 보증금 월세 조정 가능한것 같네요.3월 중순 부터 청소 후에 계속 공실이었습니다.동대문역사역이 바로 앞이라 이동이 되게 편하고, 학교까지 도보로 10분정도면 도착합니다.올해 2월말에 입주해서 굉장히 깨끗하게 사용하였구요, 계약",2026-05-04
119342123,4,everytime,원룸 양도,원룸 양도합니다!,저번학기 프로젝트 때 너무 바빠서 학교랑 가장 가까운 방으로 자취 했는데 본가로 돌아가게 돼서 방을 내놓습니다! 저는 비흡연자 여자구 방 정말 깨끗하게사용했어요 :) 500/47 관리비포함(수도세/인터넷) 해서 살고 있어요!소담집 옆에 위치한 집으로 무엇보다 원흥관,2026-05-03
116800724,4,everytime,원룸 양도,"전산원 쪽문 10초 거리, 후문 1분 거리 원룸 양도","500/55입니다.옵션 : 침대, 행거, 냉장고,전자레인지, 에어컨, 드럼세탁기, 신발장, 선반, 좌식 책상/의자4월 30일부터 입주가능합니다.카톡ohoh0724",2026-04-20
113593307,4,everytime,원룸 양도,개강때까지 원룸양도,개강때까지 원룸양도해요 약수역 동입 사이에요! 서울에 일있는데 긱사 못들어가시는 분들 연락주세요🌝,2026-04-01
107054367,4,everytime,원룸 양도,6개월정도(한 학기) 원룸 양도 구해요,일시불로 한 번에 결제하겠슴니당,2026-03-03
100205504,4,everytime,원룸 양도,1학기 6월까지만 원룸 양도 구해봅니다ㅜ,제가 일학기만 하고 바로 군대를 갈 예정이라서 일학기만 생활할수 있는 원룸 구해봅니다지역은 서울 이면 상관 없구 월세는 45까지만 생각하고 있습니다ㅠ(관리비 별도)있으신 분은 쪽지 부탁드리겠습니다,2026-01-22
99796534,4,everytime,원룸 양도,원룸 양도 합니다!,"1. 위치: 쪽문에서 2분거리 3층2. 월세: 보증금 1000 /월세 60 관리비+33.입주가능일: 협의 가능-폴옵션 (에어컨, 세탁기, 전자레인지, 책상, 의자 냉장고, 붙박이옷장, 신발장, 메트릭스,인덕션 등 )-베란다있어서 건조대 놓을",2026-01-16
99339909,4,everytime,원룸 양도,2020 1학기 원룸구합니다.,제가 1학기복학인데 1학기만 양도가능하거나 반년 계약할수있는 자취방 구합니다ㅠㅠ 원룸투룸 상관없어요. 번호나카톡 쪽지로 보내주세요~ 연락드릴게요!@전세금 1000이하 월세 50~75 깨끗한방 구해용,2026-01-10
99197907,4,everytime,원룸 양도,20년 1학기까지 원룸 양도 구합니다ㅠ,제가 일학기만 다니고 군대를 갈 예정이라서 일학기만 양도 가능하신분 찾고 있는데 계시면 쪽지 부탁 드리겠습니다!,2026-01-08
98051754,4,everytime,원룸 양도,동대입구역 자취촌 원룸 양도합니다,"1. 위치 : 동국부동산 근처(사과관까지 5분, 학림관 쪽문까지 3분)2. 월세 : 1000/50 (+관리비 3만원)3. 입주가능일 : 1/4일부터 바로 가능!!!!!!- 벌레 전혀 없음!!- 풀옵션 ( 세",2026-12-26
96803405,4,everytime,원룸 양도,동대문역사문화공원 동대입구 청구역 원룸 단기/양도,"계약은 2월초에 끝나서단기로 한 달 정도 살 분이나, 아니면 양도 받으실 분 연락주세요!위치는 학교 걸어서 10분이고동대문역사문화공원역 2호선과 3분 거리에 있어요양도는 500/50(관리비포함)단기는 날짜보고 절충할 생각이에요",2026-12-14
95987347,4,everytime,원룸 양도,동대입구 2번출구 바로 옆 원룸 양도해오!,"위치는 동대입구 2번출구 태극당 바로 옆에 돈돈돈까스 바로 옆 하얀 건물입니다! 보증금 1000에 월세 45만원이고 침대랑 행거, 옷장, 인덕션 다~~놓고 갈거예요! 😼😼가기 전에 청소 업체 불러서 청소 엄청 깨끗하게 해드릴게요! 😽😽혜화관까지 부지런하게 걸으면 10분 걸립니",2026-12-06
95875429,4,everytime,원룸 양도,바시대 7분거리 원룸 양도합니다,500/45 +관리비 5이며 1.5층이에요. 전기 가스 따로고1학기부터 살면서 벌레 한마리 못 봤구종강하면 방정리하고 고향가야해서 내놔요!신발장 인덕션 냉장고 옷장 세탁기 있구요!보일러 빵빵하고 따뜻한물 거의 바로 나와요.입구에 비,2026-12-05
95738055,4,everytime,원룸 양도,전산원 1분거리 원룸 양도합니다 300/46 (방학 단기 가능),"전산원 1분거리 원룸 양도합니다.보증금 300에 월 46이고 세탁기 에어컨 전자렌지 인덕션 냉장고 구비되어 있습니다. 현관에 도어락이랑 cctv 설치되어 있고, 걸어서 20초(?) 거리에 편의점 있습니다.12월 말부터 입주 가능하신 분으로 모십니다. 방학기간 2",2026-12-03
95232788,4,everytime,원룸 양도,학림관 5분거리 원룸 단기 양도,2시 수업이라면 1시55분에 출발하여도 지각하지 않는 학교 바로 앞 원룸 양도합니다. 1000/63+a 입니다. 풀옵션이고 다락방도 있습니다.12-2월 양도합니다.,2026-11-27
93598195,4,everytime,원룸 양도,1000/60 동입 원룸양도해요!,12월 말-1월말 중에 입주할 수 있는 분이셨으면 좋겠어요!4층이지만 1층이 거의 지하라서 계단은 3층(다른 입구로 들어오시면 2층 반)정도만 올라오시면 되구요! 1층 2층은 다 회사고 계단에 CCTV도 있어요! 저희 층에는 저까지 두 세대가 살고 있고 방음도 나쁘지 않습니다,2026-11-08
90262337,4,everytime,원룸 양도,원룸 양도합니당,성신여대입구역 도보 7분거리에 있고14평크기의 원룸이에여. 풀옵션이고 필요하시면 좋은 가구도 그대로 드려용500/53(관리비 포함)에 양도합니다. 관심있으시면 연락주세영,2026-10-04
86985450,4,everytime,원룸 양도,신공 원흥관 2분컷 원룸 양도해요,"원흥관 신공학관 2분컷 가능한 원룸 이어살 사람 구해요500/60인데 500/55로 데려가실 분 구합니다 관리비 3만원에 수도, 인터넷 포함되어 있습니다 책상 침대 옷장 신발장 전기레인지 냉장고 풀옵션이고요채광 좋아서 낮 시간 동안 불 안 켜고 생활합니다",2026-09-02
86507486,4,everytime,원룸 양도,쪽문 30초거리 원룸 양도합니다,1000/45 +관리비 3만원반지하라 햇빛이 안드는점 빼고는 정말 좋은 방입니다방 비워달라는때에 바로 비워드리고집주인분이 저 나가면 도배+장판 해주신다고 합니다!!위치정말 좋고 방보러오실분도 환영합니다방사진도 있으니 관심있으신분,2026-08-29
85362134,4,everytime,원룸 양도,원룸 양도받습니다.,9월부터 12월이나 2월까지 충무로나 동입 근처 원룸 사시는 분 중에 혹시 계약기간이 12월이나 2월까지인데 집을 사용하지 않게 된 경우에 연락 주시면 감사하겠습니다.,2026-08-19
84426870,4,everytime,원룸 양도,8월이나 9월 ~ 11월까지 원룸 양도 구해요,8월이나 9월 ~ 11월까지 원룸 양도 구해요!보증금없이 월세만 내고 단기로 살고싶은데가능하신분 쪽지주세요,2026-08-09
83513889,4,everytime,원룸 양도,쪽문 1분거리 원룸 양도합니다,1000/45 +관리비 3 +공과금(한달에2만정도)반지하인데 빛안들어오는것 빼고 불편한점 딱히 없습니다계약기간은 2021년2월까지구요 편하실때 들어오시면 됩니다사진은 댓글달아주시면 쪽지로 보내드리겠습니다~~,2026-07-31
82991396,4,everytime,원룸 양도,"사당역 9월 ~ 2월, 6개월 단기 혹은 양도 (취준생 추천)","안녕하세요, 이번에 해외인턴에 선발돼서 집을 잠시 비우게 되어 제 명의 아래 잠시 거주하실 분을 찾습니다.양도도 가능합니다.-원룸 사항-위치 : 사당동 (사당역 도보 07분 내)임대기간 : 2019. 09. 01 ~  2019. 02. 29 (",2026-07-24
82270743,4,everytime,원룸 양도,✨상도역 5분거리 3000/35 원룸 양도합니다!(8월26일~),"다음학기에 교환학생을 가게 되어서 8월말 즈음에 방을 뺄 것 같습니다! 8월 말부터 사실 분 구해요🌟7호선 상도역에서 걸어서 5-6분 거리이구요⏰강남하고 가까워서 Ipp나 인턴하시는 분,혹은 강남으로 학원 다니시는 분이 자취하시면많이 안걸려",2026-07-15
82194064,4,everytime,원룸 양도,500/35 관리비 x 학교 도보10분 풀옵션 원룸 양도합니다,입주는 8월이나 7월말부터 가능하신분이면 좋겠습니다.동대입구역과 학교정문까지 둘다 도보로 10분정도 걸립니다옵션은 냉장고 세탁기 에어컨 책상 침대 전자레인지 인덕션등등 있을건 다 있습니다. 심지어 제습기도 옵션으로 있습니다계약기간은 내년까지로 2년되어있습,2026-07-14
81505020,4,everytime,원룸 양도,원룸 양도 절차,절차가 어떻게 되나요?,2026-07-05
81476971,4,everytime,원룸 양도,✨상도역 5분거리 3000/35 원룸 양도합니다!(8월말~),"다음학기에 교환학생을 가게 되어서 8월말 즈음에 방을 뺄 것 같습니다! 8월 말부터 사실 분 구해요🌟7호선 상도역에서 걸어서 5-6분 거리이구요⏰강남하고 가까워서 Ipp나 인턴하시는 분,혹은 강남으로 학원 다니시는 분이 자취하시면많이 안걸려",2026-07-04
81355386,4,everytime,원룸 양도,약수역 1000/35 원룸 양도합니다!,"약수역 1000/35 원룸 양도합니다!제가 2월 말부터 들어가서 살고있는 방입니다1000/30 관리비 5만원입니다관리비에는 수도, 인터넷, 유선 포함으로 주변 시세에 비해 굉장히 저렴한 편입니다평수는 4.5평정도 됩니다옵션으로는 가스",2026-07-03
81015334,4,everytime,원룸 양도,약수역 원룸 1000/35 양도합니다,"제가 2월 말부터 들어가서 살고있는 방입니다1000/30 관리비 5만원입니다관리비에는 수도, 인터넷, 유선 포함으로 주변 시세에 비해 굉장히 저렴한 편입니다평수는 4평정도 됩니다옵션으로는 가스렌지, 냉장고, 세탁기가 있습니다월세가 주",2026-06-29
80983295,4,everytime,원룸 양도,원룸 양도 문의,친구에게 남은 6개월 양도하려하는데 부동산에 얘기하면 대필료를 받나요?만약 집주인이 원룸가격을 올릴수도있나요?,2026-06-29
80324437,4,everytime,원룸 양도,보증금 500/월세 35 원룸 양도합니다,"동대입구역, 학교정문 두군데 모두 걸어서 10분정도 걸리는거리에 위치해 있습니다.관리비는 따로 없구요. 에어컨이나 책상 침대 세탁기등의 옵션은 전부 다 있어요.심지어 제습기도 따로 있습니다가스비랑 수도세는 두달에 한번 내구요. 전기세는 한달에 고정으로 만",2026-06-23
79926637,4,everytime,원룸 양도,8.9~12월 원룸 양도 해주실분,8월이나9윌부터 12월말까지 원룸 양도가능하신분??깨끗하게 쓰겠습니다. 쪽지주세요!,2026-06-19
78983102,4,everytime,원룸 양도,원룸 2학기 양도하실분,월세 40정도 생각중이에여!,2026-06-12
78850357,4,everytime,원룸 양도,2학기 원룸 양도하실 분 있으신가요!,쪽지/댓글 주세요~!~!,2026-06-11
78313965,4,everytime,원룸 양도,7월부터 12월까지 살 원룸 구해요.,"쪽문, 전산원이나 신공 근처로 6개월 살 원룸 구해요.월세는 50전후로 생각중이고 보증금은 양도해주실 분보다는 집주인과 직접 거래했으면 합니다.",2026-06-07
77665358,4,everytime,원룸 양도,충무로 원룸 양도합니다!!,충무로 원룸 1000/55 관리비 5만원입니다!!신공학관에서 5분거리에 위치했습니다4층건물에 2층 방이고 굉장히 깨끗합니다궁금하신거 있으시면 쪽지나 댓글주세요!!,2026-05-31
77234128,4,everytime,원룸 양도,2학기부터 들어갈 수 있는 원룸 구합니다,7~8월 중에 입주하고 싶은데 혹시 원룸 양도 계획있으신 분 쪽지 부탁드립다ㅜㅜ,2026-05-27
77176355,4,everytime,원룸 양도,학교 근처 원룸양도합니다,종강직후나 여름방학부터 내년 1월까지 사실분 구해요50/3/1000 관리비에는 인터넷 포함입니다.2학기에 휴학을 하게 돼서 내놔요전산원 3분거리이고 앰배서더쪽으로 가면 동대입구역도 가깝습니다!전에분들은 2명이 거주하셨을만큼 혼자 지내는데 크기는,2026-05-26
75229870,4,everytime,원룸 양도,방학 원룸 양도,7-8월동안 사실 분 계신가요? 동입 근처고 충무로도 가까워요,2026-05-06
72957304,4,everytime,원룸 양도,낙성대역 3분 거리 원룸 2개월간 양도합니다! (35만원),"#원룸 #부동산 #양도 #빈방 #자취안녕하세요!동국대학교 졸업생입니다!제가 낙성대역 2분 거리 원룸에서 살고 있었는데 직장 문제로 방을 비우게 될 것 같아서,계약 기간 종료때까지 2개월간 사실분 계시면 2개월간 월세만 내시고 거주하",2026-04-18
65091016,4,everytime,원룸 양도,방학때 원룸,원룸을 방학때 양도하고 싶은데 양도 잘 되는편인가요? 동대에서 지하철 두정거장위치양도안되면 월세부담되서요 ㅠㅠ,2026-02-22
63869131,4,everytime,원룸 양도,,동대 근처 원룸 구하시는 분 있나요?추합으로 양도하려하는데 지금 못 구하는 가격 괜찮고 상태 좋은 집이예요~,2026-02-14
63847466,4,everytime,원룸 양도,,"동국대 주변 10분거리 원룸 구하시는분 있어요??다른 학교 추합으로 지금 구하기 힘든 깨끗한 원룸 양도 하려고 하는데,,",2026-02-14
61388281,4,everytime,원룸 양도,원룸 양도합니다,"약수역 주변 1000 / 60 원룸 양도합니다.청구역 1분 거리 , 약수역 5분 거리이고 원룸 바로 앞에 학교로 가는 버스 정류장이 있어서 교통이 편리합니다 !내부는 깨끗하고 햇볕 잘들어요.풀옵션에 엘리베이터 있습니다.혹시 필요하시다면 책상이랑",2026-01-16
52208037,4,everytime,원룸 양도,자취방 원룸 양도합니다,"자취방 양도 합니다~~~!풀옵션 (전자레인지,세탁기,침대,책상)보증금 1000/50 전기세,가스비 따로 (여름 한달 내내 에어컨틀었었는데 9천원 나왔어용)전산원 바로 맞은편에있는 주택 1층이구요 여자 전용이고, 4중창까지 설치되어있는 집입니다. 주인이",2026-09-06
405771976,4,everytime,오피스텔 양도,충무로 오피스텔 양도,동생의 서울 상경으로 더 큰 집으로 이사가게되어 원룸 내놓습니다.위치: 중구 오장동-CJ 제일제당 본사 앞평수: 전용면적 약 5평보증금/월세: 1000/ 75관리비: 11만입주일: 4-5월말 사이 (협의가능)- 전입신고,2026-03-26
283527699,4,everytime,오피스텔 양도,구파발역 신한 헤스티아 2차 500/57,"구파발역 준신축 오피스텔 500/57 양도합니다!계약 만료일이 2023.02.27이지만, 방을 2월 중순 중으로 뺄 예정이라 그 전에 입주하셔도 됩니다!!구파발역 도보 4-5분인데 진짜 바로 앞이라 뛰면 1분이에요!!동네 분위기 진짜 좋고 바로 앞에 편의",2026-01-19
236399650,4,everytime,오피스텔 양도,주차권 구해요 도와주세요..,교내 월단위 주차권이나 학교근처 자취촌/오피스텔 주차권 양도가능하신분들 연락주세요.. 가격 최대한 맞춰드릴수있습니다!!,2026-03-04
134256372,4,everytime,오피스텔 양도,🏠(완료)LH대출가능 장한평역 오피스텔 양도합니다!!🏠,"매물구할 때, 직접보고 마음에 들어서 바로 권리분석 넣은 집이에요!! 저는 막학기 끝나고 본가내려와서 중도퇴실합니당 ㅠㅠㅠㅠ😂✔️5호선 장한평역에 위치! (충무로역까지 환승시간포함 지하철 20분안걸려요!! ) 8층입니다!!!✔️1.1억에 월세5만원 입니다!!! + 관리",2026-07-27
395430819,4,everytime,자취방 양도,자취방 양도합니다!!,동대입구 2출 1분거리창 크고 정사각형인 집 양도합니다!1000/50 관리비 5만원 입니다한 층당 세대가 2세대라 사생활 보호에 좋습니다!!제가 본가로 다시 들어갈 예정이라지금 당장도 입주 가능합니다쪽지로 연락주시면,2026-12-05
387909759,4,everytime,자취방 양도,(재업) ❗️성신여대 자취방 양도합니다❗️(1000/45 관리비 포함),"보증금 1000 / 월세 45(수도,인터넷 포함) / 전기•가스 별도4호선 성신여대 입구 4번출구에서 도보 4분 걸립니다바로 입주 가능하시고 집주인분이 매일 쓰레기 청소하러 와주셔서 분리수거가 아주 편리해요 :)더 궁금한 점은 오픈채팅으로 넘어오시면 자",2026-08-23
387909742,4,everytime,자취방 양도,(재업) ❗️성신여대 자취방 양도합니다(1000/45 관리비 포함)❗️,"보증금 1000 / 월세 45(수도,인터넷 포함) / 전기•가스 별도4호선 성신여대 입구 4번출구에서 도보 4분 걸립니다바로 입주 가능하시고 집주인분이 매일 쓰레기 청소하러 와주셔서 분리수거가 아주 편리해요 :)더 궁금한 점은 오픈채팅으로 넘어오시면 자",2026-08-23
381894218,4,everytime,자취방 양도,7월 - 11월 사이 자취방 양도,받을 수 있을까여? 제가 돈 내는 형식으로요!,2026-06-04
354377636,4,everytime,자취방 양도,개강했는데 뭐 먹음?🤔,"이번 학기를 힘차게 시작하기 위해서는 밥심 충전 필수!개강하고 먹은 모~든 음식들을 공유해보자🍽️동기들이랑 갔던 학교 근처 맛집,자취방에서 나만의 레시피로 만든 집밥,공강을 달래준 혼밥 맛도리 푸드,학교뷰를 즐기며 음미하는 도시락까지🤤",2026-09-12
306140573,4,everytime,자취방 양도,※ (6월 입주 가능) 중문 자취방 양도합니다,"동대입구역 3분 거리, 중문 바로 옆에 있는 원룸입니다채광 잘 들어오고, 아직까지 1년 동안 살면서 벌레, 오염 이슈는 일체 없었습니다화장실도 최근 수리 마쳐서 깔끔하고 넓게 되어 있습니다보증금 500월세 45 (관리비 포함) 입니다",2026-06-10
305859933,4,everytime,자취방 양도,자취방 양도 해 주실 분 구해요,벌레 문제 없고 깨끗하기만 하면 좋을 것 같아요7월 입주도 괜찮고 8월 입주도 괜찮으니쪽지나 댓글 주세요 !,2026-06-08
283116536,4,everytime,자취방 양도,2017년도 디연 동국대 주변 맛집정리글,세월이 상당하게 지났음을 통감... 그리고 외식물가 진짜 많이 오른듯,2026-01-15
153977259,4,everytime,자취방 양도,이걸 어디서 부터 말해야하나..(+수정),"일단 나는 미대야.진짜 상황이 너무 답답하고, 연속되는 야간작업에 힘들어서 글 쓴다...다들 알고 있을 수도 있지만, 미대인 만큼 이론적인 부분도 분명 배우지만 실기 수업이 주로 이루고 있어. 그리고 이런 실기 수업을 비대면으로 진행하는 건 한계가 있고, 교수님의",2026-11-26
146273161,4,everytime,자취방 양도,엘리트짐 양도(2개월),"자이아파트 지하엘리트짐 3개월 끊었다가 1개월 사용하구, 사정상 이용 장지 시켜놓고 아직 활성화 안시켰는데 자취방을 빼게되어서 양도하려합니다ㅠㅠ3개월 12만원+사물함1만원 총 13만원인데 2개월에 제가 쓰던 사물함까지 해서 6만원에 양도할게요!!",2026-10-06
78671566,4,everytime,자취방 양도,방학 중 자취방 양도하실분 계신가요,방학후 개강전까지 본가내려가시는분 중에 자취방 양도 하실분 계시면 쪽지주세요,2026-06-10
78234774,4,everytime,자취방 양도,원룸임대,계절학기 들으시는 공대생들신공학관 걸어서 3분원흥관 걸어서 6-7분 거리 자취방 7-8월 양도합니당자세한 거 쪽지주새ㅐ영,2026-06-06
74184605,4,everytime,자취방 양도,혹시 한달 자취방 양도하실분 있어요?,수료생인데 한달 만 위에서 취준할려고하는데살곳이 마땅치가 않네요혹시 방비우시거나 그러시는분없나요 ~,2026-04-26
