작성자,별점,리뷰내용,작성일
Aglz,5,최고예용,2026-06-12 11:40
ES C90,3,창고 서비스 자체는 좋은데 앱이 조금 말썽입니다 지문에서 앱으로 바뀌고 서버 오류가 나도 nfc태그로 몇 번 하면 열렸는데 태그도 불가능해져 서버 에러 뜨면 계속 트라이하는 것 말곤 방법이 없습니다 고객센터는 24시간이 아니니까요,2026-05-04 19:00
sharim,1,로그인오류 있다는 리뷰가 작년도 전부터 있네요. 저 역시 본인인증오류로 접속불가고요. 별점5점짜리 리뷰도 댓글알바 냄새가 너무 나요. 별1점리뷰에 상담은 한참전부터 채팅상담만 가능하고 형식적인 답변만 하는데 오래걸린다는데 별5점리뷰는 신속하게 전문적으로 친절하게 한다그러고ㅋㅋㅋ,2026-04-15 23:44
1029 mysin,5,써봤는데 신세계입니다. 구축 아파트라 아이 짐이랑 캠핑짐이 고민이었는데 할인 프로모션으로 4만원에 잘 이용하고있어요,2026-04-07 21:28
윤효영,1,로그인을 눌러도 회원가입으로 이동됩니다. 빠른 수정바랍니다,2026-04-05 11:49
Chanse,2,패스앱 인증이 안됩니다.,2026-02-25 13:17
ʕ•ᴥ•ʔ,3,보증금 환불 기준에 대해서 아쉽네요.. 다락측에서 주는거면 좋겠지만 결제한 카드사서 받는거니.. 결제카드를 가지고있었으면 몰라도 해지카드여서 그런지 카드사는 한달뒤에 주겠다하니 텀이 너무 길어요.. 다락한테 뭐라고 할 수도 없으니..,2026-02-24 18:33
안창인,1,"앱이 먹통이에요. 이용정보나 결제내역 확인들어가면 멈추고 결제방법 변경하려고해도 뭐 뜨질 않으니 쓸수가 없어요;,",2026-01-20 14:05
임크리,3,버그 수정은 좋은데요 창고 출입문이 안열려요 오류메세지만 30번 보고 에스원에 전화했어요 이게뭔가요...,2026-01-12 8:10
Mg Yu,1,고객센타 전화에서 채팅으로 바뀌었는데 너무 느리고 불편하고 응대방법도 화가 나네요,2026-01-02 18:25
윤지영,1,지금 몇일째 출입이 안돼요. 이용못하는만큼 보상허세요. 여기까지 짐들고 와서 허탕친게 3번째에요. 이용도 못하게 만들 에러나는 앱 만들거면 그냥 옛날 방식으로 지문 열고 들어가던지요. 보상하세요!,2025-12-24 12:28
돌핀,5,더운 날씨에 걱정했는데 창고 안 온도가 쾌적해서 놀랐어요! 관리 잘 되는게 느껴져요,2025-12-23 0:02
정진아,5,전문 보험 보유하고 있다는 점에서 신뢰감 들었어요. 소중한 물건 맡기기 적합한 곳이에요~,2025-12-22 22:55
카쿠,4,다른 사용자분들 리뷰 읽어보고 결정했는데 직접 써보니 평가가 정확하더라구요ㅎㅎ 추천!,2025-12-22 21:50
진영,4,상담 받을 때 응대가 진짜 빠르고 친절하더라구요~ 전문적으로 설명해주셔서 이해 쉬웠어요:D,2025-12-22 19:15
지미니랜드,5,모바일 앱으로 관리되는 시스템이라 열쇠 걱정 없이 편하게 다녀요~ 접근성 좋아요!,2025-12-22 14:26
Subidubi,5,24시간 언제든 출입 가능하고 보안도 철저해서 편하게 쓰고 있어요!! CCTV 완비되어 있어요,2025-12-22 12:20
김보라,5,크기 선택 잘해서 그런지 공간 활용도가 높아요ㅋ 짐 배치하는데 전혀 불편함 없네요~,2025-12-22 10:48
맹이,5,덥고 습한 여름인데도 내부 온도가 쾌적하게 유지되더라구요ㅋㅋ 시설 관리 수준 높아요,2025-12-22 10:04
문태경,5,여러 업체 견적 받아봤는데 가격 경쟁력이 있더라구요. 합리적인 비용으로 이용 중입니다:),2025-12-22 6:29
Mj Son,5,"청결도 진짜 최고예요,, 냄새 하나 안나고 깨끗해서 이용할 때마다 기분 좋아요^^",2025-12-22 4:49
조조조,5,업계 선두 업체라는 명성이 괜히 있는게 아니네요ㅎ 전반적으로 시스템이나 관리가 탄탄해요!!,2025-12-22 1:25
김마이클,5,가성비 따져보면 여기만한 곳 없는 것 같아요~ 가격 합리적이면서 시설도 좋으니까요:D,2025-12-19 15:16
S.Y. Chu,5,앱 연동되어 있어서 출입할 때 정말 간편해요! 이런 편의성 때문에 계속 쓰게 되는 것 같아요ㅋ,2025-12-19 14:23
오태훈,5,공간 사이즈가 딱 맞아서 짐 보관하기 효율적이에요ㅋ 낭비되는 부분 없이 잘 쓰고 있어요,2025-12-19 13:34
씽씽카,5,냉방 시설 제대로 갖춰져 있어서 한여름에도 쾌적하더라구요~ 짐 관리하기 좋은 환경이에요,2025-12-19 13:30
김소희,4,평점 보고 선택했는데 역시 좋은 리뷰엔 다 이유가 있네요ㅎㅎ 후회 없는 결정이었어요~,2025-12-19 8:56
kj7299 K,4,센터에 문의했을 때 전문적인 상담 받아서 좋았어요~ 응대 퀄리티가 높은 편이에요!,2025-12-19 8:46
섭,5,보험까지 신경써서 준비되어 있다니 안심하고 이용할 수 있었어요!! 꼼꼼한 업체네요,2025-12-19 7:58
남카세 (카세야나),5,시장 점유율 1위라는게 체감되는 수준이에요. 시설부터 서비스까지 전반적으로 우수해요ㅎ,2025-12-19 2:02
이구아모,5,"위생 관리가 완벽해요,, 벌레 같은거 전혀 없고 냄새도 안나서 만족도 높습니다^^",2025-12-19 1:19
불여우,5,짐 정리하면서 공간 활용 제대로 할 수 있었어요ㅋ 크기가 딱 알맞아서 효율적이네요~,2025-12-18 16:28
배형경,4,고객 응대 수준이 높아서 놀랐어요ㅎ 궁금한거 물어보면 바로바로 답변 주시더라구요,2025-12-18 16:05
이하영,5,여름철 습한 날씨인데도 창고 내부가 시원하고 쾌적해서 좋았어요ㅋㅋ 관리 잘하시네요,2025-12-18 12:25
다빈,5,주변 창고 몇 군데 알아봤는데 가격 면에서 여기가 제일 나았어요~ 괜찮은 선택이었어요:),2025-12-18 8:38
ᅳᅳᅳᅳ,5,모바일로 출입 관리되니까 열쇠 챙기는 번거로움이 없어요~ 정말 편리한 시스템이에요!,2025-12-18 3:20
Hwayoung Kim,4,평점 높은이유가 있었네요ㅋㅋ 리뷰믿고 신청했는데 기대이상이예요^^,2025-12-17 17:44
루나,5,1위 브랜드라는 타이틀이 괜히 있는게 아니구나 싶었어요. 전반적으로 다 좋았습니다ㅎ,2025-12-17 17:42
히,5,가격 비교 엄청 해봤는데 여기가 제일 합리적이더라구요~ 시설 대비 가성비 훌륭해요!!,2025-12-17 15:23
변로즈,4,문의사항 있어서 연락했더니 응대가 정말 빠르고 정확하더라구요! 전문성이 느껴졌어요~,2025-12-17 13:11
권서아,5,짐 보관 보험까지 있어서 안심하고 맡겼어요~ 이런 부분 신경쓴 업체 처음 봤네요!!,2025-12-17 8:59
구르트요,5,앱 하나로 모든게 해결돼서 편리함의 끝을 보는 중이에요ㅋㅋ 키 분실 걱정도 제로~,2025-12-17 5:52
박지희,5,위생 상태가 진짜 좋아요! 벌레 하나 안보이고 퀴퀴한 냄새도 전혀 없어서 만족스럽네요,2025-12-17 0:39
이윤진,5,처음 써보는 셀프스토리지인데 1위 업체라 그런지 믿음이 가요. 시설도 깔끔하고 좋네요!,2025-12-16 9:58
김우영 (poker 빡빡이),5,보험 단독으로 가입되어 있다는 말 듣고 바로 계약했어요~ 소중한 물건 맡기는거라 이런게 중요하죠,2025-12-16 8:14
백화,4,상담 전화 했을때 너무 친절하고 전문적으로 설명해주셔서 감동... 고객센터 응대 수준이 높아요 ㅠㅠ,2025-12-16 6:09
영글사전,5,공간 크기가 딱 적당해서 짐 정리하기 좋아요! 활용도가 생각보다 높아서 만족 중이에요ㅋ,2025-12-15 20:21
레왕왕이,5,한여름에 갔는데 에어컨 때문에 오히려 추울 정도였어요ㅋㅋㅋ 시설 관리 확실히 하는듯!,2025-12-15 16:26
이연우,4,리뷰 보고 결정했는데 직접 써보니 후기가 과장이 아니었네요ㅎㅎ 추천할만해요~,2025-12-15 9:28
고냥이,5,출입할 때마다 앱 하나로 다 해결되니까 너무 간편하더라구요!! 기존 창고랑 비교 안될 정도예요,2025-12-15 8:51
안성진,5,CCTV 완비되어 있고 24시간 출입 가능해서 보안은 걱정 안해도 될 것 같네요:),2025-12-15 6:45
Eunwoo Kim,5,주변 다른 창고들 알아봤는데 여기가 가격대비 괜찮더라구요~ 합리적인 선택이었던 것 같아요,2025-12-15 6:16
PLrez,5,"청결 상태 진짜 좋아요,, 냄새도 안나고 벌레 같은 것도 전혀 없어서 안심됩니다^^",2025-12-15 5:53
수빈,5,여름인데 에어컨 빵빵해서 창고 안이 시원하더라구요ㅋㅋ 짐 보관하기 딱 좋은 환경이에요,2025-12-09 20:26
Z크라운드 X,5,셀프스토리지 전문 보험이 있다길래 안심하고 맡겼어요. 이런거 확인하고 쓰는게 중요한 것 같아요~,2025-12-09 18:47
김지연,5,앱으로 출입하니까 키 챙길 필요 없어서 진짜 편해요~ 24시간 언제든 갈 수 있다는 점도 좋구요!,2025-12-09 17:59
루미엔,4,고객센터 문의했을 때 응대 진짜 빠르고 전문적이었어요ㅎ 궁금한 점 바로바로 해결됐습니다,2025-12-09 17:33
이다슬 (다즈리),5,"짐 보관 할 일이 생겨서 미니창고 다락이라는 어플을 알게 되었고, 도착하니 주차장도 자리가 여유가 있어서 다니기에 편할 거라 생각했어요! 그리고 안에 건물은 깨끗하고 다양한 크기가 있어서 제가 필요한 만큼의 크기만 사용할 수 있는 점도 좋았습니다 또 24시간으로 CCTV도 돌아가고 있다보니 안심하고 이용하기도 좋을 것 같아요!",2025-11-10 18:44
뚜뚜뚜,5,​리뷰 보고 이용했는데 업계 1위답게 정말 만족스러워요! 짐을 맡기니 공간 활용도 최고가 되었네요. 앱 방식이라 편리하네요,2025-11-10 15:25
편수아,5,어플로 이용 할 수 있어서 너무 편리하고 궁굼한게 있어서 고객센터 연락드렸는데 응대도 너무 친절하게 잘해주시고 왕왕 좋아용 !!,2025-11-08 3:26
황동혁,5,"다른 분들의 긍정적인 리뷰를 보고 반신반의하며 사용해봤는데, 편리하고 신뢰할 수 있는 서비스였어요. 앱 덕분에 효율적으로 공간을 활용하게 되었어요!",2025-11-08 1:03
윤정선,5,업계1위인 이유를 알겠네요. 집이 좁아 여름 옷 정리하다 이용하게 된 미니창고 다락. 청결하고 주변창고 대비 가격이 합리적이여서 좋았습니다.,2025-11-07 13:37
최나현,5,주변 창고와 비교했을때 가격이 합리적이라 좋았어요! 가성비 굿입니당 ㅎㅎ 또 제가 벌레를 엄청 싫어하는데 조그만 벌레조차 없고 냄새또 안나서 청결해서 좋았습니다!,2025-11-07 11:52
장효인,5,CCTV등 보안도 철저해 안심되고 24시간 출입이 가능해서 언제든 짐보관이 가능해서 너무 좋아요! 미니창고 다락 덕분에 짐보관 걱정 끝!!,2025-11-07 11:16
김민정,5,짐이 점차 많아지니 집 공간은 점점 없어지고 해서 찾다가 '미니창고 다락'을 발견했네요 짐이 제 옆에 없다보니 불안감이 있었는데 미니창고 다락은 24시간 출입과CCTV 완비 등 철저한 보안 시스템으로 연결되어있어서 편리하게 이용하고 있습니다 특히 앱방식이라 더욱더 편리하답니다,2025-11-06 23:57
Kellie Powell,5,사용하면서 가장 좋았던게 고객센터 응대가 진짜 빠르고 친절해서 믿음이 갔어요! 처음에 후기 보고 반신반의했는데 써보니 왜 평이 좋은지 알겠더라구요 보관 서비스도 깔끔하고 전문적이라 다음에도 이용할 계획이에요ㅎㅎ,2025-11-05 23:54
io lee,5,애기낳고 짐이 많아지고 보관할 곳은 없어서 알아보다가 후기가많아서 이용해봤는데 무엇보다 앱으로하니까 진짜 편리해요,2025-11-05 21:19
Gunjan,5,미니창고 다락 덕분에 집이 훨씬 깔끔해졌어요. 24시간 출입이 가능하고 CCTV가 완비돼 있어서 늦은 시간에도 안심하고 이용할 수 있네요. 보안이 철저해서 소중한 물건을 맡기기 정말 믿음이 갑니다.,2025-11-05 18:38
고현정,5,이사때문에 알아보다가 리뷰가 좋길래 리뷰보고 사용해봤는데 좋네요~ 많이 비교해봤는데 주변 창고대비 합리적인 가격이라 가성비도 있어서 만족해요~,2025-11-05 10:52
한고은,5,"별 다섯 개 만점도 아까울 정도예요! '미니창고 다락' 앱 써보고 진짜 감동했잖아요ㅠㅠ 솔직히 짐 보관 서비스 찾아보다가 '미니창고 다락' 알게 됐는데, 처음부터 앱 방식이라 너무너무 편리했어요! 복잡하게 어디 전화하고 방문하고 할 필요 없이, 그냥 핸드폰으로 싹 다 해결되니까 바쁜 저한테는 진짜 딱이더라구요! 틈틈이 필요할 때마다 확인하고 관리할 수 있으니 완전 최고! 그리고 무엇보다 소중한 제 짐들을 맡기는 건데, 보안이 제일 중요하잖아요. '미니창고 다락'은 24시간 언제든지 출입이 가능하면서 CCTV까지 빵빵하게 완비된 철저한 보안 시스템을 자랑해서 정말 안심됐어요. 걱정 없이 믿고 맡길 수 있어서 너무 좋아요ㅠㅠ 이렇게 든든할 수가 없답니다! 짐 보관 서비스 알아보시는 분들께 '미니창고 다락' 앱 완전 강추해요! 저처럼 편리함과 보안 둘 다 중요하게 생각한다면 진짜 후회 없을 거예요! 완전 대만족입니다ㅎㅎ",2025-11-04 10:56
방정희,5,업계 1위 셀프스토리지 여서 신뢰가 가고요 무엇보다 24시간 출입과 cctv 완비등 철저한 보안 시스템이어서 더욱 안심이 됩니다.,2025-11-03 11:56
Ys.,5,냄새나 벌레가 없어서 보관 기간 내내 쾌적하게 이용할 수 있어서 좋았어요:) 그리고 문의한 내용도 바로 처리되는 게 고객센터 응대가 빠르고 친절해서 기분 좋게 이용할 수 있었어요^^! 강추b,2025-11-03 10:54
ShinYoung KIM,5,고객센터 응대가 빠르고 친절해서 처음 이용하는데도 믿음이 가더라구요~^^ 앱으로 간편하게 예약할 수 있어서 편리했습니다.,2025-11-03 9:20
온랩컴퍼니,5,이사하면서 짐때문에 당황스러웠는데 다락만큼 믿을수 있는곳이 없더라고요 주변 창고 대비해서 가성비가 너무 좋아서 가격도 합리적이고 청결해서 저는 정말 좋았어요,2025-11-02 23:46
sm J,5,계절이 바뀌니 옷이랑 이불을 교체하려고 잠시 보관할 곳이 필요해서 검색하다가 우연히 발견했는데 너무 잘 이용하였습니다~ 특히 앱으로 하니 편리해서 일하는 워킹맘으로 미리 시간 예약 안 해도 되니 장점으로 다가왔습니다!!! 굿!,2025-11-02 23:31
탑오름TV백길아,5,"앱 방식이라 사용이 정말 편했어요. 예약부터 결제, 보관 현황 확인까지 한눈에 볼 수 있어서 복잡하지 않았습니다. 24시간 출입이 가능하고 CCTV도 잘 되어 있어서 짐을 맡겨도 안심이 됐어요. 공간도 쾌적하고 냄새나 벌레 같은 게 전혀 없어서 보관 상태가 아주 만족스러웠습니다. 재이용 의사 100%입니다!",2025-11-02 18:58
이혜영,5,미니창고 다락은 셀프스토리지 전문 보험을 단독으로 보유하고 있어서 짐을 맡길 때 정말 안심돼요. 리뷰 보고 사용해봤는데 기대 이상으로 만족스러웠습니다. 짐 보관 서비스 중 단연 최고예요!,2025-11-02 17:46
하현,5,앱으로 위치 확인할 수 있어 편리하고 공간활용도가 너무 좋아요! 무인시스템으로 짐을 보관할 수 있다는게 킥이네요~,2025-11-02 9:15
두더구리,5,잠깐 기간이 떠서 짐 보관할곳 필요했는데 앱으로 너무 편하게 이용할 수 있어서 좋아요! 그리고 창고가 더러울까봐 너무 걱정했는데 청결해서 믿고 맡길수 있어서 좋았어요!!,2025-11-01 9:26
강민주,5,앱 방식이라 편리하고 고객응대 부분에서도 빠르고 전문적인게 느껴지다보니 좋아요!,2025-11-01 0:39
박하은,5,이사하는데 인테리어때문에 2개월정도 붕 떠서 짐 맡길 곳을 알아보다가 알게됐어요 실제로 돌아다니면서 발품 파는것보다 인터넷으로 알아보는 걸 좋아하는데 고객센터 응답이 빠르셔서 너무 좋았고 가성비도 좋아요.,2025-10-31 21:35
정미정,5,출입과 열기를 앱으로 할 수 있으니 편하고 좋아요~ 거기다 주변도 위치로 찾아지니 어렵지않게 이용할 수있어 장점인거 같아요,2025-10-30 9:51
김태블리네,5,내 주변에 있는 창고도 바로 찾을수 있어서 빠르게 잘 이용했네요. 깔끔하게 잘 관리되고 있고 사이즈도 다양하고 넉넉해서 너무 좋았어요. 주변에 더 많이 생기면 좋겠습니다,2025-10-29 22:07
김진서,5,공간이 너무 깨끗해요 벌레 작은것도 없고 냄새도 안나요.. 그리고 주변 창고 대비 합리적인 가격이라 믿고 할수있었어요 ~,2025-10-29 10:13
박정민,5,"앱을 알아보다가 리뷰가 좋아서 혹해서 사용해봤는데, 일단 앱으로 되어 있어 편리하게 이용할 수 있는건 기본이고 24시간 출입이 가능해서 너무 좋았어요 ! 앱으로 한눈에 창고를 알아볼 수 있어서 너무 만족합니다 ~",2025-10-29 9:49
최유정,5,"이번에 짐을 맡기면서 선택한 미니창고 다락, 여름에도 추울 정도로 쾌적한 환경이라 보관에 대한 걱정이 없었어요. 게다가 냄새도 안 나고 벌레 하나 안 보여서 청결까지 완벽! 진짜 만족스러운 셀프스토리지입니다",2025-10-28 11:35
김남희,5,짐 보관할 곳 찾다가 리뷰 보고 사용해봤는데 너무 마음에 들어요~ 냄새도 안나고 정말 청결했어요. 벌레 한마리도 안보이더라구요. 안심하고 짐을 맡길 수 있는 곳을 찾아서 고민이 줄었어요!,2025-10-26 23:42
황은숙,5,"점점 짐이 많아져서 이용하게 되었는데요, 일단 24시간 출입이 가능해서 좋고, CCTV 등 보안 시설이 철저하게 설치되어 있어요. 고객센터 응대도 빨라서 안심하고 이용할 수 있었어요.",2025-10-26 22:22
챠밍굳,5,"처음엔 짐 보관용으로 가볍게 알아봤는데 막상 써보니까 공간 활용도 최고라는 말이 절로 나와요~ 집이 한결 넓어지고, 정리도 훨씬 쉬워졌어요! 앱으로 예약부터 결제까지 다 되니까 정말 편했어요~ 덕분에 생활이 훨씬 여유로워진 느낌이라 너무 좋아요😀",2025-10-26 13:34
박주희,5,"주변 창고들에 대비해 가격이 훨씬 합리적이고 가성비도 좋은것 같아요, 공간 활용도까지 최고라 만족해요",2025-10-25 23:39
Pink (Pink),5,24시간 언제든 출입 가능하고 CCTV 완비라 보안이 정말 철저해요. 공간 활용도도 뛰어나서 짐 보관하기에 딱이에요!,2025-10-24 22:02
김유진,5,"리뷰보고 사용해봤는데 편리하고 좋네요, 사용하다 문의생겨서 고객센터 문의드렸는데 전문적으로 빠르게 응대해 주셔서 신뢰도가요 공간이 필요하신분들은 한번 사용해 보세요^^",2025-10-24 20:26
소미,5,짐을 잠시 보관할 일이 있어 검색하던 중 리뷰가 좋은 앱을 알게 되어 사용을 해봤어요 앱 방식이라 편리하고 너무 좋더라구요 ! 창고 크기 선택이나 결재 예약까지 다 편리하게 이루어지니 사람들이 많이 사용하는 이유를 알겠더라구요,2025-10-24 11:54
jerry lee,5,집주변이랑 찾아봤는데 주변 창고 대비 합리적인 가격이여서 좋았고 24시간 출입과 CCTV 완비가 되어있어 철저한 보안이 맘에 들었어요! 찾아보니 여기에서 하는게 더 가성비였어요!,2025-10-24 10:02
박지영,5,집근처 주변에있는 창고들보다 저렴하고 쾌적하고 너무 시원해서 좋습니다. 자주 애용하고있고 주변에도 추천해줬습니다.,2025-10-23 13:36
최지수,5,캠핑에 취미를 가지게되니 짐이너무많은데 버리기엔아깝고 또 쓸거같고 근데집은 비좁아서 고민하다가 이어플을 알게됬는데 사용방법도 편리하고 쾌적하다보니 짐보관하는게 안심이되요,2025-10-22 12:53
sarah,5,앱방식이라 사용이 정말 편리하더라구요. 원하는 위치의 창고를 바로 확인할 수 있어서 시간 절약도 되고 좋았어요. 주변 창고들과 비교해보니 가격도 훨씬 합리적이더라구요. 공간도 깔끔하게 관리되어 있어서 물건 보관하기에 딱 알맞아요.,2025-10-22 10:30
Kim Junghwoan,5,👍 굿,2025-10-21 12:09
ilililililiili ililillili,1,창고 관리 전혀안되고 다른 리뷰들 보면 알겠지만 고객센터 먹통입니다 알바써서 리뷰 5점주고 주작할 정성으로 창고관리나 해라,2025-10-20 15:12
Seul Lee,5,"작은 평수로 항상 눈에 밟히는 큰 짐들...버릴수는 없고, 따로 보관했으면 싶었는데요 다락은 어플이라 접근이 용이하고 크기랑 용도별로 내가 선택해서 사용가능한게 가장 마음에 들었고요 리뷰보고 선택했는데 리뷰좋은 이유를 알겠네요^^",2025-10-20 12:02
이소현,5,잘쓰고있는 앱인데 공간활용도 최고에요 처음 사용해봤을때도 어렵지않고 고객센터 응대도 빠르고 전문적이신것같았어요,2025-10-20 10:40
미어캣,5,24시간 이용 가능해서 제가 언제든 사용할 수 있어서 좋았어요 그리고 CCTV 완비 등 보안 시스템이 철저해서 정말 안심하고 짐을 보관할 수 있었네요ㅎㅎ 또 짐보관 할일이 생기면 다락만 믿을게요👍,2025-10-19 23:47
김지지,5,확실히 앱으로 하니까 편하긴 하네요! 궁금한 점 있어 고객센터에 물어봤는데 정확하고 전문적으로 바로 답해주셔서 믿음이 가소 좋았어요!,2025-10-17 21:50
양다영,5,잘쓰고 있어용. 주변 창고들보다 가격이 훨씬 합리적이라 가성비가 좋네요. CCTV까지 완비된 보안 시스템 덕분에 안심되요! 24시간 출입이 가능해서 필요할 때 언제든 들를 수 있어서 정말 편리합니다,2025-10-17 11:04
cam kio,5,무엇보다 24시간 출입이가능하고 cctv가 잘 되어있어서 안심이되더라고요 집에 창고가없어서 아주 유용히쓰고있어요 청결해서 좋아요,2025-10-16 20:38
박단비,5,요즘 이사 준비하면서 미니창고 다락 이용해봤는데 생각보다 훨씬 괜찮았어요. 주변 다른 창고들도 비교해봤는데 여기가 가격이 제일 합리적이더라고요. 무엇보다 24시간 언제든 출입이 가능하고 CCTV도 꼼꼼히 설치돼 있어서 보관해둔 물건이 안심되더라구요~~ 실제로 이용해보니까 내부도 깔끔하고 냄새나 먼지도 없어서 관리가 잘 된 느낌이었어요 :) 직원분 설명도 친절해서 처음 사용하는 사람도 어렵지 않게 쓸 수 있었답니다. 짐 많을 때나 계절 옷 보관할 때 진짜 유용한 서비스라서 추천드려요!!,2025-10-16 12:51
izzy K,1,파는 것만 집중하고 관리가 안됨. 고객센터는 전화해도 연결이 안된다고 전화 끊어버리고 카톡은 문의남기면 빨라야 다음날 답이 옴. 고객센터 연결되어도 머 좀 물어보려면 용건만 말하라고 재촉함,2025-10-15 9:19
김현수,1,"진짜 너무 불편합니다 이용할 때는 좋지만, 이용종료할 때 너무 불편하네요.",2025-10-04 16:09
니서,1,"고객센터 전화 연결은 절대 불가능하며, 카톡 상담 정말 매우 매우 느림. 아침 9시36분부터 두 시간을 넘게 체류하며 상담을 시도했으나 해결되지 않았고 지들 밥 처먹으러 갈 시간은 칼같이 지킴. 평일 점심을 호화롭게 차려드시는지 점심시간에 걸린 문의는 오후 2시30분이 넘어서야 형식적인 답변을 수 있었음. 만약 당신이 물건을 보관한 상태에서 누군가 단순 장난이나 앙심으로 제어기기를 분리한다면, 그대로 며칠을 묶여서 손가락만 빨아야 하는 혁신적인 운영품질을 자랑합니다. 시설 온도관리는 잘 되므로 10만원을 넘게 내고 에어칸 바람이 쐬고싶은 사람에게 추천합니다.",2025-09-17 10:18
eckbert Löwe,1,"역사상 최악의 로그인 과정 5시간동안 해결되지않는 카카오톡 상담, 전화는 지들 멋대로 1분도 안되서 끊고 이거 쓰다가 화병으로 죽을바에야 걍 집 더럽게 살고말겠습니다",2025-09-03 15:13
k YA,1,속초점 주차장도 없이 창고만 만들어두면 이걸 어떻게 씁니까 무거운짐 보관하려고 다락쓰는건데,2025-08-23 10:37
김영중,1,짜증납니다 .한시간째 물건못찾고있음 주차비는계속나가구 너무불편하게되있음,2025-08-23 6:47
Chaejin Lee,1,당췌 고객센터운영외시간에 사용하려면 도어락이 열리지를않음,2025-08-21 7:27
Mike Heo,1,"모바일 시대에 비싼 가격이지만 편리함 하나로 창고 사용중인데 지하 GPS 안터지면 출입불가, NFC도 인식안되고 고객센터는 일과시간만 운영... 내짐이 내것이 아님 !! 일년전 건의했지만 달라진거 없음. 짐 빼겠음.",2025-07-07 22:47
이재헌,5,집 공간 활용도가 많아져서 좋아요 시설도 깨끗하고 계속 사용하고있어요,2025-06-23 16:25
김윤규,5,다락 어플 사용해보니 편리하고 좋아요 지점찾기 편하고 투어까지! 추천합니다,2025-06-23 16:25
장인해선,5,좋음 가까운데 지점 생겼으면 좋겠음,2025-06-23 16:24
록타이트,5,이런 서비스 좋네요,2025-06-23 11:07
최진욱,5,다락 공유창고 잘 사용하고 있습니다~,2025-06-09 12:28
김동건 (Dustin),5,출입 편하고 온습도 조정 잘되고 있어서 안심하고 씁니다,2025-06-09 12:28
Dante P,1,"UIUX가 처음 이용하는 사람도 이해하기 쉽게 잘 구성되어 있고, 전체적인 앱 구조도 명확해서 기본적인 사용에는 어려움이 없었습니다. 다만, 자동 연장만 가능하고 원하는 날짜에 예약만 하는 기능은 제공되지 않아 아쉬웠습니다. 방문 전 사전 확인 제도가 있다고는 하나, 관련 안내가 구체적으로 제공되지 않아 혼란이 있었고, 초기에 비밀번호 설정이나 이용 방법에 대한 안내도 없어 처음 접속하는 사용자 입장에서 진입 장벽이 높았습니다. 상담 과정에서도 “초기 비밀번호가 왜 기억 안 나냐”는 식의 태도로 응대받아 기본적인 고객 대응이 부족하다는 인상을 받았습니다. 유선으로 10회 이상 시도했으나 연결되지 않았고, 채팅 상담은 첫 응답까지 16분 이상 소요되어 예약자 정보를 캡처해서 전달했음에도 불구하고 문제 해결보다는 회피하려는 모습이 느껴졌고, 위탁 운영이라면 관리 미비가, 인하우스 운영이라면 기업의 기본인 cs가 무너져 있는게 안타까웠습니다.",2025-06-01 18:07
김귀석,5,좀전에 실수로 짐과 같이 핸드폰을 두고 나왔는데 폰이없어 다시 들어갈방법이 없어요ㅠㅠ,2025-06-01 14:29
